team,map_name,pistol_round_win_rate,n_pistol_rounds,ct_win_rate,n_ct_rounds,t_win_rate,n_t_rounds
-72c,Ancient,0.4090909090909091,22,0.49122807017543857,114,0.36607142857142855,112
-72c,Anubis,0.45454545454545453,22,0.3592233009708738,103,0.4649122807017544,114
-72c,Dust2,0.3888888888888889,18,0.3888888888888889,90,0.6276595744680851,94
-72c,Inferno,0.5,2,0.16666666666666666,12,0.4,5
-72c,Mirage,0.6111111111111112,18,0.47,100,0.5609756097560976,82
-72c,Nuke,0.0,2,0.4166666666666667,12,0.4,10
100PG,Ancient,0.5,2,0.6666666666666666,12,0.7142857142857143,7
100PG,Dust2,1.0,2,0.3333333333333333,9,0.4166666666666667,12
100PG,Mirage,1.0,2,0.4166666666666667,12,0.7272727272727273,11
1ADL,Ancient,0.5,6,0.41935483870967744,31,0.6,35
1ADL,Anubis,1.0,2,0.3,10,0.5,12
1ADL,Inferno,0.5,2,0.16666666666666666,12,0.6666666666666666,9
1ADL,Mirage,0.5,4,0.4583333333333333,24,0.6086956521739131,23
1ADL,Nuke,1.0,4,0.625,24,0.7333333333333333,15
1DayHeroes,Ancient,0.5,2,0.5,12,0.4166666666666667,12
1DayHeroes,Anubis,0.75,4,0.25,24,0.3333333333333333,12
1DayHeroes,Inferno,0.5,6,0.3055555555555556,36,0.6666666666666666,21
1DayHeroes,Mirage,0.25,4,0.375,24,0.3888888888888889,18
1DayHeroes,Nuke,0.5,2,0.25,12,0.2,5
1DayHeroes,Overpass,0.5,2,0.375,8,0.3333333333333333,12
1DayHeroes,Train,0.5,2,0.5833333333333334,12,0.3333333333333333,12
1WIN NA,Ancient,0.0,2,0.16666666666666666,12,0.0,3
1WIN NA,Anubis,0.5,2,0.25,8,0.4166666666666667,12
1WIN NA,Dust2,0.5,2,0.16666666666666666,12,0.0,3
1WIN NA,Mirage,0.5,2,0.42857142857142855,7,0.25,12
1win,Ancient,0.5178571428571429,56,0.4371069182389937,318,0.5054151624548736,277
1win,Anubis,0.46153846153846156,26,0.35664335664335667,143,0.6417910447761194,134
1win,Dust2,0.5566037735849056,106,0.5525210084033614,476,0.5718901453957996,619
1win,Inferno,0.4791666666666667,48,0.5058365758754864,257,0.609375,256
1win,Mirage,0.5909090909090909,66,0.5470085470085471,351,0.4970588235294118,340
1win,Nuke,0.6,10,0.43333333333333335,60,0.4,40
1win,Overpass,0.2222222222222222,18,0.5392156862745098,102,0.3,90
1win,Train,0.5178571428571429,56,0.5704918032786885,305,0.47278911564625853,294
2070,Ancient,0.4166666666666667,24,0.6106194690265486,113,0.41134751773049644,141
2070,Anubis,0.5454545454545454,22,0.464,125,0.5,122
2070,Dust2,0.4375,16,0.3333333333333333,96,0.5211267605633803,71
2070,Inferno,0.4166666666666667,12,0.45454545454545453,44,0.4583333333333333,72
2070,Mirage,0.2857142857142857,14,0.28169014084507044,71,0.4411764705882353,68
2070,Nuke,0.5454545454545454,22,0.4793388429752066,121,0.46218487394957986,119
2070,Train,0.0,2,0.16666666666666666,12,0.0,3
28AvgAge,Ancient,0.8333333333333334,6,0.4722222222222222,36,0.5882352941176471,34
28AvgAge,Dust2,1.0,2,0.8,5,0.75,12
28AvgAge,Inferno,0.0,4,0.4166666666666667,24,0.3888888888888889,18
2GAME,Anubis,0.43333333333333335,30,0.5508982035928144,167,0.5138888888888888,144
2GAME,Dust2,0.5,50,0.5737704918032787,244,0.525,280
2GAME,Inferno,0.36666666666666664,30,0.4625,160,0.46206896551724136,145
2GAME,Mirage,0.5238095238095238,42,0.5311004784688995,209,0.4622222222222222,225
2GAME,Nuke,0.46,50,0.5035211267605634,284,0.43209876543209874,243
2GAME,Overpass,0.375,8,0.5348837209302325,43,0.43243243243243246,37
2GAME,Train,0.38235294117647056,34,0.5095541401273885,157,0.4336734693877551,196
3DMAX,Ancient,0.6018518518518519,108,0.4600326264274062,613,0.48872180451127817,532
3DMAX,Anubis,0.5142857142857142,70,0.4584450402144772,373,0.5451977401129944,354
3DMAX,Dust2,0.45555555555555555,90,0.4829787234042553,470,0.5168986083499006,503
3DMAX,Inferno,0.576271186440678,118,0.5051020408163265,588,0.5692771084337349,664
3DMAX,Nuke,0.43617021276595747,94,0.5641547861507128,491,0.4346076458752515,497
3DMAX,Overpass,0.3333333333333333,12,0.582089552238806,67,0.28125,64
3DMAX,Train,0.4583333333333333,24,0.6101694915254238,118,0.4626865671641791,134
3DMAX,Vertigo,0.5555555555555556,18,0.5164835164835165,91,0.514018691588785,107
3DMAX Academy,Dust2,0.75,4,0.47058823529411764,17,0.2916666666666667,24
3DMAX Academy,Mirage,0.0,2,0.25,12,0.0,4
3DMAX Academy,Train,0.5,2,0.25,12,0.2,5
4 EYEZ,Anubis,0.5,2,0.4166666666666667,12,0.5833333333333334,12
4 EYEZ,Dust2,0.5,6,0.6153846153846154,26,0.5,36
4 EYEZ,Mirage,0.5,2,0.5833333333333334,12,0.0,8
4 EYEZ,Nuke,0.5,2,0.75,12,0.16666666666666666,12
4 EYEZ,Train,0.75,4,0.4583333333333333,24,0.55,20
4ever cool,Dust2,0.0,2,0.16666666666666666,6,0.3333333333333333,12
4ever cool,Nuke,0.5,2,0.3333333333333333,12,0.5,10
4wb,Ancient,0.0,2,0.0,3,0.16666666666666666,12
500,Ancient,0.5,132,0.5167173252279635,658,0.5283540802213001,723
500,Anubis,0.4868421052631579,76,0.42280285035629456,421,0.5887096774193549,372
500,Dust2,0.4875,80,0.437219730941704,446,0.5208845208845209,407
500,Inferno,0.5408163265306123,98,0.5254237288135594,472,0.5688729874776386,559
500,Mirage,0.5223880597014925,134,0.5762195121951219,656,0.5033557046979866,745
500,Nuke,0.5,110,0.4975767366720517,619,0.423728813559322,531
500,Overpass,0.5294117647058824,34,0.5838509316770186,161,0.47058823529411764,204
500,Train,0.0,2,0.4166666666666667,12,0.0,6
500 Rush,Ancient,0.5,4,0.3333333333333333,24,0.5,20
500 Rush,Dust2,0.5,2,0.4166666666666667,12,0.5,12
500 Rush,Mirage,0.8333333333333334,6,0.45161290322580644,31,0.53125,32
500 Rush,Nuke,0.5,6,0.5333333333333333,30,0.5142857142857142,35
5balls,Dust2,0.0,2,0.5,12,0.5,12
5balls,Mirage,0.5,2,0.08333333333333333,12,0.6,5
5balls,Train,1.0,2,1.0,3,0.8333333333333334,12
777,Ancient,0.5,4,0.25,24,0.2727272727272727,11
777,Anubis,0.5,8,0.4444444444444444,36,0.4791666666666667,48
777,Inferno,0.625,8,0.3488372093023256,43,0.7272727272727273,44
777,Nuke,0.0,2,0.2727272727272727,11,0.5833333333333334,12
777,Train,0.6666666666666666,6,0.42857142857142855,35,0.5833333333333334,36
888aura,Ancient,0.75,4,0.6111111111111112,18,0.5416666666666666,24
888aura,Dust2,0.0,2,0.5833333333333334,12,0.4166666666666667,12
888aura,Mirage,0.5,4,0.75,16,0.4166666666666667,24
888aura,Nuke,1.0,2,0.5,12,0.3,10
888aura,Overpass,0.0,2,0.75,12,0.5714285714285714,7
888aura,Train,0.5,2,0.4166666666666667,12,0.0,6
8Sins,Ancient,0.42857142857142855,14,0.5833333333333334,84,0.45161290322580644,62
8Sins,Anubis,0.7142857142857143,14,0.4647887323943662,71,0.589041095890411,73
8Sins,Dust2,0.5,2,0.5,12,0.2222222222222222,9
8Sins,Inferno,0.25,16,0.44285714285714284,70,0.5425531914893617,94
8Sins,Mirage,0.6666666666666666,6,0.5833333333333334,36,0.6206896551724138,29
8Sins,Nuke,0.4,20,0.4148936170212766,94,0.49038461538461536,104
8Sins,Overpass,0.5,4,0.4166666666666667,24,0.42105263157894735,19
8Sins,Train,0.4,10,0.37254901960784315,51,0.4339622641509434,53
9 Pandas,Ancient,0.4857142857142857,70,0.4758269720101781,393,0.5164179104477612,335
9 Pandas,Anubis,0.4791666666666667,48,0.38967136150234744,213,0.5845070422535211,284
9 Pandas,Dust2,0.5108695652173914,92,0.5295454545454545,440,0.5459662288930581,533
9 Pandas,Inferno,0.5238095238095238,42,0.5695652173913044,230,0.5128205128205128,195
9 Pandas,Mirage,0.5138888888888888,72,0.5340314136125655,382,0.5082872928176796,362
9 Pandas,Nuke,0.5729166666666666,96,0.5795454545454546,440,0.5295238095238095,525
9 Pandas,Train,0.5,2,0.5,12,0.7,10
9BOOMPRO,Ancient,0.3333333333333333,6,0.4166666666666667,36,0.3793103448275862,29
9BOOMPRO,Dust2,0.875,8,0.5945945945945946,37,0.5714285714285714,42
9BOOMPRO,Inferno,0.25,4,0.7333333333333333,15,0.3333333333333333,24
9BOOMPRO,Mirage,0.25,4,0.4,20,0.36363636363636365,22
9BOOMPRO,Nuke,0.6666666666666666,6,0.875,24,0.5,36
9BOOMPRO,Overpass,0.5,2,0.5555555555555556,9,0.6666666666666666,12
9INE,Ancient,0.5136986301369864,146,0.46938775510204084,784,0.5452091767881242,741
9INE,Anubis,0.4891304347826087,92,0.43227091633466136,502,0.565843621399177,486
9INE,Dust2,0.44680851063829785,94,0.4556701030927835,485,0.4683257918552036,442
9INE,Inferno,0.4909090909090909,110,0.4954954954954955,555,0.5397923875432526,578
9INE,Nuke,0.41044776119402987,134,0.5085865257595773,757,0.4830028328611898,706
9INE,Overpass,0.2,10,0.44,50,0.5849056603773585,53
9INE,Train,0.6129032258064516,62,0.6209386281588448,277,0.4638888888888889,360
9INE,Vertigo,0.5526315789473685,38,0.5555555555555556,171,0.5673076923076923,208
9INE Academy,Mirage,0.5,2,0.625,8,0.16666666666666666,12
9INE Academy,Nuke,0.0,2,0.3333333333333333,12,0.5,10
9z,Ancient,0.5526315789473685,38,0.4898989898989899,198,0.526595744680851,188
9z,Anubis,0.625,8,0.2,35,0.5,48
9z,Dust2,0.5384615384615384,52,0.49372384937238495,239,0.5749128919860628,287
9z,Inferno,0.625,32,0.5754189944134078,179,0.5037593984962406,133
9z,Mirage,0.4642857142857143,28,0.4444444444444444,144,0.5454545454545454,132
9z,Nuke,0.5166666666666667,60,0.5496688741721855,302,0.5102639296187683,341
9z,Overpass,0.25,4,0.45,20,0.6666666666666666,24
9z,Train,0.45,20,0.6173913043478261,115,0.42105263157894735,114
9z Academy,Ancient,0.75,8,0.4791666666666667,48,0.5217391304347826,23
9z Academy,Anubis,0.5,6,0.3333333333333333,30,0.6538461538461539,26
9z Academy,Inferno,0.6,10,0.49122807017543857,57,0.5531914893617021,47
9z Academy,Mirage,0.5,8,0.4857142857142857,35,0.6875,48
9z Academy,Nuke,0.5,4,0.2916666666666667,24,0.55,20
9z Academy,Train,0.0,2,0.0,3,0.16666666666666666,12
9z Academy,Vertigo,1.0,2,0.4166666666666667,12,0.6666666666666666,12
ADEPTS,Ancient,0.375,8,0.35,40,0.4594594594594595,37
ADEPTS,Anubis,0.25,4,0.4583333333333333,24,0.1875,16
ADEPTS,Inferno,0.25,8,0.21212121212121213,33,0.3333333333333333,39
ADEPTS,Nuke,0.25,4,0.6666666666666666,24,0.4090909090909091,22
ADEPTS,Vertigo,0.5,4,0.4,15,0.2916666666666667,24
AGRICOLA,Ancient,0.5,2,0.5,12,0.36363636363636365,11
AGRICOLA,Nuke,0.5,2,0.4,5,0.16666666666666666,12
AK BARS,Ancient,0.375,8,0.6041666666666666,48,0.3783783783783784,37
AK BARS,Dust2,0.3333333333333333,6,0.43333333333333335,30,0.45714285714285713,35
AK BARS,Mirage,0.4166666666666667,12,0.5614035087719298,57,0.5,68
AK BARS,Nuke,0.75,4,0.25,24,0.4666666666666667,15
AKA HERO KAJO,Ancient,0.3,10,0.5666666666666667,60,0.425531914893617,47
AKA HERO KAJO,Dust2,0.625,8,0.4375,48,0.6060606060606061,33
AKA HERO KAJO,Inferno,0.5,6,0.3055555555555556,36,0.59375,32
AKA HERO KAJO,Mirage,0.5,4,0.2916666666666667,24,0.5555555555555556,18
AKA HERO KAJO,Nuke,0.5,16,0.4342105263157895,76,0.5625,96
AKA HERO KAJO,Train,0.25,8,0.3448275862068966,29,0.4166666666666667,48
ALASKA,Ancient,0.5,24,0.5794392523364486,107,0.5070422535211268,142
ALASKA,Anubis,0.4166666666666667,24,0.35294117647058826,119,0.5147058823529411,136
ALASKA,Dust2,0.625,8,0.4166666666666667,48,0.6296296296296297,27
ALASKA,Inferno,0.375,16,0.4222222222222222,90,0.35135135135135137,74
ALASKA,Mirage,0.5,8,0.4166666666666667,48,0.5,30
ALASKA,Nuke,0.5454545454545454,22,0.5851063829787234,94,0.515625,128
ALASKA,Train,0.5625,16,0.6103896103896104,77,0.34782608695652173,92
ALGO,Ancient,0.5714285714285714,14,0.36065573770491804,61,0.379746835443038,79
ALGO,Anubis,0.5,2,0.3333333333333333,12,0.5454545454545454,11
ALGO,Dust2,0.25,4,0.47368421052631576,19,0.5,20
ALGO,Inferno,0.5,12,0.3870967741935484,62,0.4714285714285714,70
ALGO,Mirage,0.375,8,0.42857142857142855,21,0.375,48
ALGO,Nuke,0.0,6,0.2222222222222222,27,0.3076923076923077,26
ALGO,Overpass,0.5,6,0.41379310344827586,29,0.4166666666666667,36
ALGO,Train,0.4166666666666667,12,0.46551724137931033,58,0.5789473684210527,57
ALLINNERS,Ancient,0.5,14,0.5555555555555556,72,0.4375,80
ALLINNERS,Anubis,0.25,4,0.30434782608695654,23,0.5833333333333334,24
ALLINNERS,Dust2,0.5,24,0.5660377358490566,106,0.5777777777777777,135
ALLINNERS,Inferno,0.375,8,0.4583333333333333,48,0.46808510638297873,47
ALLINNERS,Mirage,0.6111111111111112,18,0.5192307692307693,104,0.39285714285714285,84
ALLINNERS,Nuke,0.25,4,0.3684210526315789,19,0.631578947368421,19
ALTERNATE aTTaX,Ancient,0.36764705882352944,68,0.46272493573264784,389,0.5015479876160991,323
ALTERNATE aTTaX,Anubis,0.5365853658536586,82,0.47392290249433106,441,0.5412844036697247,436
ALTERNATE aTTaX,Dust2,0.6190476190476191,42,0.4883720930232558,215,0.538135593220339,236
ALTERNATE aTTaX,Inferno,0.5370370370370371,54,0.4659090909090909,264,0.525974025974026,308
ALTERNATE aTTaX,Mirage,0.5,26,0.47435897435897434,156,0.4,110
ALTERNATE aTTaX,Nuke,0.5,6,0.6944444444444444,36,0.4444444444444444,18
ALTERNATE aTTaX,Train,0.5,2,0.8,10,0.4166666666666667,12
ALTERNATE aTTaX,Vertigo,0.5714285714285714,28,0.4896551724137931,145,0.4965034965034965,143
ALZON,Dust2,1.0,2,0.25,12,0.3333333333333333,6
ALZON,Mirage,0.5,2,0.25,12,0.0,4
ALZON,Overpass,0.5,4,0.4166666666666667,12,0.20833333333333334,24
AM,Ancient,0.5714285714285714,14,0.43548387096774194,62,0.6341463414634146,82
AM,Dust2,0.3333333333333333,6,0.52,25,0.5588235294117647,34
AM,Inferno,0.6666666666666666,6,0.3888888888888889,36,0.32,25
AM,Mirage,0.4,10,0.6166666666666667,60,0.46938775510204084,49
AM,Nuke,0.5,6,0.6666666666666666,36,0.2571428571428571,35
AM,Overpass,0.5,2,0.25,8,0.4166666666666667,12
AMKAL,Ancient,0.42063492063492064,126,0.4444444444444444,630,0.5028901734104047,692
AMKAL,Anubis,0.3695652173913043,46,0.37850467289719625,214,0.4981132075471698,265
AMKAL,Dust2,0.4846153846153846,130,0.5044642857142857,672,0.5363128491620112,716
AMKAL,Inferno,0.6060606060606061,66,0.5,296,0.5526315789473685,380
AMKAL,Mirage,0.5303030303030303,66,0.5481283422459893,374,0.4804804804804805,333
AMKAL,Nuke,0.4090909090909091,22,0.5,110,0.4827586206896552,116
AMKAL,Overpass,0.4444444444444444,18,0.6203703703703703,108,0.3764705882352941,85
AMKAL,Train,0.5,26,0.5705128205128205,156,0.5267857142857143,112
AMKAL,Vertigo,0.4444444444444444,18,0.49473684210526314,95,0.51,100
ANTARCTICA,Anubis,0.5,2,0.3333333333333333,12,0.5,10
ANTARCTICA,Inferno,0.5,2,0.08333333333333333,12,0.3333333333333333,3
ARAVT,Ancient,0.0,2,0.5833333333333334,12,0.4166666666666667,12
ARAVT,Anubis,0.0,2,0.25,12,0.2,5
ARAVT,Mirage,0.5,2,0.2727272727272727,11,0.5833333333333334,12
ARCRED,Ancient,0.5,70,0.40458015267175573,393,0.5189504373177842,343
ARCRED,Anubis,0.5294117647058824,34,0.5300546448087432,183,0.5,178
ARCRED,Dust2,0.5833333333333334,24,0.4166666666666667,132,0.5862068965517241,116
ARCRED,Inferno,0.5535714285714286,56,0.453125,320,0.5,274
ARCRED,Mirage,0.4861111111111111,72,0.5558510638297872,376,0.5139949109414759,393
ARCRED,Nuke,0.4375,32,0.47674418604651164,172,0.40853658536585363,164
ARCRED,Overpass,0.375,8,0.42857142857142855,42,0.42857142857142855,42
ARCRED,Train,0.44285714285714284,70,0.5970149253731343,335,0.4534313725490196,408
ARCRED,Vertigo,0.0,2,0.75,12,0.25,12
ASPYRE,Ancient,0.5,12,0.45614035087719296,57,0.4857142857142857,70
ASPYRE,Dust2,0.625,8,0.5,48,0.5135135135135135,37
ASPYRE,Inferno,0.6,20,0.5492957746478874,71,0.48333333333333334,120
ASPYRE,Mirage,0.75,8,0.6875,48,0.6333333333333333,30
ASPYRE,Overpass,0.5,2,0.4166666666666667,12,0.14285714285714285,7
ASPYRE,Train,0.375,8,0.38461538461538464,39,0.38095238095238093,42
ASTRAL,Ancient,0.5,2,0.8333333333333334,12,0.25,12
ASTRAL,Dust2,0.25,4,0.375,24,0.5,22
ASTRAL,Mirage,0.5,2,0.5833333333333334,12,0.2,10
ASTRAL,Nuke,0.0,2,0.8333333333333334,12,0.42857142857142855,7
ASTRAL,Train,0.5,2,0.75,12,0.8,5
ATOMIK,Dust2,0.0,2,0.0,2,0.08333333333333333,12
ATOX,Ancient,0.5185185185185185,54,0.5055350553505535,271,0.5555555555555556,288
ATOX,Anubis,0.5625,32,0.47333333333333333,150,0.5520833333333334,192
ATOX,Dust2,0.4642857142857143,28,0.4866666666666667,150,0.5099337748344371,151
ATOX,Inferno,0.5925925925925926,54,0.58984375,256,0.5758620689655173,290
ATOX,Mirage,0.5714285714285714,14,0.35714285714285715,84,0.5285714285714286,70
ATOX,Nuke,0.5,44,0.6177777777777778,225,0.5555555555555556,207
ATOX,Train,0.5,2,0.9166666666666666,12,0.5,4
ATOX,Vertigo,1.0,2,0.4166666666666667,12,0.6666666666666666,12
AVEZ,Anubis,0.5,2,0.3333333333333333,12,0.5833333333333334,12
AVEZ,Mirage,0.5,2,0.5,12,0.4166666666666667,12
AaB,Ancient,0.5555555555555556,36,0.5195530726256983,179,0.4512820512820513,195
AaB,Anubis,0.6,10,0.46153846153846156,52,0.54,50
AaB,Dust2,0.25,4,0.375,24,0.3888888888888889,18
AaB,Inferno,0.45,40,0.5652173913043478,184,0.4194915254237288,236
AaB,Mirage,0.5,22,0.4621212121212121,132,0.49074074074074076,108
AaB,Nuke,0.4642857142857143,28,0.4339622641509434,159,0.3739130434782609,115
AaB,Overpass,0.2857142857142857,14,0.4868421052631579,76,0.39436619718309857,71
AaB,Train,0.25,4,0.375,24,0.15384615384615385,13
Abyss,Anubis,0.0,2,0.3333333333333333,12,0.0,5
Abyss,Mirage,0.0,2,0.25,12,0.0,4
Adventurers,Ancient,0.45454545454545453,22,0.42276422764227645,123,0.5043478260869565,115
Adventurers,Anubis,1.0,4,0.875,8,0.7916666666666666,24
Adventurers,Dust2,0.6666666666666666,12,0.5652173913043478,69,0.6153846153846154,52
Adventurers,Mirage,0.5833333333333334,24,0.47580645161290325,124,0.42028985507246375,138
Adventurers,Nuke,0.6875,16,0.5116279069767442,86,0.5588235294117647,68
Adventurers,Train,0.625,8,0.4583333333333333,48,0.4883720930232558,43
Aether,Ancient,0.3,10,0.49019607843137253,51,0.45614035087719296,57
Aether,Anubis,0.4166666666666667,12,0.23529411764705882,51,0.582089552238806,67
Aether,Dust2,0.425,40,0.5081967213114754,183,0.5,228
Aether,Inferno,0.3181818181818182,22,0.44660194174757284,103,0.4608695652173913,115
Aether,Mirage,0.4722222222222222,36,0.4803921568627451,204,0.44,175
Aether,Nuke,0.42857142857142855,14,0.44,75,0.4305555555555556,72
Aether,Overpass,0.6666666666666666,6,0.4166666666666667,36,0.6666666666666666,21
Aether,Train,0.25,20,0.5048543689320388,103,0.43859649122807015,114
Aetheris,Ancient,0.1875,16,0.36585365853658536,82,0.4,80
Aetheris,Anubis,0.6666666666666666,12,0.43859649122807015,57,0.6764705882352942,68
Aetheris,Dust2,0.5,4,0.6,15,0.375,24
Aetheris,Mirage,0.25,8,0.45714285714285713,35,0.3958333333333333,48
Aetheris,Nuke,1.0,4,0.391304347826087,23,0.5263157894736842,19
Afundacao,Mirage,0.5,2,0.2,5,0.25,12
Afundacao,Nuke,0.0,2,0.3333333333333333,12,0.2857142857142857,7
Aga Peek,Ancient,0.5,2,0.9166666666666666,12,0.5,4
Aga Peek,Dust2,0.75,4,0.5,24,0.38461538461538464,13
Aga Peek,Inferno,1.0,2,0.5,12,0.3,10
Aga Peek,Mirage,0.5,4,0.5,20,0.5652173913043478,23
Agency,Ancient,0.5,2,0.6666666666666666,9,0.16666666666666666,12
Agency,Inferno,0.5,2,0.5833333333333334,12,0.2727272727272727,11
AimerLegion,Nuke,0.5,2,0.0,5,0.3333333333333333,12
AimerLegion,Train,0.0,2,0.25,12,0.0,4
Akimbo,Ancient,0.475,40,0.5117370892018779,213,0.47641509433962265,212
Akimbo,Anubis,0.4,30,0.46153846153846156,130,0.5757575757575758,165
Akimbo,Dust2,0.5769230769230769,26,0.44285714285714284,140,0.4028776978417266,139
Akimbo,Inferno,0.4166666666666667,12,0.3793103448275862,58,0.40625,64
Akimbo,Mirage,0.4827586206896552,58,0.5017543859649123,285,0.4872611464968153,314
Akimbo,Nuke,0.38235294117647056,34,0.4371584699453552,183,0.4090909090909091,176
Akimbo,Overpass,0.5,4,0.4166666666666667,24,0.6086956521739131,23
Akimbo,Train,0.3333333333333333,6,0.5789473684210527,19,0.3055555555555556,36
Akimbo,Vertigo,0.0,2,0.5,12,0.5,12
Akimbo LITE,Ancient,1.0,2,0.5,12,0.5,12
Akimbo LITE,Mirage,0.5,2,0.0,6,0.4166666666666667,12
Akimbo LITE,Nuke,0.0,2,0.3333333333333333,12,0.16666666666666666,6
Akuma,Ancient,1.0,4,0.5294117647058824,17,0.7727272727272727,22
Akuma,Anubis,0.375,8,0.3333333333333333,39,0.4634146341463415,41
Akuma,Dust2,0.3333333333333333,6,0.40625,32,0.36666666666666664,30
Akuma,Mirage,0.5,8,0.6428571428571429,28,0.4782608695652174,46
Akuma,Nuke,0.5,2,0.16666666666666666,12,0.6666666666666666,9
Akuma,Train,1.0,2,0.16666666666666666,12,0.6666666666666666,9
Al-Ittihad,Ancient,0.3333333333333333,6,0.2903225806451613,31,0.5806451612903226,31
Al-Ittihad,Anubis,0.3333333333333333,6,0.42857142857142855,35,0.5,30
Al-Ittihad,Dust2,0.25,4,0.5714285714285714,21,0.5416666666666666,24
Al-Ittihad,Inferno,0.3333333333333333,6,0.47058823529411764,34,0.5,24
Al-Ittihad,Mirage,0.0,2,0.08333333333333333,12,0.0,2
Al-Ittihad,Nuke,1.0,2,0.8333333333333334,12,1.0,3
Alliance,Ancient,0.46825396825396826,126,0.5,664,0.5386949924127465,659
Alliance,Anubis,0.47058823529411764,68,0.46439628482972134,323,0.5340314136125655,382
Alliance,Dust2,0.33620689655172414,116,0.4628482972136223,646,0.47761194029850745,536
Alliance,Inferno,0.5426829268292683,164,0.5151898734177215,790,0.5563991323210412,922
Alliance,Mirage,0.38461538461538464,26,0.528169014084507,142,0.39436619718309857,142
Alliance,Nuke,0.5377358490566038,106,0.48788927335640137,578,0.5219885277246654,523
Alliance,Overpass,0.3076923076923077,26,0.4533333333333333,150,0.4594594594594595,148
Alliance,Train,0.5222222222222223,90,0.62877030162413,431,0.4279918864097363,493
Alliance,Vertigo,0.5909090909090909,22,0.5166666666666667,120,0.4444444444444444,117
Alter Ego,Ancient,0.5833333333333334,12,0.4852941176470588,68,0.532258064516129,62
Alter Ego,Anubis,0.625,8,0.6666666666666666,33,0.5555555555555556,45
Alter Ego,Dust2,0.25,8,0.5454545454545454,44,0.48484848484848486,33
Alter Ego,Inferno,0.0,2,0.5,12,0.3,10
Alter Ego,Mirage,0.6666666666666666,12,0.6610169491525424,59,0.5079365079365079,63
Alter Ego,Nuke,0.375,8,0.7073170731707317,41,0.40625,32
Alter Iron,Ancient,0.6666666666666666,12,0.4375,64,0.3333333333333333,54
Alter Iron,Anubis,0.5,20,0.45217391304347826,115,0.574468085106383,94
Alter Iron,Dust2,0.4166666666666667,12,0.3508771929824561,57,0.5076923076923077,65
Alter Iron,Inferno,0.5,6,0.3181818181818182,22,0.5555555555555556,36
Alter Iron,Mirage,0.625,8,0.20930232558139536,43,0.6190476190476191,42
Alter Iron,Nuke,0.5,10,0.32,50,0.5,50
Alter Iron,Train,0.16666666666666666,6,0.43333333333333335,30,0.27586206896551724,29
Amped Red,Anubis,0.0,2,0.4444444444444444,9,0.3333333333333333,12
Amped Red,Mirage,0.5,2,0.14285714285714285,7,0.4166666666666667,12
América,Ancient,0.6666666666666666,6,0.5555555555555556,36,0.2631578947368421,19
América,Anubis,0.4,10,0.4,40,0.4,60
América,Dust2,0.4166666666666667,12,0.39705882352941174,68,0.42592592592592593,54
América,Inferno,0.3333333333333333,24,0.3627450980392157,102,0.460431654676259,139
América,Mirage,0.25,4,0.2916666666666667,24,0.5,16
América,Nuke,0.4444444444444444,18,0.4536082474226804,97,0.5445544554455446,101
América,Train,0.5,8,0.3125,48,0.5217391304347826,23
Animus Victoria,Ancient,0.75,4,0.5294117647058824,17,0.6086956521739131,23
Animus Victoria,Anubis,0.5,4,0.5294117647058824,17,0.6666666666666666,24
Animus Victoria,Dust2,0.5,6,0.2777777777777778,36,0.35,20
Animus Victoria,Inferno,0.5,6,0.5714285714285714,28,0.3333333333333333,36
Animus Victoria,Mirage,0.4090909090909091,22,0.5163934426229508,122,0.45217391304347826,115
Animus Victoria,Nuke,0.625,8,0.4583333333333333,48,0.625,32
Animus Victoria,Overpass,0.25,8,0.4838709677419355,31,0.3125,48
Animus Victoria,Train,0.8,10,0.5185185185185185,54,0.3898305084745763,59
Anonymo,Ancient,0.5357142857142857,84,0.4923469387755102,392,0.4855371900826446,484
Anonymo,Anubis,0.5666666666666667,30,0.4327485380116959,171,0.5833333333333334,156
Anonymo,Dust2,0.625,32,0.43352601156069365,173,0.49444444444444446,180
Anonymo,Mirage,0.38095238095238093,42,0.391304347826087,230,0.4427860696517413,201
Anonymo,Nuke,0.5238095238095238,42,0.4152542372881356,236,0.44387755102040816,196
Anonymo,Train,0.5,6,0.7575757575757576,33,0.3333333333333333,33
Anonymo,Vertigo,0.3333333333333333,6,0.27586206896551724,29,0.3333333333333333,27
Anti-Eco Club,Ancient,0.16666666666666666,6,0.34782608695652173,23,0.4444444444444444,27
Anti-Eco Club,Dust2,0.5,2,0.6,10,0.5833333333333334,12
Anti-Eco Club,Inferno,0.0,2,0.4166666666666667,12,0.14285714285714285,7
Anti-Eco Club,Mirage,0.3333333333333333,6,0.42857142857142855,28,0.42857142857142855,35
Anti-Eco Club,Nuke,0.5,2,0.4166666666666667,12,0.45454545454545453,11
AntiW,Ancient,0.0,2,0.4166666666666667,12,0.25,8
AntiW,Train,0.5,2,0.5833333333333334,12,0.4166666666666667,12
AntyDPM,Ancient,0.5,2,0.25,12,0.5,8
AntyDPM,Anubis,0.5,2,0.25,12,0.6363636363636364,11
Arcade,Ancient,0.5,2,0.5714285714285714,7,0.16666666666666666,12
Arcade,Anubis,0.5,4,0.5,14,0.5833333333333334,24
Arcade,Dust2,0.75,4,0.5,24,0.4090909090909091,22
Arcade,Inferno,0.16666666666666666,6,0.35714285714285715,28,0.4722222222222222,36
Arcade,Mirage,0.75,8,0.7894736842105263,38,0.4473684210526316,38
Arcade,Nuke,0.5,8,0.5652173913043478,46,0.5106382978723404,47
Arf Squad fe,Dust2,0.5,2,0.5,12,1.0,7
Arf Squad fe,Inferno,0.5,2,0.25,12,0.75,12
Arf Squad fe,Mirage,0.5,2,0.8888888888888888,9,0.4166666666666667,12
Argentina,Ancient,1.0,2,0.6363636363636364,11,0.5,12
Argentina,Dust2,0.5,2,0.8333333333333334,12,0.75,4
Argentina,Inferno,0.75,4,0.21739130434782608,23,0.5789473684210527,19
Argentina,Mirage,1.0,2,1.0,4,0.75,12
Argentina fe,Ancient,0.0,2,0.3333333333333333,12,0.5833333333333334,12
Argentina fe,Anubis,0.5,2,0.2222222222222222,9,0.5,12
Argentina fe,Mirage,0.5,2,0.4166666666666667,12,0.25,8
Arrival Seven,Ancient,0.4,10,0.52,50,0.36666666666666664,60
Arrival Seven,Dust2,0.6666666666666666,6,0.47058823529411764,17,0.4722222222222222,36
Arrival Seven,Inferno,0.625,8,0.3157894736842105,38,0.6176470588235294,34
Arrival Seven,Mirage,0.3,10,0.4666666666666667,60,0.27906976744186046,43
Arrival Seven,Train,0.5,4,0.7083333333333334,24,0.42105263157894735,19
Arrow,Ancient,0.5,10,0.5666666666666667,60,0.6896551724137931,29
Arrow,Anubis,0.6666666666666666,12,0.5138888888888888,72,0.5813953488372093,43
Arrow,Dust2,0.5,2,0.5,12,0.36363636363636365,11
Arrow,Inferno,0.5,2,0.4166666666666667,12,0.4,10
Arrow,Mirage,0.5,4,0.8235294117647058,17,0.4583333333333333,24
Arrow,Nuke,0.5,4,0.47619047619047616,21,0.25,20
Astralis,Ancient,0.5294117647058824,68,0.551948051948052,308,0.5176151761517616,369
Astralis,Dust2,0.43478260869565216,46,0.376425855513308,263,0.4784688995215311,209
Astralis,Inferno,0.5227272727272727,88,0.5333333333333333,465,0.5020576131687243,486
Astralis,Mirage,0.5135135135135135,74,0.5125858123569794,437,0.4804804804804805,333
Astralis,Nuke,0.6309523809523809,84,0.6,415,0.484375,448
Astralis,Overpass,0.42857142857142855,14,0.48,75,0.4868421052631579,76
Astralis,Train,0.5833333333333334,24,0.6111111111111112,126,0.3821138211382114,123
Astralis,Vertigo,0.75,12,0.5166666666666667,60,0.5151515151515151,66
Astralis Talent,Ancient,0.5,44,0.4628099173553719,242,0.5840336134453782,238
Astralis Talent,Anubis,0.5,28,0.3422818791946309,149,0.6073619631901841,163
Astralis Talent,Dust2,0.42857142857142855,14,0.328125,64,0.44,75
Astralis Talent,Inferno,0.5454545454545454,44,0.48770491803278687,244,0.5504201680672269,238
Astralis Talent,Mirage,0.5,40,0.46835443037974683,237,0.4153846153846154,195
Astralis Talent,Nuke,0.5285714285714286,70,0.5460526315789473,304,0.5833333333333334,420
Astralis Talent,Train,0.5,12,0.5333333333333333,45,0.4722222222222222,72
Astralis Talent,Vertigo,0.5,14,0.5135135135135135,74,0.5303030303030303,66
Astralis W,Ancient,0.5,2,0.4166666666666667,12,0.0,6
Astralis W,Anubis,0.75,8,0.425531914893617,47,0.6222222222222222,45
Astralis W,Inferno,0.5,4,0.125,24,0.4444444444444444,9
Astralis W,Mirage,0.5,2,0.16666666666666666,12,0.4,5
Astralis W,Vertigo,0.75,8,0.47058823529411764,34,0.5116279069767442,43
Astrum,Ancient,0.5384615384615384,52,0.47491638795986624,299,0.4691358024691358,243
Astrum,Anubis,0.5833333333333334,12,0.4861111111111111,72,0.609375,64
Astrum,Inferno,0.59375,32,0.42105263157894735,190,0.6153846153846154,156
Astrum,Mirage,0.5740740740740741,54,0.5243445692883895,267,0.5610561056105611,303
Astrum,Nuke,0.42857142857142855,42,0.5420560747663551,214,0.4915254237288136,236
Astrum,Train,0.42592592592592593,54,0.5366795366795367,259,0.5111111111111111,315
Atrix,Ancient,0.5,12,0.4307692307692308,65,0.4117647058823529,51
Atrix,Dust2,0.4444444444444444,18,0.45263157894736844,95,0.4520547945205479,73
Atrix,Inferno,0.5,2,0.16666666666666666,12,0.625,8
Atrix,Mirage,0.6666666666666666,12,0.5135135135135135,37,0.5833333333333334,72
Atrix,Nuke,0.3333333333333333,6,0.7,30,0.5,36
Atrix,Train,0.5,4,0.5238095238095238,21,0.6818181818181818,22
Aura,Dust2,0.75,4,0.2857142857142857,21,0.5833333333333334,24
Aura,Mirage,0.5,4,0.20833333333333334,24,0.6470588235294118,17
Aura,Nuke,0.5,4,0.2916666666666667,24,0.4375,16
Aura,Overpass,1.0,2,0.6666666666666666,12,1.0,5
Aurora,Ancient,0.45121951219512196,82,0.4473684210526316,456,0.45524296675191817,391
Aurora,Anubis,0.5285714285714286,70,0.4576271186440678,354,0.5641025641025641,390
Aurora,Dust2,0.4838709677419355,62,0.4812680115273775,347,0.4820359281437126,334
Aurora,Inferno,0.5714285714285714,84,0.4922737306843267,453,0.5246305418719212,406
Aurora,Mirage,0.5277777777777778,144,0.5663956639566395,738,0.475765306122449,784
Aurora,Nuke,0.47959183673469385,98,0.5510597302504817,519,0.46830265848670755,489
Aurora,Overpass,0.7,10,0.6875,48,0.5166666666666667,60
Aurora,Train,0.4125,80,0.518324607329843,382,0.5064377682403434,466
Aurora Young Blud,Ancient,0.5285714285714286,70,0.5162162162162162,370,0.49604221635883905,379
Aurora Young Blud,Anubis,0.5,42,0.42452830188679247,212,0.5502183406113537,229
Aurora Young Blud,Dust2,0.38,50,0.44298245614035087,228,0.5270758122743683,277
Aurora Young Blud,Inferno,0.5,58,0.42662116040955633,293,0.5555555555555556,333
Aurora Young Blud,Mirage,0.453125,64,0.5701219512195121,328,0.5145348837209303,344
Aurora Young Blud,Nuke,0.625,8,0.4791666666666667,48,0.40540540540540543,37
Aurora Young Blud,Overpass,0.5,6,0.4666666666666667,30,0.45454545454545453,33
Aurora Young Blud,Train,0.5,2,0.5833333333333334,12,0.1111111111111111,9
Aurora Young Blud,Vertigo,0.43333333333333335,30,0.5819209039548022,177,0.4701492537313433,134
Australia fe,Anubis,0.5,2,0.4166666666666667,12,0.5833333333333334,12
Australia fe,Dust2,0.3333333333333333,6,0.4,35,0.3333333333333333,27
Australia fe,Inferno,0.6666666666666666,6,0.36363636363636365,22,0.5294117647058824,34
Australia fe,Mirage,1.0,4,0.7058823529411765,17,0.6666666666666666,21
Aware fe,Ancient,0.375,8,0.2571428571428571,35,0.5405405405405406,37
Aware fe,Anubis,0.3333333333333333,12,0.3559322033898305,59,0.3333333333333333,57
Aware fe,Inferno,0.5,2,0.3333333333333333,12,0.16666666666666666,6
Aware fe,Mirage,0.75,4,0.5,24,0.2222222222222222,18
B8,Ancient,0.48717948717948717,78,0.5483870967741935,403,0.5130023640661938,423
B8,Anubis,0.35714285714285715,28,0.36666666666666664,150,0.6015625,128
B8,Dust2,0.5172413793103449,58,0.5150602409638554,332,0.47038327526132406,287
B8,Inferno,0.515625,64,0.5390835579514824,371,0.5136986301369864,292
B8,Mirage,0.5673076923076923,104,0.5756302521008403,476,0.5628140703517588,597
B8,Nuke,0.5,40,0.5275229357798165,218,0.465,200
B8,Overpass,0.25,4,0.5,22,0.5,22
B8,Train,0.3333333333333333,12,0.6376811594202898,69,0.22641509433962265,53
BACKWHENEVER,Mirage,0.0,2,0.16666666666666666,12,0.5,6
BAKS,Ancient,0.0,2,0.16666666666666666,12,0.4,5
BAKS,Dust2,0.3333333333333333,6,0.41379310344827586,29,0.6111111111111112,36
BAKS,Inferno,0.25,4,0.5,24,0.3125,16
BAKS,Mirage,0.16666666666666666,6,0.5,36,0.5714285714285714,21
BAKS,Nuke,0.25,4,0.2,10,0.5416666666666666,24
BAKS,Train,0.5,2,0.7142857142857143,7,0.08333333333333333,12
BASEMENT BOYS,Ancient,0.5454545454545454,22,0.46788990825688076,109,0.5043478260869565,115
BASEMENT BOYS,Anubis,0.6666666666666666,6,0.5483870967741935,31,0.5277777777777778,36
BASEMENT BOYS,Dust2,0.5,4,0.4444444444444444,18,0.2727272727272727,22
BASEMENT BOYS,Inferno,0.5,2,0.5833333333333334,12,0.6666666666666666,9
BASEMENT BOYS,Mirage,0.4166666666666667,12,0.390625,64,0.38333333333333336,60
BASEMENT BOYS,Nuke,0.75,4,0.5,24,0.5454545454545454,22
BASEMENT BOYS,Train,0.4,10,0.5192307692307693,52,0.40816326530612246,49
BBBMBCBS,Ancient,1.0,2,0.75,12,1.0,4
BBBMBCBS,Anubis,0.5,4,0.3333333333333333,24,0.4117647058823529,17
BBBMBCBS,Dust2,0.0,2,0.0,3,0.16666666666666666,12
BBBMBCBS,Inferno,0.0,2,0.16666666666666666,12,0.0,3
BBBMBCBS,Nuke,0.375,8,0.47619047619047616,42,0.5,46
BBBMBCBS,Overpass,0.5,2,0.9166666666666666,12,0.08333333333333333,12
BC.Game,Ancient,0.5444444444444444,90,0.49078341013824883,434,0.5416666666666666,480
BC.Game,Anubis,0.5178571428571429,56,0.4119718309859155,284,0.5448275862068965,290
BC.Game,Dust2,0.4583333333333333,72,0.4776902887139108,381,0.5213032581453634,399
BC.Game,Inferno,0.5,44,0.5043859649122807,228,0.5042735042735043,234
BC.Game,Mirage,0.5392156862745098,102,0.5602294455066922,523,0.5046904315196998,533
BC.Game,Nuke,0.4411764705882353,34,0.5,204,0.48717948717948717,156
BC.Game,Overpass,0.5,8,0.5116279069767442,43,0.5121951219512195,41
BC.Game,Train,0.45454545454545453,22,0.5630252100840336,119,0.4818181818181818,110
BC.Game,Vertigo,0.5,2,0.4,5,0.16666666666666666,12
BDB,Ancient,0.5,2,0.3333333333333333,12,0.75,12
BDB,Dust2,0.5,4,0.8571428571428571,14,0.5833333333333334,24
BDB,Mirage,0.5,2,0.75,12,0.25,12
BEE,Ancient,0.375,8,0.3783783783783784,37,0.4375,48
BEE,Mirage,0.5,4,0.7058823529411765,17,0.4782608695652174,23
BEE,Nuke,0.5,2,0.25,12,0.42857142857142855,7
BESTIA,Ancient,0.5434782608695652,46,0.632,250,0.5209302325581395,215
BESTIA,Anubis,0.59375,32,0.5128205128205128,156,0.6172839506172839,162
BESTIA,Dust2,0.45652173913043476,46,0.5289256198347108,242,0.4959016393442623,244
BESTIA,Inferno,0.5652173913043478,46,0.5127118644067796,236,0.5284552845528455,246
BESTIA,Mirage,0.5576923076923077,52,0.5555555555555556,279,0.5762081784386617,269
BESTIA,Nuke,0.5,46,0.5267489711934157,243,0.4844961240310077,258
BESTIA,Overpass,0.5,2,0.9166666666666666,12,0.5,4
BESTIA Academy,Ancient,0.5,4,0.2727272727272727,11,0.5,24
BESTIA Academy,Anubis,0.0,2,0.14285714285714285,7,0.4166666666666667,12
BESTIA Academy,Nuke,0.0,4,0.13333333333333333,15,0.13333333333333333,15
BEZPRESSA,Ancient,0.5,2,0.6666666666666666,12,1.0,5
BEZPRESSA,Vertigo,1.0,2,0.4166666666666667,12,0.7272727272727273,11
BHOP,Anubis,1.0,2,0.6666666666666666,9,0.5833333333333334,12
BHOP,Vertigo,0.5,2,0.36363636363636365,11,0.75,12
BIG,Ancient,0.5735294117647058,68,0.5326797385620915,306,0.468586387434555,382
BIG,Anubis,0.4,10,0.4915254237288136,59,0.5111111111111111,45
BIG,Dust2,0.3793103448275862,58,0.5310344827586206,290,0.47297297297297297,296
BIG,Inferno,0.36363636363636365,44,0.3981042654028436,211,0.4698275862068966,232
BIG,Mirage,0.5487804878048781,82,0.5273159144893111,421,0.395,400
BIG,Nuke,0.4375,64,0.5270655270655271,351,0.42574257425742573,303
BIG,Overpass,0.6,10,0.5370370370370371,54,0.5535714285714286,56
BIG,Train,0.5416666666666666,24,0.6347826086956522,115,0.46153846153846156,130
BIG,Vertigo,0.5,8,0.4166666666666667,48,0.4878048780487805,41
BIG Academy,Anubis,0.5,8,0.625,48,0.525,40
BIG Academy,Dust2,0.42857142857142855,14,0.5066666666666667,75,0.5972222222222222,72
BIG Academy,Inferno,0.25,12,0.5416666666666666,72,0.38461538461538464,52
BIG Academy,Mirage,0.4375,16,0.36231884057971014,69,0.3684210526315789,76
BIG Academy,Nuke,0.5714285714285714,14,0.4691358024691358,81,0.38028169014084506,71
BIG Academy,Overpass,0.5714285714285714,14,0.6521739130434783,69,0.4819277108433735,83
BIG Academy,Train,0.875,8,0.631578947368421,38,0.5526315789473685,38
BIG EQUIPA,Ancient,0.36363636363636365,22,0.5353535353535354,99,0.4016393442622951,122
BIG EQUIPA,Anubis,0.375,8,0.4375,48,0.5365853658536586,41
BIG EQUIPA,Dust2,0.375,8,0.25,48,0.6666666666666666,39
BIG EQUIPA,Inferno,0.5625,16,0.5675675675675675,74,0.5949367088607594,79
BIG EQUIPA,Mirage,0.45454545454545453,22,0.5714285714285714,112,0.45918367346938777,98
BIG EQUIPA,Nuke,0.4444444444444444,18,0.5,88,0.4639175257731959,97
BIG EQUIPA,Overpass,0.5,4,0.7083333333333334,24,0.6923076923076923,13
BIG EQUIPA,Train,0.5,4,0.6086956521739131,23,0.5,24
BLEED,Ancient,0.42857142857142855,14,0.5540540540540541,74,0.4,75
BLEED,Anubis,0.5,14,0.4025974025974026,77,0.5875,80
BLEED,Dust2,0.6,10,0.3333333333333333,54,0.5471698113207547,53
BLEED,Inferno,0.5,10,0.5166666666666667,60,0.45614035087719296,57
BLEED,Mirage,0.5,20,0.49056603773584906,106,0.4528301886792453,106
BLEED,Nuke,0.6,10,0.4827586206896552,58,0.4230769230769231,52
BLEED,Vertigo,0.125,8,0.375,48,0.5833333333333334,48
BLUEJAYS,Ancient,0.47297297297297297,74,0.5284552845528455,369,0.5660847880299252,401
BLUEJAYS,Anubis,0.6,20,0.4807692307692308,104,0.625,120
BLUEJAYS,Dust2,0.5303030303030303,66,0.5157232704402516,318,0.5454545454545454,363
BLUEJAYS,Inferno,0.5666666666666667,30,0.5542168674698795,166,0.5104895104895105,143
BLUEJAYS,Mirage,0.46296296296296297,54,0.5147058823529411,272,0.45660377358490567,265
BLUEJAYS,Nuke,0.48214285714285715,56,0.5442622950819672,305,0.4758364312267658,269
BLUEJAYS,Overpass,0.375,8,0.5,48,0.3333333333333333,36
BLUEJAYS,Train,0.5666666666666667,30,0.6592592592592592,135,0.5364238410596026,151
BOGATYRI,Ancient,0.0,2,0.08333333333333333,12,0.0,2
BOGATYRI,Anubis,0.5,2,0.36363636363636365,11,0.5,12
BOGATYRI,Dust2,0.6666666666666666,6,0.4782608695652174,23,0.25,36
BOGATYRI,Vertigo,0.0,2,0.16666666666666666,12,0.0,3
BORING PLAYERS,Ancient,0.6875,16,0.5094339622641509,53,0.53125,96
BORING PLAYERS,Anubis,1.0,2,0.5833333333333334,12,0.4166666666666667,12
BORING PLAYERS,Dust2,0.25,8,0.4418604651162791,43,0.4,40
BORING PLAYERS,Inferno,0.42857142857142855,14,0.4788732394366197,71,0.42857142857142855,77
BORING PLAYERS,Mirage,0.0,2,0.08333333333333333,12,0.0,2
BORING PLAYERS,Nuke,0.5,14,0.5616438356164384,73,0.36363636363636365,77
BORING PLAYERS,Overpass,0.0,2,0.3333333333333333,12,0.5833333333333334,12
BOSS,Ancient,0.56,100,0.5373737373737374,495,0.5128205128205128,546
BOSS,Anubis,0.29411764705882354,34,0.37988826815642457,179,0.5668789808917197,157
BOSS,Dust2,0.6111111111111112,36,0.5314009661835749,207,0.5306122448979592,147
BOSS,Inferno,0.5,30,0.5389221556886228,167,0.4859154929577465,142
BOSS,Mirage,0.4868421052631579,76,0.5294117647058824,374,0.5681818181818182,352
BOSS,Nuke,0.4666666666666667,30,0.5,138,0.5,166
BOSS,Overpass,0.4444444444444444,18,0.41346153846153844,104,0.36619718309859156,71
BOSS,Train,0.4583333333333333,24,0.5514018691588785,107,0.48872180451127817,133
BOSS,Vertigo,0.3333333333333333,24,0.4888888888888889,135,0.5079365079365079,126
BOXED,Ancient,0.0,2,0.5833333333333334,12,0.4166666666666667,12
BOXED,Dust2,0.0,2,0.25,12,0.2,5
BRUTE,Ancient,0.5,28,0.46511627906976744,129,0.43137254901960786,153
BRUTE,Anubis,0.5555555555555556,18,0.3055555555555556,108,0.4492753623188406,69
BRUTE,Dust2,0.6111111111111112,18,0.43157894736842106,95,0.43010752688172044,93
BRUTE,Inferno,0.5625,32,0.5031847133757962,157,0.4463276836158192,177
BRUTE,Mirage,0.45,20,0.4375,112,0.3373493975903614,83
BRUTE,Nuke,0.5,2,0.6666666666666666,12,0.5555555555555556,9
BRUTE,Overpass,0.375,8,0.6458333333333334,48,0.2564102564102564,39
BRUTE,Train,0.375,8,0.4375,48,0.2857142857142857,35
BTC Investors,Ancient,0.0,2,0.75,12,0.3333333333333333,12
BTC Investors,Anubis,1.0,2,0.2857142857142857,7,0.3333333333333333,12
BTC Investors,Dust2,0.0,2,0.6666666666666666,12,0.45454545454545453,11
BTC Investors,Nuke,0.75,4,0.5416666666666666,24,0.5217391304347826,23
BURN,Ancient,0.16666666666666666,6,0.21428571428571427,28,0.5277777777777778,36
BURN,Dust2,0.0,2,0.4166666666666667,12,0.4,10
BURN,Inferno,0.5,2,0.25,12,0.9090909090909091,11
BURN,Mirage,0.5,2,0.8333333333333334,12,0.42857142857142855,7
BURN,Nuke,0.0,2,0.0,2,0.08333333333333333,12
Back2TheGame,Ancient,0.5,8,0.5476190476190477,42,0.3333333333333333,45
Back2TheGame,Dust2,0.0,2,0.0,2,0.08333333333333333,12
Back2TheGame,Mirage,1.0,2,0.8333333333333334,6,0.6666666666666666,12
Bad Boys,Anubis,0.5,2,0.5833333333333334,12,0.5,12
Bad Boys,Dust2,0.5,4,0.6,20,0.5833333333333334,24
Bad Boys,Mirage,0.3333333333333333,6,0.4411764705882353,34,0.6571428571428571,35
Bad Boys,Nuke,0.0,2,0.5,12,0.3,10
Bad Luck,Ancient,0.4,10,0.5789473684210527,38,0.5833333333333334,60
Bad Luck,Dust2,0.5714285714285714,14,0.4647887323943662,71,0.3230769230769231,65
Bad Luck,Inferno,0.5,2,0.6666666666666666,12,0.18181818181818182,11
Bad Luck,Nuke,0.375,8,0.38095238095238093,42,0.34210526315789475,38
Bad Luck,Train,0.0,2,0.08333333333333333,12,0.0,2
Bad News Capybaras,Ancient,0.5,2,0.25,12,0.0,4
Bad News Capybaras,Anubis,0.3333333333333333,24,0.4083333333333333,120,0.4962962962962963,135
Bad News Capybaras,Dust2,0.5384615384615384,26,0.4714285714285714,140,0.432,125
Bad News Capybaras,Inferno,0.55,20,0.40816326530612246,98,0.52,100
Bad News Capybaras,Mirage,0.5333333333333333,30,0.5526315789473685,152,0.40372670807453415,161
Bad News Capybaras,Nuke,0.5555555555555556,18,0.49411764705882355,85,0.44,100
Bad News Capybaras,Train,0.25,8,0.5111111111111111,45,0.5238095238095238,42
Bad News Chickens,Ancient,0.5,16,0.5324675324675324,77,0.6081081081081081,74
Bad News Chickens,Anubis,0.7,10,0.42857142857142855,49,0.6491228070175439,57
Bad News Chickens,Dust2,0.5625,16,0.5340909090909091,88,0.5352112676056338,71
Bad News Chickens,Mirage,0.5,18,0.5857142857142857,70,0.5728155339805825,103
Bad News Chickens,Nuke,0.4375,16,0.573170731707317,82,0.5591397849462365,93
Bad News Chickens,Vertigo,0.5,2,0.5833333333333334,12,0.3333333333333333,12
Bad News Eagles,Ancient,0.75,12,0.6,60,0.6029411764705882,68
Bad News Eagles,Anubis,0.5,2,0.4,5,0.9166666666666666,12
Bad News Eagles,Dust2,0.3333333333333333,6,0.5588235294117647,34,0.5,36
Bad News Eagles,Inferno,0.3333333333333333,6,0.41935483870967744,31,0.5666666666666667,30
Bad News Eagles,Mirage,0.42857142857142855,14,0.5526315789473685,76,0.38961038961038963,77
Bad News Eagles,Train,0.5,4,0.625,24,0.3333333333333333,21
BadGuys,Ancient,0.4,10,0.5370370370370371,54,0.6222222222222222,45
BadGuys,Anubis,0.75,4,0.4166666666666667,24,0.6363636363636364,22
BadGuys,Dust2,0.75,4,0.4583333333333333,24,0.5416666666666666,24
BadGuys,Inferno,0.0,2,0.25,12,0.6363636363636364,11
BadGuys,Mirage,0.75,8,0.5151515151515151,33,0.4166666666666667,48
BadGuys,Nuke,0.0,4,0.375,24,0.35294117647058826,17
Bankai,Dust2,0.3333333333333333,6,0.4857142857142857,35,0.6,25
Bankai,Mirage,0.25,4,0.625,24,0.22727272727272727,22
Bankai,Nuke,0.8333333333333334,6,0.9,20,0.5833333333333334,36
BeBold,Ancient,0.25,4,0.2608695652173913,23,0.625,24
BeBold,Anubis,0.3,10,0.26785714285714285,56,0.4,40
BeBold,Dust2,0.25,8,0.3684210526315789,38,0.5,38
BeBold,Inferno,0.5,6,0.5555555555555556,36,0.2692307692307692,26
BeBold,Mirage,0.25,8,0.5172413793103449,29,0.3333333333333333,48
BeBold,Nuke,0.875,8,0.5428571428571428,35,0.5416666666666666,48
BeBold,Vertigo,0.5,2,0.3333333333333333,12,0.375,8
Belfast Storm,Ancient,0.3333333333333333,6,0.32,25,0.5555555555555556,27
Belfast Storm,Dust2,0.3333333333333333,6,0.45454545454545453,33,0.4444444444444444,36
Belfast Storm,Inferno,0.5,4,0.45454545454545453,22,0.625,24
Belfast Storm,Mirage,0.5,2,0.6363636363636364,11,0.5,12
Belfast Storm,Nuke,0.5,8,0.5,48,0.45,40
Belfast Storm,Train,1.0,2,0.5,12,0.7777777777777778,9
Believe,Ancient,0.25,4,0.2777777777777778,18,0.38095238095238093,21
Believe,Mirage,0.6666666666666666,6,0.5806451612903226,31,0.4722222222222222,36
Believe,Nuke,0.0,2,0.5833333333333334,12,0.5454545454545454,11
BetBoom,Ancient,0.5294117647058824,102,0.5,544,0.5183752417794971,517
BetBoom,Anubis,0.5,72,0.45663265306122447,392,0.6273972602739726,365
BetBoom,Dust2,0.4411764705882353,68,0.4849315068493151,365,0.4970414201183432,338
BetBoom,Inferno,0.3333333333333333,6,0.5416666666666666,24,0.5277777777777778,36
BetBoom,Mirage,0.5462962962962963,108,0.5561594202898551,552,0.48606271777003485,574
BetBoom,Nuke,0.5234375,128,0.572347266881029,622,0.5076495132127955,719
BetBoom,Overpass,0.25,12,0.36363636363636365,66,0.5846153846153846,65
BetBoom,Train,0.5384615384615384,52,0.6408450704225352,284,0.4425087108013937,287
BetBoom,Vertigo,0.6,10,0.4,60,0.603448275862069,58
Betclic,Ancient,0.4935897435897436,156,0.5105067985166872,809,0.49471210340775557,851
Betclic,Anubis,0.5,92,0.42283298097251587,473,0.5568862275449101,501
Betclic,Dust2,0.5,76,0.4965197215777262,431,0.48732394366197185,355
Betclic,Inferno,0.5,2,0.5833333333333334,12,0.1111111111111111,9
Betclic,Mirage,0.5204081632653061,98,0.549718574108818,533,0.4209486166007905,506
Betclic,Nuke,0.6287878787878788,132,0.4933135215453195,673,0.5392296718972895,701
Betclic,Overpass,0.3181818181818182,22,0.5294117647058824,119,0.48148148148148145,108
Betclic,Train,0.5370370370370371,54,0.5952380952380952,294,0.46387832699619774,263
Betclic,Vertigo,0.4666666666666667,30,0.48299319727891155,147,0.5032679738562091,153
Betera,Ancient,0.5163934426229508,122,0.5316846986089645,647,0.5253456221198156,651
Betera,Anubis,0.5,22,0.3826086956521739,115,0.5217391304347826,115
Betera,Dust2,0.5471698113207547,106,0.5426944971537002,527,0.5367521367521367,585
Betera,Inferno,0.5,4,0.5833333333333334,24,0.5714285714285714,21
Betera,Mirage,0.5897435897435898,78,0.5495283018867925,424,0.45012787723785164,391
Betera,Nuke,0.5795454545454546,88,0.5383022774327122,483,0.47129186602870815,418
Betera,Overpass,0.6428571428571429,14,0.6,80,0.46774193548387094,62
Betera,Train,0.5961538461538461,52,0.5603112840466926,257,0.4781021897810219,274
Betera,Vertigo,0.0,2,0.2222222222222222,9,0.5,12
Beyman,Dust2,0.5,2,0.5,12,0.125,8
Beyman,Nuke,0.5,2,0.6,5,0.08333333333333333,12
Big W,Ancient,0.625,8,0.5588235294117647,34,0.3958333333333333,48
Big W,Anubis,0.7,10,0.45614035087719296,57,0.5535714285714286,56
Big W,Inferno,0.5,4,0.5416666666666666,24,0.16666666666666666,18
Big W,Mirage,0.5,2,0.5833333333333334,12,0.4166666666666667,12
Big W,Nuke,0.25,4,0.4583333333333333,24,0.5416666666666666,24
Black Mold,Ancient,0.75,4,0.5416666666666666,24,0.4166666666666667,12
Black Mold,Anubis,0.5,6,0.38461538461538464,26,0.6296296296296297,27
Black Mold,Dust2,0.3333333333333333,6,0.5185185185185185,27,0.4117647058823529,34
Black Mold,Inferno,0.0,6,0.3181818181818182,22,0.4,35
Black Mold,Mirage,0.5555555555555556,18,0.4393939393939394,66,0.6185567010309279,97
Black Mold,Nuke,0.4,10,0.3333333333333333,60,0.5555555555555556,36
Black Mold,Train,0.5,2,0.3333333333333333,12,0.0,5
Blahaj,Anubis,0.0,2,0.16666666666666666,12,0.0,3
Blahaj,Mirage,0.0,4,0.5,24,0.3157894736842105,19
Blahaj,Nuke,0.0,2,0.25,8,0.4166666666666667,12
Blaze Warriors,Ancient,0.16666666666666666,6,0.46153846153846156,26,0.25,28
Blaze Warriors,Anubis,1.0,2,0.5833333333333334,12,0.4166666666666667,12
Blaze Warriors,Dust2,0.0,2,0.5,6,0.16666666666666666,12
Blaze Warriors,Mirage,0.75,4,0.7058823529411765,17,0.7368421052631579,19
Blaze Warriors,Nuke,0.0,2,0.0,2,0.08333333333333333,12
Blaze Warriors,Vertigo,0.0,2,0.6666666666666666,12,0.3333333333333333,12
Blockbusters,Ancient,0.5,2,0.5833333333333334,12,0.6666666666666666,9
Blockbusters,Anubis,1.0,2,0.4166666666666667,12,0.4,10
Blockbusters,Dust2,0.5,2,0.5833333333333334,12,0.3333333333333333,12
Blue Otter Karma,Ancient,0.375,8,0.5405405405405406,37,0.40476190476190477,42
Blue Otter Karma,Anubis,0.75,8,0.4358974358974359,39,0.6585365853658537,41
Blue Otter Karma,Dust2,0.5,4,0.2,15,0.125,16
Blue Otter Karma,Inferno,0.25,4,0.4782608695652174,23,0.75,16
Blue Otter Karma,Nuke,0.0,2,0.25,4,0.16666666666666666,12
Blue Otter Karma,Vertigo,0.5,2,0.5833333333333334,12,0.4166666666666667,12
Bluekillers,Ancient,0.5,2,0.5,12,0.36363636363636365,11
Bluekillers,Dust2,0.5,2,0.2727272727272727,11,0.5833333333333334,12
BooTCampOSH,Ancient,0.5,2,0.6,5,0.08333333333333333,12
BooTCampOSH,Mirage,1.0,2,0.3333333333333333,12,0.2857142857142857,7
Bounty Hunters,Ancient,0.5,42,0.48677248677248675,189,0.5240174672489083,229
Bounty Hunters,Anubis,0.6428571428571429,14,0.4375,64,0.573170731707317,82
Bounty Hunters,Dust2,0.5285714285714286,70,0.5346260387811634,361,0.5655737704918032,366
Bounty Hunters,Inferno,0.125,8,0.4,45,0.34210526315789475,38
Bounty Hunters,Mirage,0.5294117647058824,68,0.551829268292683,328,0.46825396825396826,378
Bounty Hunters,Nuke,0.4583333333333333,72,0.5286458333333334,384,0.4515235457063712,361
Bounty Hunters,Overpass,0.6666666666666666,6,0.6944444444444444,36,0.42857142857142855,28
Bounty Hunters,Train,0.5714285714285714,14,0.4880952380952381,84,0.48484848484848486,66
Bounty Hunters fe,Ancient,0.6,10,0.35714285714285715,42,0.5471698113207547,53
Bounty Hunters fe,Anubis,0.25,4,0.3,10,0.20833333333333334,24
Bounty Hunters fe,Dust2,0.5,6,0.39285714285714285,28,0.42857142857142855,28
Bounty Hunters fe,Mirage,0.625,8,0.78125,32,0.6923076923076923,39
Bravado,Ancient,0.5,8,0.6129032258064516,31,0.5434782608695652,46
Bravado,Anubis,0.5,2,0.5,4,0.9166666666666666,12
Bravado,Inferno,1.0,4,0.7916666666666666,24,0.7777777777777778,9
Bravado,Mirage,1.0,2,0.3333333333333333,12,1.0,9
Bravado,Nuke,0.5,4,0.3888888888888889,18,0.5833333333333334,24
Bravado,Vertigo,0.0,2,0.08333333333333333,12,0.0,2
Brave Bears,Ancient,0.25,4,0.16666666666666666,24,0.5,12
Brave Bears,Anubis,0.0,4,0.07142857142857142,14,0.07142857142857142,14
Brave Bears,Dust2,0.0,2,0.5,10,0.3333333333333333,12
Brave Bears,Mirage,0.4,10,0.25,20,0.16666666666666666,60
Brazen,Dust2,0.5,2,0.5,12,0.36363636363636365,11
Brazen,Inferno,1.0,2,0.3333333333333333,12,0.375,8
Brazen,Mirage,0.0,2,0.2,5,0.25,12
Brazen,Overpass,0.75,4,0.5263157894736842,19,0.391304347826087,23
Bromo,Ancient,0.5,16,0.4444444444444444,81,0.5760869565217391,92
Bromo,Anubis,0.25,4,0.3333333333333333,24,0.4666666666666667,15
Bromo,Dust2,0.25,4,0.3684210526315789,19,0.5882352941176471,17
Bromo,Inferno,0.16666666666666666,6,0.3888888888888889,36,0.5,32
Bromo,Mirage,0.5714285714285714,14,0.5652173913043478,69,0.5652173913043478,69
Bromo,Vertigo,0.5,2,0.5833333333333334,12,0.2727272727272727,11
Budapest Five,Ancient,0.5,4,0.4583333333333333,24,0.625,16
Budapest Five,Anubis,0.0,2,0.25,12,0.0,4
Budapest Five,Mirage,0.5,2,0.9090909090909091,11,0.25,12
Bulgaria,Ancient,0.0,2,0.08333333333333333,12,0.3333333333333333,3
Bulgaria,Anubis,0.3333333333333333,6,0.34285714285714286,35,0.5161290322580645,31
Bulgaria,Inferno,0.25,4,0.4166666666666667,24,0.5,16
Bulgaria,Mirage,0.8333333333333334,6,0.5882352941176471,34,0.5806451612903226,31
Bushido Wildcats,Ancient,1.0,2,0.5833333333333334,12,0.5,12
Bushido Wildcats,Anubis,0.8333333333333334,6,0.5172413793103449,29,0.3939393939393939,33
Bushido Wildcats,Dust2,0.4230769230769231,26,0.46153846153846156,130,0.4768211920529801,151
Bushido Wildcats,Inferno,0.6666666666666666,12,0.5263157894736842,57,0.47692307692307695,65
Bushido Wildcats,Mirage,0.6666666666666666,12,0.6229508196721312,61,0.5357142857142857,56
Bushido Wildcats,Nuke,0.5833333333333334,12,0.5507246376811594,69,0.37735849056603776,53
Bushido Wildcats,Overpass,0.5,2,0.6666666666666666,12,0.1,10
Bushido Wildcats,Train,0.5,12,0.390625,64,0.4918032786885246,61
Bärendienst,Mirage,0.5,2,0.5,8,0.25,12
Bärendienst,Nuke,1.0,2,0.5,12,0.5,12
CAPIVARAS,Ancient,0.3333333333333333,18,0.3611111111111111,72,0.2828282828282828,99
CAPIVARAS,Anubis,0.25,4,0.2222222222222222,9,0.20833333333333334,24
CAPIVARAS,Dust2,0.5,16,0.4155844155844156,77,0.38461538461538464,91
CAPIVARAS,Inferno,0.0,2,0.08333333333333333,12,0.0,2
CAPIVARAS,Mirage,0.16666666666666666,6,0.2962962962962963,27,0.09090909090909091,22
CAPIVARAS,Nuke,0.5,8,0.3333333333333333,48,0.2857142857142857,28
CPH Wolves,Ancient,0.48672566371681414,226,0.5004694835680751,1065,0.514018691588785,1284
CPH Wolves,Anubis,0.5612244897959183,98,0.4760914760914761,481,0.5457875457875457,546
CPH Wolves,Dust2,0.3235294117647059,68,0.4463840399002494,401,0.4882943143812709,299
CPH Wolves,Inferno,0.5,78,0.4867469879518072,415,0.4811083123425693,397
CPH Wolves,Mirage,0.47191011235955055,178,0.5575539568345323,834,0.4801223241590214,981
CPH Wolves,Nuke,0.46774193548387094,124,0.5021216407355021,707,0.4639175257731959,582
CPH Wolves,Overpass,0.75,16,0.5,96,0.5142857142857142,70
CPH Wolves,Train,0.4375,16,0.59375,96,0.3582089552238806,67
CPH Wolves,Vertigo,0.5454545454545454,22,0.484375,128,0.4727272727272727,110
CRIMSON,Ancient,0.5,2,0.5714285714285714,7,0.75,12
CRIMSON,Nuke,0.5,2,0.4166666666666667,12,0.8888888888888888,9
CRIMSON,Overpass,0.5,2,0.5833333333333334,12,0.4166666666666667,12
CRIMSON,Train,0.5,2,0.6,10,0.25,12
CS2News,Ancient,0.0,2,0.25,12,0.2,5
CS2News,Anubis,0.375,8,0.3333333333333333,27,0.5625,48
CS2News,Dust2,0.5833333333333334,12,0.5370370370370371,54,0.59375,64
CS2News,Inferno,0.75,4,0.5833333333333334,24,0.30434782608695654,23
CS2News,Mirage,0.6666666666666666,12,0.5344827586206896,58,0.5277777777777778,72
CS2News,Nuke,0.3333333333333333,6,0.4444444444444444,36,0.36,25
CS2News,Train,0.25,4,0.5833333333333334,24,0.25,20
CS2News,Vertigo,0.5,4,0.2916666666666667,24,0.6875,16
CS2News Ladies,Ancient,0.125,8,0.358974358974359,39,0.325,40
CS2News Ladies,Anubis,0.5,4,0.3333333333333333,18,0.4583333333333333,24
CS2News Ladies,Dust2,0.6666666666666666,6,0.35714285714285715,28,0.5,28
CS2News Ladies,Mirage,0.6666666666666666,6,0.5,36,0.34615384615384615,26
CS2News Ladies,Nuke,0.25,4,0.625,24,0.375,24
CS2News Ladies,Train,0.5,8,0.42105263157894735,38,0.6,40
CSDE,Ancient,1.0,2,0.3333333333333333,9,0.4166666666666667,12
CSDE,Dust2,1.0,2,0.5,12,0.875,8
CSDE,Mirage,0.5,4,0.3333333333333333,15,0.6666666666666666,24
CSDE,Overpass,0.5,2,0.3333333333333333,12,0.2857142857142857,7
CSDIILIT,Ancient,0.0,2,0.4166666666666667,12,0.5833333333333334,12
CSDIILIT,Inferno,0.5,4,0.5,16,0.5416666666666666,24
CSDIILIT,Mirage,0.25,4,0.4782608695652174,23,0.5833333333333334,24
CSDIILIT,Nuke,0.5,6,0.4722222222222222,36,0.5,28
CSDIILIT,Train,0.5,2,0.7142857142857143,7,0.08333333333333333,12
CSKejsaren,Ancient,0.0,2,0.4166666666666667,12,0.25,8
CSKejsaren,Anubis,0.5,2,0.3333333333333333,12,0.0,5
CTRL ALT DEFEAT,Anubis,0.5,2,0.6,10,0.5833333333333334,12
CTRL ALT DEFEAT,Dust2,0.0,2,0.6666666666666666,9,0.5833333333333334,12
CTRL ALT DEFEAT,Mirage,0.0,2,0.2,5,0.25,12
CTRL ALT DEFEAT,Nuke,0.5,2,0.16666666666666666,12,0.5,6
CTRL ALT DEFEAT,Train,0.0,2,0.25,12,0.2,5
CYBERSHOKE,Ancient,0.5903614457831325,166,0.5457627118644067,885,0.5284360189573459,844
CYBERSHOKE,Anubis,0.6428571428571429,168,0.49150743099787686,942,0.6207729468599034,828
CYBERSHOKE,Dust2,0.41964285714285715,112,0.4413223140495868,605,0.47580645161290325,496
CYBERSHOKE,Inferno,0.38095238095238093,42,0.4403292181069959,243,0.5219512195121951,205
CYBERSHOKE,Mirage,0.4883720930232558,172,0.5593008739076155,801,0.5035105315947843,997
CYBERSHOKE,Nuke,0.41836734693877553,98,0.43686006825938567,586,0.3734015345268542,391
CYBERSHOKE,Overpass,0.4,20,0.5526315789473685,114,0.42990654205607476,107
CYBERSHOKE,Train,0.42857142857142855,42,0.5413223140495868,242,0.4583333333333333,216
CYBERSHOKE,Vertigo,0.391304347826087,46,0.41198501872659177,267,0.4841628959276018,221
Canada,Inferno,0.0,2,0.5,12,0.7,10
Canada,Mirage,0.8333333333333334,6,0.5416666666666666,24,0.25,36
Canada,Nuke,0.0,2,0.3333333333333333,12,0.375,8
Canada fe,Anubis,0.5,4,0.5,20,0.5833333333333334,24
Canada fe,Dust2,0.5,2,0.3333333333333333,12,0.6666666666666666,12
Canada fe,Inferno,1.0,2,0.6666666666666666,12,0.8333333333333334,6
Canada fe,Mirage,0.0,4,0.3684210526315789,19,0.4166666666666667,24
Canada fe,Nuke,0.0,2,0.08333333333333333,12,0.0,2
Canada fe,Vertigo,0.0,2,0.42857142857142855,7,0.25,12
Capybara,Inferno,0.25,4,0.0,7,0.20833333333333334,24
Capybara,Nuke,0.0,2,0.25,12,0.0,4
Carnival,Ancient,0.75,4,0.6666666666666666,18,0.5416666666666666,24
Carnival,Anubis,0.25,4,0.35,20,0.5,24
Carnival,Dust2,0.0,2,0.5714285714285714,7,0.75,12
Carnival,Inferno,0.5,2,0.4166666666666667,12,0.5833333333333334,12
CarritoSpain,Dust2,1.0,2,0.4166666666666667,12,0.4,10
CarritoSpain,Nuke,0.0,2,0.2,5,0.25,12
Case,Ancient,0.4166666666666667,12,0.4027777777777778,72,0.6170212765957447,47
Case,Dust2,0.6,10,0.425531914893617,47,0.38461538461538464,52
Case,Inferno,0.5625,16,0.4146341463414634,82,0.5483870967741935,93
Case,Mirage,0.4090909090909091,22,0.5284552845528455,123,0.4434782608695652,115
Case,Nuke,0.5,8,0.5833333333333334,48,0.5151515151515151,33
Case,Vertigo,0.16666666666666666,6,0.23333333333333334,30,0.30434782608695654,23
CatEvil,Ancient,0.3333333333333333,6,0.4444444444444444,27,0.625,32
CatEvil,Anubis,0.5,2,0.25,12,0.75,12
CatEvil,Dust2,0.625,8,0.575,40,0.4878048780487805,41
CatEvil,Inferno,0.25,4,0.375,24,0.08333333333333333,12
CatEvil,Mirage,0.0,4,0.2916666666666667,24,0.3076923076923077,13
CatEvil,Nuke,0.3333333333333333,6,0.52,25,0.4722222222222222,36
Change The Game,Ancient,0.3888888888888889,18,0.5769230769230769,78,0.4326923076923077,104
Change The Game,Anubis,0.5,8,0.4358974358974359,39,0.43478260869565216,46
Change The Game,Dust2,0.3333333333333333,6,0.45161290322580644,31,0.42424242424242425,33
Change The Game,Inferno,0.5833333333333334,12,0.39655172413793105,58,0.49295774647887325,71
Change The Game,Mirage,0.5,10,0.30952380952380953,42,0.5818181818181818,55
Change The Game,Train,1.0,2,0.6666666666666666,12,0.4166666666666667,12
Chará,Inferno,0.0,2,0.2857142857142857,7,0.3333333333333333,12
Chetz,Anubis,0.5,2,0.25,12,0.5,8
Chetz,Dust2,0.5,2,0.3333333333333333,9,0.4166666666666667,12
Chetz,Inferno,1.0,2,0.75,12,0.25,12
Chetz,Nuke,0.25,4,0.4166666666666667,24,0.3125,16
Chicken Coop,Ancient,0.5,12,0.4492753623188406,69,0.35,60
Chicken Coop,Anubis,0.38235294117647056,34,0.30434782608695654,161,0.4624277456647399,173
Chicken Coop,Dust2,0.6470588235294118,34,0.5405405405405406,185,0.489010989010989,182
Chicken Coop,Inferno,0.5555555555555556,18,0.4418604651162791,86,0.5632183908045977,87
Chicken Coop,Mirage,0.6136363636363636,44,0.4256198347107438,242,0.5,190
Chicken Coop,Nuke,0.42857142857142855,56,0.46,250,0.46254071661237783,307
Chicken Coop,Overpass,0.75,4,0.7916666666666666,24,0.4,15
Chicken Coop,Train,0.5526315789473685,38,0.5505050505050505,198,0.45549738219895286,191
Chile,Dust2,0.5,6,0.41379310344827586,29,0.6944444444444444,36
Chile,Mirage,0.5,2,0.5,12,0.125,8
Chile,Nuke,0.0,2,0.5,12,0.3,10
Chill Guys,Ancient,0.7,10,0.44680851063829785,47,0.5714285714285714,49
Chill Guys,Anubis,0.6818181818181818,22,0.5132743362831859,113,0.6470588235294118,119
Chill Guys,Dust2,0.6666666666666666,6,0.6086956521739131,23,0.5666666666666667,30
Chill Guys,Inferno,0.42857142857142855,14,0.43103448275862066,58,0.6309523809523809,84
Chill Guys,Mirage,0.5,6,0.5555555555555556,36,0.5757575757575758,33
Chill Guys,Train,0.25,12,0.4090909090909091,66,0.5094339622641509,53
Chimera,Ancient,0.425,40,0.42857142857142855,217,0.5081967213114754,183
Chimera,Anubis,0.5714285714285714,14,0.47368421052631576,76,0.5,78
Chimera,Dust2,0.5,18,0.4528301886792453,106,0.4606741573033708,89
Chimera,Inferno,0.4583333333333333,24,0.4748201438848921,139,0.41935483870967744,93
Chimera,Mirage,0.42857142857142855,42,0.545,200,0.39166666666666666,240
Chimera,Train,0.5833333333333334,12,0.546875,64,0.39705882352941174,68
Chimera,Vertigo,0.0,2,0.4166666666666667,12,0.3333333333333333,9
Chinggis Warriors,Ancient,0.5362318840579711,138,0.5095168374816984,683,0.5215123859191656,767
Chinggis Warriors,Anubis,0.5172413793103449,58,0.43034055727554177,323,0.5520833333333334,288
Chinggis Warriors,Dust2,0.6153846153846154,26,0.4866666666666667,150,0.6,115
Chinggis Warriors,Inferno,0.575,80,0.4900990099009901,404,0.533816425120773,414
Chinggis Warriors,Mirage,0.4772727272727273,44,0.4773662551440329,243,0.5207373271889401,217
Chinggis Warriors,Nuke,0.4864864864864865,74,0.5094850948509485,369,0.5069767441860465,430
Chinggis Warriors,Overpass,0.375,8,0.4857142857142857,35,0.4791666666666667,48
Chinggis Warriors,Train,0.3333333333333333,6,0.6129032258064516,31,0.5757575757575758,33
Chroma,Inferno,0.5,2,0.4166666666666667,12,0.5833333333333334,12
Chroma,Mirage,0.0,2,0.25,8,0.4166666666666667,12
Cloud9,Ancient,0.5769230769230769,26,0.5734265734265734,143,0.5298507462686567,134
Cloud9,Anubis,0.5,20,0.36936936936936937,111,0.5436893203883495,103
Cloud9,Dust2,0.45,20,0.59375,96,0.5663716814159292,113
Cloud9,Inferno,0.5,10,0.4489795918367347,49,0.5344827586206896,58
Cloud9,Mirage,0.5384615384615384,26,0.5614035087719298,114,0.49673202614379086,153
Cloud9,Nuke,0.5,4,0.47368421052631576,19,0.3333333333333333,24
Cloud9,Vertigo,0.5,10,0.5185185185185185,54,0.47368421052631576,57
Clutch,Ancient,0.5,10,0.5789473684210527,57,0.39622641509433965,53
Clutch,Anubis,0.5,4,0.42857142857142855,21,0.4583333333333333,24
Clutch,Dust2,0.5,2,0.2857142857142857,7,0.3333333333333333,12
Clutch,Inferno,0.5,2,0.4166666666666667,12,0.3333333333333333,9
Clutch,Mirage,1.0,2,0.5833333333333334,12,0.5,12
Clutch,Nuke,0.4166666666666667,12,0.5,48,0.44776119402985076,67
Come Mid,Ancient,1.0,4,0.5416666666666666,24,0.5454545454545454,22
Come Mid,Anubis,1.0,2,0.8333333333333334,6,0.6666666666666666,12
Come Mid,Dust2,0.5,2,0.6666666666666666,12,0.45454545454545453,11
Come Mid,Inferno,0.25,4,0.5416666666666666,24,0.4583333333333333,24
Come Mid,Mirage,0.6666666666666666,6,0.7368421052631579,19,0.4444444444444444,36
Complexity,Ancient,0.5882352941176471,34,0.5683060109289617,183,0.44886363636363635,176
Complexity,Anubis,0.475,40,0.4434782608695652,230,0.6048780487804878,205
Complexity,Dust2,0.45454545454545453,22,0.4188034188034188,117,0.5630252100840336,119
Complexity,Inferno,0.4666666666666667,30,0.4823529411764706,170,0.44366197183098594,142
Complexity,Nuke,0.3888888888888889,18,0.6534653465346535,101,0.4691358024691358,81
Complexity,Overpass,0.5,4,0.5833333333333334,24,0.4166666666666667,24
Complexity,Train,0.5714285714285714,28,0.5793650793650794,126,0.5822784810126582,158
Complexity,Vertigo,0.3888888888888889,18,0.6666666666666666,99,0.3888888888888889,108
Concept Cult,Ancient,0.5,2,0.6,10,0.5833333333333334,12
Concept Cult,Anubis,0.5,2,0.8,5,0.75,12
Crashers,Ancient,0.4375,16,0.3229166666666667,96,0.5365853658536586,41
Crashers,Anubis,0.0,2,0.0,6,0.4166666666666667,12
Crashers,Dust2,0.5588235294117647,34,0.5487179487179488,195,0.38961038961038963,154
Crashers,Inferno,0.5,40,0.4293785310734463,177,0.540084388185654,237
Crashers,Mirage,0.5,12,0.3611111111111111,72,0.5510204081632653,49
Crashers,Nuke,0.2647058823529412,34,0.4383561643835616,146,0.36813186813186816,182
Crashers,Train,0.3333333333333333,6,0.46875,32,0.18518518518518517,27
Crescent fe,Ancient,0.3333333333333333,6,0.4444444444444444,27,0.4722222222222222,36
Crescent fe,Anubis,0.3333333333333333,6,0.3333333333333333,27,0.53125,32
Crescent fe,Dust2,0.0,4,0.42105263157894735,19,0.25,20
Crescent fe,Mirage,0.5,6,0.5428571428571428,35,0.3333333333333333,30
Crescent fe,Nuke,0.3333333333333333,6,0.375,24,0.3333333333333333,36
Curralzinho,Ancient,0.75,4,0.5263157894736842,19,0.2916666666666667,24
Curralzinho,Dust2,0.5,4,0.2916666666666667,24,0.6470588235294118,17
Curralzinho,Inferno,0.5,2,0.16666666666666666,12,0.25,4
Curralzinho,Mirage,0.5,6,0.5,28,0.6666666666666666,36
Curralzinho,Nuke,1.0,2,0.16666666666666666,12,0.4,5
Cyber Empire,Ancient,0.25,4,0.6,15,0.3333333333333333,18
Cyber Empire,Anubis,0.0,4,0.5625,16,0.4166666666666667,24
Cyber Empire,Mirage,0.3333333333333333,6,0.46153846153846156,26,0.3225806451612903,31
Cyber Empire,Nuke,0.5,2,0.3333333333333333,12,0.9,10
Czech Republic,Ancient,0.16666666666666666,6,0.4444444444444444,36,0.4857142857142857,35
Czech Republic,Anubis,0.5,2,0.4166666666666667,12,0.8888888888888888,9
Czech Republic,Inferno,0.5,8,0.28125,32,0.5833333333333334,48
Czech Republic,Mirage,0.25,4,0.3,20,0.3684210526315789,19
Czech Republic,Nuke,0.75,4,0.4166666666666667,24,0.8421052631578947,19
DASH,Ancient,0.7,10,0.5813953488372093,43,0.45,60
DASH,Anubis,0.5833333333333334,12,0.3389830508474576,59,0.5833333333333334,72
DASH,Dust2,0.5,4,0.6190476190476191,21,0.4583333333333333,24
DASH,Inferno,0.0,2,0.25,12,0.2,5
DASH,Mirage,0.0,2,0.16666666666666666,12,0.6666666666666666,9
DASH,Nuke,1.0,2,0.5,10,0.6666666666666666,12
DASH,Vertigo,0.5,2,0.4166666666666667,12,0.5,12
DEPO,Ancient,0.4166666666666667,12,0.3125,64,0.5409836065573771,61
DEPO,Anubis,0.25,4,0.2857142857142857,14,0.4166666666666667,24
DEPO,Dust2,0.5,14,0.3125,64,0.4805194805194805,77
DEPO,Inferno,0.5,2,0.5,12,0.5833333333333334,12
DEPO,Mirage,0.35714285714285715,14,0.4507042253521127,71,0.4084507042253521,71
DEPO,Nuke,0.3333333333333333,12,0.4307692307692308,65,0.38596491228070173,57
DEPO,Train,0.5,2,0.8333333333333334,12,0.5,6
DESEMPREGO,Ancient,0.5,2,0.14285714285714285,7,0.4166666666666667,12
DESEMPREGO,Inferno,0.5,2,0.625,8,0.6666666666666666,12
DESEMPREGO,Mirage,1.0,2,0.6666666666666666,12,0.4166666666666667,12
DESEMPREGO,Nuke,0.5,2,0.4166666666666667,12,0.14285714285714285,7
DETONATE,Ancient,0.5,8,0.35,40,0.4444444444444444,45
DETONATE,Anubis,0.5,8,0.22580645161290322,31,0.4166666666666667,48
DETONATE,Dust2,0.5,4,0.3333333333333333,24,0.4375,16
DETONATE,Inferno,0.5,4,0.3157894736842105,19,0.7916666666666666,24
DETONATE,Mirage,0.0,2,0.3333333333333333,12,0.16666666666666666,6
DETONATE,Vertigo,1.0,2,0.8333333333333334,12,1.0,3
DIGA,Ancient,0.0,2,0.4166666666666667,12,0.4,10
DIGA,Dust2,0.0,2,0.5,12,0.0,7
DMS,Ancient,0.5166666666666667,60,0.4788732394366197,284,0.5582089552238806,335
DMS,Anubis,0.35714285714285715,28,0.3888888888888889,126,0.573170731707317,164
DMS,Dust2,0.5,18,0.41414141414141414,99,0.5842696629213483,89
DMS,Inferno,0.5434782608695652,46,0.5286885245901639,244,0.5433962264150943,265
DMS,Mirage,0.5681818181818182,44,0.4666666666666667,225,0.46747967479674796,246
DMS,Train,0.3333333333333333,6,0.4722222222222222,36,0.3548387096774194,31
DMS,Vertigo,0.5,16,0.40217391304347827,92,0.5064935064935064,77
DOG,Ancient,0.5,2,0.75,12,0.5,8
DOG,Anubis,0.0,2,0.25,8,0.4166666666666667,12
DOG,Dust2,0.0,4,0.25,12,0.2916666666666667,24
DOG,Inferno,0.0,2,0.25,12,0.2,5
DOG,Mirage,1.0,2,0.6666666666666666,12,0.25,12
DOG,Nuke,0.5,4,0.4583333333333333,24,0.45454545454545453,22
DOG,Overpass,0.6666666666666666,6,0.45714285714285713,35,0.43333333333333335,30
DRILLAS,Ancient,0.6,30,0.437125748502994,167,0.58,150
DRILLAS,Anubis,0.4090909090909091,22,0.3684210526315789,114,0.5284552845528455,123
DRILLAS,Dust2,0.7,10,0.4791666666666667,48,0.603448275862069,58
DRILLAS,Inferno,1.0,2,0.2,10,0.5833333333333334,12
DRILLAS,Mirage,0.5384615384615384,26,0.5121951219512195,123,0.5844155844155844,154
DRILLAS,Nuke,0.7,10,0.38333333333333336,60,0.5813953488372093,43
DRILLAS,Vertigo,0.6666666666666666,6,0.5769230769230769,26,0.8571428571428571,28
DUSTY,Anubis,0.25,4,0.5416666666666666,24,0.45,20
DUSTY,Dust2,0.5,4,0.5833333333333334,24,0.2857142857142857,21
DUSTY,Nuke,0.5,4,0.5333333333333333,15,0.5416666666666666,24
DXA,Ancient,0.3333333333333333,6,0.28125,32,0.4074074074074074,27
DXA,Anubis,0.5,8,0.43478260869565216,46,0.41025641025641024,39
DXA,Dust2,0.5,6,0.4166666666666667,36,0.5357142857142857,28
DXA,Inferno,1.0,2,0.75,12,0.3333333333333333,12
DXA,Mirage,0.1,10,0.2727272727272727,44,0.2978723404255319,47
DXA,Nuke,0.25,4,0.16666666666666666,24,0.25,8
Daaku,Ancient,0.5,8,0.3409090909090909,44,0.625,48
Daaku,Anubis,0.0,2,0.4166666666666667,12,0.5833333333333334,12
Daaku,Dust2,0.75,4,0.6666666666666666,24,0.5263157894736842,19
Daaku,Inferno,0.5,4,0.5,24,0.4666666666666667,15
Daaku,Mirage,0.5,6,0.46153846153846156,26,0.6111111111111112,36
Daaku,Train,0.375,8,0.5897435897435898,39,0.5,42
Dad Buff,Dust2,0.5,2,0.3333333333333333,6,0.25,12
Dad Buff,Nuke,0.0,2,0.08333333333333333,12,0.0,2
DanCompany,Ancient,0.16666666666666666,6,0.29411764705882354,17,0.25,36
DanCompany,Overpass,0.0,6,0.1388888888888889,36,0.4666666666666667,15
Dangerous,Anubis,0.0,2,0.25,12,0.2,5
Dangerous,Dust2,0.25,4,0.20833333333333334,24,0.125,8
Dangerous,Mirage,0.0,2,0.2,10,0.5833333333333334,12
Dark Cloud,Ancient,1.0,2,0.6666666666666666,12,0.45454545454545453,11
Dark Cloud,Dust2,0.25,4,0.38095238095238093,21,0.5,24
Dark Cloud,Mirage,0.0,2,0.08333333333333333,12,0.0,2
Dark Tigers,Ancient,0.25,4,0.625,24,0.3181818181818182,22
Dark Tigers,Inferno,0.25,8,0.3695652173913043,46,0.43243243243243246,37
Dark Tigers,Nuke,0.6666666666666666,6,0.5483870967741935,31,0.3888888888888889,36
Dashskins,Inferno,0.0,2,0.5,8,0.25,12
Dashskins,Mirage,0.5,2,0.4166666666666667,12,0.14285714285714285,7
Dashskins,Nuke,0.0,4,0.5,14,0.13636363636363635,22
Daystar,Ancient,0.25,4,0.35714285714285715,14,0.7083333333333334,24
Daystar,Anubis,0.5,2,0.2727272727272727,11,0.5833333333333334,12
Daystar,Mirage,0.5,4,0.20833333333333334,24,0.4166666666666667,12
Delta,Ancient,0.5625,16,0.41975308641975306,81,0.35064935064935066,77
Delta,Anubis,1.0,2,0.5,12,0.6363636363636364,11
Delta,Dust2,0.5,14,0.38235294117647056,68,0.39436619718309857,71
Delta,Inferno,0.5,6,0.3333333333333333,36,0.42105263157894735,19
Delta,Mirage,0.3,20,0.4421052631578947,95,0.4789915966386555,119
Delta,Nuke,0.5,2,0.4166666666666667,12,0.45454545454545453,11
Delta,Train,0.5,2,0.25,12,0.5,8
Denial,Anubis,1.0,2,1.0,2,0.9166666666666666,12
Denial,Dust2,0.5,4,0.5,16,0.75,24
Denial,Inferno,1.0,2,0.5,12,0.36363636363636365,11
Denial,Mirage,0.0,2,0.2857142857142857,7,0.3333333333333333,12
Denial,Nuke,0.0,2,0.3333333333333333,12,0.2857142857142857,7
Denial,Vertigo,0.0,2,0.4166666666666667,12,0.14285714285714285,7
Denmark,Ancient,0.6666666666666666,6,0.4444444444444444,36,0.48484848484848486,33
Denmark,Inferno,0.5,4,0.5833333333333334,24,0.5238095238095238,21
Denmark,Mirage,0.75,4,0.4166666666666667,24,0.6842105263157895,19
Denmark,Nuke,0.5,6,0.5185185185185185,27,0.3333333333333333,36
Denmark,Train,0.25,4,0.4,15,0.4583333333333333,24
Denmark fe,Ancient,0.375,8,0.375,32,0.5652173913043478,46
Denmark fe,Anubis,0.6,10,0.4909090909090909,55,0.5909090909090909,44
Denmark fe,Dust2,0.25,8,0.4166666666666667,48,0.4642857142857143,28
Denmark fe,Inferno,0.5,4,0.5,24,0.4583333333333333,24
Denmark fe,Mirage,0.5,2,0.3333333333333333,12,0.2857142857142857,7
Denmark fe,Vertigo,1.0,2,0.75,12,0.5714285714285714,7
Derpy Kids,Anubis,0.5,2,0.36363636363636365,11,0.5,12
Derpy Kids,Nuke,0.0,2,0.1111111111111111,9,0.5833333333333334,12
Derpy diamond dudes,Dust2,1.0,2,0.25,12,0.3333333333333333,6
Derpy diamond dudes,Inferno,1.0,2,0.3333333333333333,12,0.5833333333333334,12
Derpy diamond dudes,Mirage,0.5,2,0.4,5,0.16666666666666666,12
Derpy diamond dudes,Nuke,1.0,2,0.45454545454545453,11,0.4166666666666667,12
DesperateGirls,Ancient,0.5,2,0.5833333333333334,12,0.5,12
DesperateGirls,Dust2,0.5,2,0.4166666666666667,12,0.4,10
DesperateGirls,Train,0.5,2,0.4166666666666667,12,0.5,12
Devastation,Anubis,0.5,2,0.0,8,0.5833333333333334,12
Devastation,Mirage,0.5,2,0.45454545454545453,11,0.4166666666666667,12
Dewa United,Ancient,0.875,8,0.5106382978723404,47,0.5121951219512195,41
Dewa United,Anubis,0.75,8,0.4186046511627907,43,0.5526315789473685,38
Dewa United,Inferno,0.25,4,0.35,20,0.2777777777777778,18
Dewa United,Mirage,0.5,2,0.5,12,0.0,7
Dewa United,Nuke,0.5,2,0.25,12,0.42857142857142855,7
DogEvil,Ancient,0.4166666666666667,12,0.4528301886792453,53,0.5652173913043478,69
DogEvil,Anubis,0.4375,16,0.46875,96,0.5,74
DogEvil,Inferno,0.21428571428571427,14,0.5974025974025974,77,0.4583333333333333,72
DogEvil,Mirage,0.5,22,0.4621212121212121,132,0.4574468085106383,94
DogEvil,Nuke,0.5,8,0.5128205128205128,39,0.5365853658536586,41
Doner,Ancient,0.5,2,0.2857142857142857,7,0.3333333333333333,12
Doner,Dust2,0.5,2,0.3333333333333333,12,0.6666666666666666,12
Dragon EC,Ancient,1.0,2,0.3333333333333333,12,0.5454545454545454,11
Dragon EC,Dust2,0.5,2,0.16666666666666666,12,0.5,6
Dragon EC,Inferno,0.75,4,0.6666666666666666,21,0.4583333333333333,24
Dragon EC,Mirage,1.0,2,0.5833333333333334,12,0.75,8
Dreams To Legends,Ancient,0.5,6,0.5625,32,0.65625,32
Dreams To Legends,Anubis,0.0,2,0.6666666666666666,12,0.7142857142857143,7
Dreams To Legends,Dust2,0.0,2,0.3333333333333333,9,0.4166666666666667,12
Dreams To Legends,Mirage,0.5,2,0.5,12,0.36363636363636365,11
Dreams To Legends,Nuke,0.6666666666666666,6,0.5161290322580645,31,0.39285714285714285,28
Dripmen,Ancient,0.5,2,0.25,12,0.0,4
Dripmen,Anubis,0.5,2,0.3333333333333333,6,0.25,12
Dripmen,Dust2,0.5,4,0.5652173913043478,23,0.5,24
Dripmen,Inferno,0.25,4,0.4375,16,0.3333333333333333,24
Dripmen,Nuke,0.5,6,0.5333333333333333,30,0.5555555555555556,36
Dripmen,Overpass,1.0,2,0.5,12,0.5,12
Dripmen,Train,0.5,2,0.5,12,0.7,10
Dusty Roots,Ancient,0.5166666666666667,60,0.44551282051282054,312,0.47840531561461797,301
Dusty Roots,Dust2,0.575,80,0.455,400,0.5136363636363637,440
Dusty Roots,Inferno,0.5740740740740741,54,0.46691176470588236,272,0.5053763440860215,279
Dusty Roots,Mirage,0.6964285714285714,56,0.48484848484848486,330,0.4801587301587302,252
Dusty Roots,Nuke,0.5357142857142857,84,0.5148741418764302,437,0.47058823529411764,459
Dusty Roots,Train,0.6,30,0.5514705882352942,136,0.5232558139534884,172
Dusty Roses,Ancient,0.0,2,0.4166666666666667,12,0.0,6
Dusty Roses,Dust2,0.375,8,0.3333333333333333,36,0.4166666666666667,48
Dusty Roses,Mirage,0.0,2,0.16666666666666666,12,0.25,4
Dusty Roses,Nuke,0.0,4,0.125,24,0.0,5
Dusty Roses,Overpass,0.0,2,0.0,2,0.08333333333333333,12
Dusty Roses,Train,0.5,2,0.3333333333333333,12,0.4444444444444444,9
Dziuseppe,Ancient,0.5,8,0.43243243243243246,37,0.3958333333333333,48
Dziuseppe,Dust2,0.0,2,0.5,12,0.4166666666666667,12
Dziuseppe,Inferno,0.0,2,0.4,10,0.4166666666666667,12
Dziuseppe,Mirage,0.5,8,0.4791666666666667,48,0.325,40
Dziuseppe,Nuke,0.16666666666666666,6,0.32142857142857145,28,0.42424242424242425,33
Dziuseppe,Train,0.5,2,0.3333333333333333,3,0.08333333333333333,12
E-Xolos LAZER,Ancient,0.5384615384615384,26,0.4247787610619469,113,0.5136986301369864,146
E-Xolos LAZER,Anubis,0.4444444444444444,18,0.42696629213483145,89,0.5517241379310345,87
E-Xolos LAZER,Dust2,0.625,8,0.5714285714285714,42,0.4523809523809524,42
E-Xolos LAZER,Inferno,0.3333333333333333,12,0.3787878787878788,66,0.6,60
E-Xolos LAZER,Mirage,0.5,22,0.4409448818897638,127,0.5384615384615384,104
E-Xolos LAZER,Nuke,0.5,12,0.5873015873015873,63,0.3939393939393939,66
E9,Ancient,0.3333333333333333,6,0.4444444444444444,36,0.3076923076923077,13
E9,Anubis,0.5,4,0.5833333333333334,24,0.5238095238095238,21
E9,Inferno,1.0,2,0.3333333333333333,12,0.5833333333333334,12
E9,Nuke,0.5,2,1.0,12,0.08333333333333333,12
EC BANGA,Anubis,1.0,2,0.3333333333333333,9,0.4166666666666667,12
EC BANGA,Inferno,0.5,4,0.625,24,0.4166666666666667,24
EC BANGA,Mirage,0.25,4,0.5,24,0.4,15
EC BANGA,Nuke,1.0,2,0.3333333333333333,12,0.6666666666666666,12
ECLOT,Ancient,0.46195652173913043,184,0.5046343975283213,971,0.52,975
ECLOT,Anubis,0.5423728813559322,118,0.43478260869565216,621,0.5725806451612904,620
ECLOT,Dust2,0.525,80,0.486810551558753,417,0.5353535353535354,396
ECLOT,Inferno,0.4696969696969697,132,0.5362318840579711,690,0.5441389290882779,691
ECLOT,Mirage,0.476,250,0.5336617405582923,1218,0.5010924981791697,1373
ECLOT,Nuke,0.46153846153846156,130,0.5,738,0.4472843450479233,626
ECLOT,Overpass,0.4,20,0.42,100,0.525,120
ECLOT,Train,0.5476190476190477,42,0.5462184873949579,238,0.3384615384615385,195
ECSTATIC,Ancient,0.5078125,128,0.5055555555555555,720,0.5150078988941548,633
ECSTATIC,Anubis,0.47297297297297297,74,0.38904109589041097,365,0.4913151364764268,403
ECSTATIC,Dust2,0.5476190476190477,84,0.45625,480,0.5222772277227723,404
ECSTATIC,Inferno,0.512987012987013,154,0.45666235446313064,773,0.5611510791366906,834
ECSTATIC,Mirage,0.5535714285714286,56,0.5508982035928144,334,0.4444444444444444,243
ECSTATIC,Nuke,0.525,160,0.5844980940279543,787,0.4793577981651376,872
ECSTATIC,Overpass,0.8333333333333334,6,0.4,35,0.5357142857142857,28
ECSTATIC,Train,0.5714285714285714,112,0.5985267034990792,543,0.5206106870229008,655
ECSTATIC,Vertigo,0.5,76,0.521505376344086,372,0.5257009345794392,428
EGOISTO,Ancient,0.6666666666666666,6,0.5151515151515151,33,0.35294117647058826,34
EGOISTO,Anubis,0.6666666666666666,6,0.4411764705882353,34,0.5277777777777778,36
EGOISTO,Inferno,1.0,2,0.75,12,0.6666666666666666,6
EGOISTO,Mirage,0.625,8,0.5333333333333333,30,0.6041666666666666,48
EGOISTO,Train,0.5,4,0.5416666666666666,24,0.5217391304347826,23
ENCE,Ancient,0.44285714285714284,140,0.5563689604685212,683,0.49476439790575916,764
ENCE,Anubis,0.5714285714285714,84,0.47477064220183485,436,0.5775280898876405,445
ENCE,Dust2,0.6228070175438597,114,0.49409780775716694,593,0.6049180327868853,610
ENCE,Mirage,0.42592592592592593,108,0.5052816901408451,568,0.4562043795620438,548
ENCE,Nuke,0.48863636363636365,88,0.5280665280665281,481,0.4486873508353222,419
ENCE,Overpass,0.5,16,0.6704545454545454,88,0.3972602739726027,73
ENCE,Train,0.453125,64,0.5644699140401146,349,0.4391025641025641,312
ENCE,Vertigo,0.4444444444444444,18,0.5494505494505495,91,0.5368421052631579,95
ENCE Academy,Ancient,0.48717948717948717,78,0.5107398568019093,419,0.44761904761904764,420
ENCE Academy,Anubis,0.41935483870967744,62,0.3442622950819672,305,0.5698005698005698,351
ENCE Academy,Dust2,0.34210526315789475,38,0.418848167539267,191,0.458128078817734,203
ENCE Academy,Inferno,0.25,4,0.3333333333333333,18,0.2222222222222222,18
ENCE Academy,Mirage,0.4880952380952381,84,0.48699763593380613,423,0.48596112311015116,463
ENCE Academy,Nuke,0.4387755102040816,98,0.4946004319654428,463,0.4766187050359712,556
ENCE Academy,Overpass,0.16666666666666666,6,0.6206896551724138,29,0.3076923076923077,26
ENCE Academy,Train,0.4090909090909091,22,0.3560606060606061,132,0.41379310344827586,87
ENCE Academy,Vertigo,0.625,8,0.3333333333333333,45,0.625,40
ENCE Athena,Anubis,0.0,2,0.5833333333333334,12,0.3333333333333333,12
ENCE Athena,Dust2,0.16666666666666666,6,0.3333333333333333,33,0.5277777777777778,36
ENCE Athena,Inferno,0.16666666666666666,6,0.2222222222222222,36,0.42105263157894735,19
ENCE Athena,Mirage,0.0,2,0.25,12,0.0,4
ENCE Athena,Vertigo,0.75,4,0.42105263157894735,19,0.375,24
ENERGYULTRA,Ancient,0.55,20,0.6702127659574468,94,0.40707964601769914,113
ENERGYULTRA,Anubis,0.0,2,0.4166666666666667,12,0.5833333333333334,12
ENERGYULTRA,Dust2,0.0,2,0.08333333333333333,12,0.0,2
ENERGYULTRA,Inferno,0.4166666666666667,12,0.5079365079365079,63,0.4166666666666667,48
ENERGYULTRA,Mirage,0.5,2,0.25,12,0.2,5
ENERGYULTRA,Nuke,0.625,8,0.6458333333333334,48,0.5454545454545454,33
ENERGYULTRA,Train,0.25,8,0.4878048780487805,41,0.46153846153846156,39
ENTiTY,Ancient,0.16666666666666666,6,0.34615384615384615,26,0.53125,32
ENTiTY,Dust2,0.375,8,0.55,40,0.4090909090909091,44
ENTiTY,Inferno,1.0,2,0.75,12,1.0,4
ENTiTY,Mirage,0.25,4,0.55,20,0.5833333333333334,24
ENTiTY,Nuke,0.0,2,0.4166666666666667,12,0.5833333333333334,12
ESC,Ancient,0.527027027027027,74,0.5652173913043478,391,0.558974358974359,390
ESC,Anubis,0.5,52,0.5304054054054054,296,0.5957446808510638,235
ESC,Dust2,0.6290322580645161,62,0.5514285714285714,350,0.470404984423676,321
ESC,Inferno,0.5,42,0.48695652173913045,230,0.5545023696682464,211
ESC,Mirage,0.5657894736842105,76,0.6244239631336406,434,0.46195652173913043,368
ESC,Nuke,0.5909090909090909,110,0.6337209302325582,516,0.5490196078431373,612
ESC,Overpass,0.6666666666666666,12,0.5277777777777778,72,0.40816326530612246,49
ESC,Train,0.6666666666666666,6,0.6666666666666666,30,0.3333333333333333,27
EXDHQ,Ancient,1.0,2,0.5833333333333334,12,0.2727272727272727,11
EXDHQ,Inferno,0.5,2,0.16666666666666666,6,0.3333333333333333,12
EXSAD,Ancient,0.0,2,0.25,12,0.0,4
EXSAD,Inferno,1.0,2,0.4166666666666667,12,0.25,8
EYEBALLERS,Ancient,0.4642857142857143,84,0.4168466522678186,463,0.5202702702702703,444
EYEBALLERS,Anubis,0.5434782608695652,46,0.4625,240,0.5327510917030568,229
EYEBALLERS,Dust2,0.5384615384615384,52,0.5517241379310345,290,0.5144927536231884,276
EYEBALLERS,Inferno,0.47368421052631576,76,0.5104166666666666,384,0.5210280373831776,428
EYEBALLERS,Mirage,0.49056603773584906,106,0.5078534031413613,573,0.48606271777003485,574
EYEBALLERS,Nuke,0.4423076923076923,52,0.45307443365695793,309,0.4675324675324675,231
EYEBALLERS,Overpass,0.5416666666666666,24,0.6517857142857143,112,0.4305555555555556,144
EYEBALLERS,Train,0.5714285714285714,42,0.6468085106382979,235,0.4889867841409692,227
Eco Warriors,Ancient,0.5416666666666666,24,0.536,125,0.5040650406504065,123
Eco Warriors,Anubis,0.75,8,0.47619047619047616,42,0.625,48
Eco Warriors,Dust2,0.45,20,0.5157894736842106,95,0.5113636363636364,88
Eco Warriors,Inferno,0.375,8,0.6578947368421053,38,0.5294117647058824,34
Eco Warriors,Mirage,0.3888888888888889,18,0.5402298850574713,87,0.5168539325842697,89
Eco Warriors,Nuke,0.5625,16,0.4375,96,0.4406779661016949,59
Eco Warriors,Train,0.5,2,0.5,12,0.36363636363636365,11
Elevate,Ancient,0.46875,32,0.5240963855421686,166,0.5,164
Elevate,Anubis,0.6666666666666666,6,0.4838709677419355,31,0.5454545454545454,33
Elevate,Dust2,0.4722222222222222,36,0.5497382198952879,191,0.5684210526315789,190
Elevate,Inferno,0.5555555555555556,18,0.5666666666666667,90,0.43434343434343436,99
Elevate,Mirage,0.6666666666666666,36,0.6046511627906976,172,0.4943820224719101,178
Elevate,Nuke,0.5,32,0.5621621621621622,185,0.5263157894736842,152
Elevate,Train,0.625,8,0.42857142857142855,42,0.4375,32
Elocon,Ancient,1.0,2,0.5,10,0.3333333333333333,12
Elocon,Mirage,0.5,2,0.16666666666666666,12,0.4,5
Elocon,Vertigo,1.0,2,0.6666666666666666,12,0.3333333333333333,12
Endpoint,Ancient,0.4444444444444444,54,0.4620253164556962,316,0.4864864864864865,259
Endpoint,Anubis,0.59375,32,0.4652777777777778,144,0.5517241379310345,174
Endpoint,Dust2,0.2916666666666667,24,0.3893129770992366,131,0.4956521739130435,115
Endpoint,Inferno,0.47058823529411764,34,0.44508670520231214,173,0.44808743169398907,183
Endpoint,Mirage,0.425,40,0.457286432160804,199,0.5131578947368421,228
Endpoint,Train,1.0,2,0.3333333333333333,12,0.2857142857142857,7
Endpoint,Vertigo,0.5714285714285714,28,0.5460992907801419,141,0.49640287769784175,139
Enjoy,Dust2,0.5,2,0.5833333333333334,12,0.2,10
Enterprise,Ancient,0.5,12,0.40298507462686567,67,0.5423728813559322,59
Enterprise,Anubis,0.25,8,0.375,32,0.5777777777777777,45
Enterprise,Dust2,0.75,8,0.46808510638297873,47,0.6341463414634146,41
Enterprise,Inferno,0.5,8,0.42857142857142855,35,0.4090909090909091,44
Enterprise,Mirage,0.5,22,0.36363636363636365,132,0.42857142857142855,91
Enterprise,Nuke,0.5,18,0.5054945054945055,91,0.49523809523809526,105
Enterprise,Vertigo,0.75,4,0.3333333333333333,21,0.6086956521739131,23
Enterprise Gen,Ancient,0.75,4,0.6666666666666666,24,0.23809523809523808,21
Enterprise Gen,Anubis,0.75,4,0.4166666666666667,24,0.5625,16
Enterprise Gen,Mirage,0.5,4,0.391304347826087,23,0.5,24
Eruption,Ancient,0.56,50,0.5,268,0.5224489795918368,245
Eruption,Anubis,0.5333333333333333,30,0.5060240963855421,166,0.6554054054054054,148
Eruption,Dust2,0.5789473684210527,38,0.4727272727272727,165,0.4883720930232558,215
Eruption,Inferno,0.6666666666666666,12,0.375,72,0.5230769230769231,65
Eruption,Mirage,0.5,28,0.56,150,0.5703703703703704,135
Eruption,Nuke,0.7727272727272727,22,0.4959349593495935,123,0.5486725663716814,113
Eruption,Overpass,0.5,6,0.6111111111111112,36,0.36363636363636365,33
Eruption,Train,0.625,8,0.5263157894736842,38,0.391304347826087,46
Esprots,Ancient,0.75,4,0.5263157894736842,19,0.7619047619047619,21
Esprots,Dust2,1.0,2,0.5833333333333334,12,1.0,6
Esprots,Mirage,0.5,2,0.5,12,0.7,10
Eternal Fire,Ancient,0.3333333333333333,12,0.4507042253521127,71,0.4696969696969697,66
Eternal Fire,Anubis,0.546875,64,0.5070422535211268,355,0.6042296072507553,331
Eternal Fire,Dust2,0.4375,112,0.5175438596491229,570,0.49666666666666665,600
Eternal Fire,Inferno,0.5084745762711864,118,0.4960254372019078,629,0.5451664025356577,631
Eternal Fire,Mirage,0.5555555555555556,90,0.5786163522012578,477,0.5194508009153318,437
Eternal Fire,Nuke,0.4883720930232558,86,0.5592841163310962,447,0.5077951002227171,449
Eternal Fire,Overpass,0.603448275862069,58,0.5338078291814946,281,0.49710982658959535,346
Eternal Fire,Train,0.5681818181818182,44,0.5057915057915058,259,0.4519230769230769,208
Eternal Fire,Vertigo,0.6,10,0.6666666666666666,45,0.5166666666666667,60
Eternal Fire Academy,Anubis,0.5,2,0.125,8,0.5,12
Eternal Fire Academy,Dust2,0.5,4,0.7083333333333334,24,0.4,15
Eternal Fire Academy,Inferno,0.5,6,0.6,25,0.45714285714285713,35
Eternal Fire Academy,Mirage,0.0,2,0.5833333333333334,12,0.2,10
Eternal Fire Academy,Nuke,0.0,2,0.5833333333333334,12,0.5454545454545454,11
Exceed,Ancient,0.5,4,0.4166666666666667,24,0.6470588235294118,17
Exceed,Dust2,0.75,4,0.4444444444444444,18,0.8181818181818182,22
Exceed,Inferno,0.5,2,0.2727272727272727,11,0.5833333333333334,12
Exceritus,Ancient,0.0,6,0.38095238095238093,21,0.6388888888888888,36
Exceritus,Anubis,0.0,2,0.2,5,0.25,12
Exceritus,Dust2,0.0,4,0.3333333333333333,24,0.47058823529411764,17
Exceritus,Inferno,0.3333333333333333,6,0.2777777777777778,36,0.5217391304347826,23
Exceritus,Mirage,0.5,8,0.46153846153846156,39,0.3888888888888889,36
Exceritus,Train,0.6666666666666666,6,0.6153846153846154,13,0.5833333333333334,36
Exsto,Dust2,0.5,4,0.375,24,0.42105263157894735,19
Exsto,Inferno,0.0,2,0.25,12,0.2,5
Exsto,Mirage,0.3333333333333333,6,0.22727272727272727,22,0.4166666666666667,36
Exsto,Train,0.5,2,0.5833333333333334,12,0.6666666666666666,9
Exusiai,Ancient,0.5,2,0.5,8,0.25,12
Exusiai,Dust2,0.5,2,0.25,12,0.5555555555555556,9
Exusiai,Nuke,1.0,2,0.6,10,0.5833333333333334,12
F5,Anubis,0.5,2,0.3333333333333333,12,0.16666666666666666,6
F5,Dust2,0.5,2,0.3333333333333333,12,0.5,10
FACEITPLAYERS,Ancient,0.75,4,0.5833333333333334,12,0.5,24
FACEITPLAYERS,Inferno,1.0,2,0.75,8,0.5833333333333334,12
FACEITPLAYERS,Train,0.0,2,0.16666666666666666,12,0.25,4
FAVBET,Ancient,0.5555555555555556,162,0.5088105726872246,908,0.5068836045056321,799
FAVBET,Anubis,0.4411764705882353,136,0.4321475625823452,759,0.5924895688456189,719
FAVBET,Dust2,0.5151515151515151,132,0.49577464788732395,710,0.5259146341463414,656
FAVBET,Inferno,0.5511363636363636,176,0.48568019093078757,838,0.5479723046488625,1011
FAVBET,Mirage,0.6666666666666666,6,0.5,34,0.3888888888888889,36
FAVBET,Nuke,0.4928571428571429,140,0.5190839694656488,786,0.4815950920245399,652
FAVBET,Overpass,0.43333333333333335,30,0.5314285714285715,175,0.40131578947368424,152
FAVBET,Train,0.5483870967741935,62,0.5392857142857143,280,0.5,350
FAVBET,Vertigo,0.42857142857142855,28,0.48344370860927155,151,0.5333333333333333,135
FLUFFY AIMERS,Ancient,0.42105263157894735,38,0.46195652173913043,184,0.5520361990950227,221
FLUFFY AIMERS,Anubis,0.5,16,0.4393939393939394,66,0.5294117647058824,85
FLUFFY AIMERS,Dust2,0.5,20,0.5106382978723404,94,0.5272727272727272,110
FLUFFY AIMERS,Inferno,1.0,2,0.3333333333333333,12,0.5833333333333334,12
FLUFFY AIMERS,Mirage,0.5454545454545454,22,0.4765625,128,0.4215686274509804,102
FLUFFY AIMERS,Nuke,0.1,10,0.5833333333333334,60,0.4772727272727273,44
FLUFFY AIMERS,Vertigo,0.5,20,0.5135135135135135,111,0.5357142857142857,112
FLUFFY MAFIA,Ancient,0.6,10,0.65,60,0.5454545454545454,44
FLUFFY MAFIA,Anubis,0.75,8,0.5116279069767442,43,0.5957446808510638,47
FLUFFY MAFIA,Dust2,1.0,2,0.4166666666666667,12,0.5833333333333334,12
FLUFFY MAFIA,Mirage,0.5,4,0.4375,16,0.4090909090909091,22
FLUFFY MAFIA,Vertigo,0.5,2,0.6666666666666666,12,0.3333333333333333,12
FLuffy Gangsters,Ancient,0.532258064516129,62,0.4864864864864865,296,0.4955223880597015,335
FLuffy Gangsters,Anubis,0.39285714285714285,56,0.3675496688741722,302,0.5574324324324325,296
FLuffy Gangsters,Dust2,0.3888888888888889,18,0.4537037037037037,108,0.4473684210526316,76
FLuffy Gangsters,Inferno,0.5,8,0.5217391304347826,46,0.2777777777777778,36
FLuffy Gangsters,Mirage,0.3793103448275862,58,0.4507936507936508,315,0.5479876160990712,323
FLuffy Gangsters,Nuke,0.34615384615384615,26,0.4666666666666667,150,0.3805309734513274,113
FLuffy Gangsters,Train,0.5,2,0.5833333333333334,12,0.4166666666666667,12
FLuffy Gangsters,Vertigo,0.5,6,0.4166666666666667,24,0.5517241379310345,29
FOLHA AMARELA,Ancient,0.75,4,0.85,20,0.6,15
FOLHA AMARELA,Dust2,0.5,4,0.6666666666666666,18,0.875,16
FOLHA AMARELA,Nuke,1.0,2,0.5833333333333334,12,0.4166666666666667,12
FOLHA AMARELA,Overpass,0.5,2,0.5833333333333334,12,0.2727272727272727,11
FOREVERMENTIONE,Mirage,0.0,2,0.3,10,0.5,12
FOREVERMENTIONE,Nuke,1.0,2,0.4166666666666667,12,0.4,10
FORZE Reload,Ancient,0.5151515151515151,66,0.48985507246376814,345,0.5198863636363636,352
FORZE Reload,Anubis,0.53125,32,0.4438202247191011,178,0.593939393939394,165
FORZE Reload,Dust2,0.5128205128205128,78,0.5297029702970297,404,0.45584725536992843,419
FORZE Reload,Mirage,0.5434782608695652,46,0.5076923076923077,260,0.4900990099009901,202
FORZE Reload,Nuke,0.5,90,0.513978494623656,465,0.4456066945606695,478
FORZE Reload,Overpass,0.6,40,0.5517241379310345,203,0.5042735042735043,234
FORZE Reload,Train,0.5454545454545454,44,0.46153846153846156,208,0.5228215767634855,241
FORZE Reload,Vertigo,0.5,8,0.5217391304347826,46,0.525,40
FOXED,Ancient,0.5,4,0.4090909090909091,22,0.5833333333333334,24
FOXED,Anubis,0.5,4,0.6363636363636364,22,0.375,24
FOXED,Inferno,0.5,2,0.3333333333333333,12,0.375,8
FOXED,Train,0.5,2,0.5833333333333334,12,0.6666666666666666,9
FULL SEND,Ancient,0.375,8,0.5625,48,0.5,26
FULL SEND,Dust2,0.6,10,0.5384615384615384,39,0.4166666666666667,60
FULL SEND,Inferno,0.25,4,0.25,24,0.2727272727272727,11
FULL SEND,Mirage,0.3888888888888889,18,0.4861111111111111,72,0.5,108
FULL SEND,Nuke,0.3,10,0.5666666666666667,60,0.2765957446808511,47
FULL SEND,Overpass,0.5,4,0.4583333333333333,24,0.4,20
FULL SEND,Train,0.8333333333333334,6,0.5517241379310345,29,0.3055555555555556,36
FURIA,Ancient,1.0,2,0.5833333333333334,12,0.4166666666666667,12
FURIA,Anubis,0.5,56,0.43309859154929575,284,0.5551839464882943,299
FURIA,Dust2,0.49,100,0.5010615711252654,471,0.5600706713780919,566
FURIA,Inferno,0.5340909090909091,88,0.5173913043478261,460,0.5671981776765376,439
FURIA,Mirage,0.4673913043478261,92,0.49317738791423,513,0.468384074941452,427
FURIA,Nuke,0.53125,64,0.5619335347432024,331,0.4763231197771588,359
FURIA,Overpass,0.6428571428571429,14,0.547945205479452,73,0.5789473684210527,76
FURIA,Train,0.6428571428571429,42,0.5414364640883977,181,0.5469387755102041,245
FURIA,Vertigo,0.45,20,0.41237113402061853,97,0.5871559633027523,109
FURIA fe,Ancient,0.42857142857142855,42,0.5431472081218274,197,0.5786802030456852,197
FURIA fe,Anubis,0.631578947368421,38,0.5603864734299517,207,0.6987951807228916,166
FURIA fe,Dust2,0.5769230769230769,26,0.6106870229007634,131,0.5,122
FURIA fe,Inferno,0.5,22,0.33653846153846156,104,0.5478260869565217,115
FURIA fe,Mirage,0.5833333333333334,12,0.5972222222222222,72,0.48,50
FURIA fe,Nuke,0.35,40,0.4918918918918919,185,0.5232558139534884,172
FURIA fe,Overpass,1.0,2,0.9166666666666666,12,1.0,2
FURIA fe,Train,0.16666666666666666,6,0.5185185185185185,27,0.2777777777777778,36
FURIA fe,Vertigo,0.5,2,0.75,12,0.8,5
FURY,Ancient,0.35714285714285715,14,0.5396825396825397,63,0.46153846153846156,78
FURY,Anubis,0.25,4,0.6,15,0.7083333333333334,24
FURY,Dust2,0.4166666666666667,12,0.3548387096774194,62,0.36,50
FURY,Inferno,0.6,10,0.3584905660377358,53,0.4594594594594595,37
FURY,Nuke,0.375,16,0.475,80,0.45121951219512196,82
FURY,Overpass,0.6666666666666666,6,0.3888888888888889,36,0.44,25
FURY,Train,0.4,10,0.5365853658536586,41,0.4166666666666667,60
FUT,Ancient,0.6071428571428571,28,0.5460526315789473,152,0.45751633986928103,153
FUT,Dust2,0.5882352941176471,34,0.6059113300492611,203,0.42528735632183906,174
FUT,Inferno,0.4375,16,0.5730337078651685,89,0.5280898876404494,89
FUT,Mirage,0.5909090909090909,44,0.6540284360189573,211,0.5182186234817814,247
FUT,Nuke,0.4090909090909091,22,0.5403225806451613,124,0.4230769230769231,104
FUT,Overpass,0.625,8,0.4375,48,0.3235294117647059,34
FaZe,Ancient,0.5212765957446809,94,0.5142276422764228,492,0.5555555555555556,504
FaZe,Anubis,0.4791666666666667,48,0.492,250,0.5355648535564853,239
FaZe,Dust2,0.6,80,0.5253807106598984,394,0.5305164319248826,426
FaZe,Inferno,0.4411764705882353,68,0.4582210242587601,371,0.5252808988764045,356
FaZe,Mirage,0.5,78,0.5427251732101617,433,0.4987146529562982,389
FaZe,Nuke,0.5909090909090909,66,0.5146198830409356,342,0.47580645161290325,372
FaZe,Overpass,0.3333333333333333,6,0.5277777777777778,36,0.26666666666666666,30
FaZe,Train,0.625,8,0.5208333333333334,48,0.23333333333333334,30
Fake do Biru,Ancient,0.5,6,0.5833333333333334,36,0.6666666666666666,27
Fake do Biru,Anubis,0.625,8,0.358974358974359,39,0.5128205128205128,39
Fake do Biru,Dust2,0.6666666666666666,6,0.6538461538461539,26,0.5833333333333334,36
Fake do Biru,Inferno,0.5,10,0.5,60,0.46511627906976744,43
Fake do Biru,Mirage,0.5625,16,0.5857142857142857,70,0.5393258426966292,89
Fake do Biru,Nuke,0.3,10,0.4406779661016949,59,0.5892857142857143,56
Fake do Biru,Train,0.5,2,0.08333333333333333,12,0.3333333333333333,3
Falcons,Ancient,0.5641025641025641,78,0.5542168674698795,415,0.5673076923076923,416
Falcons,Anubis,0.3,20,0.5,108,0.46,100
Falcons,Dust2,0.42857142857142855,84,0.47901234567901235,405,0.515625,448
Falcons,Inferno,0.43333333333333335,60,0.45058139534883723,344,0.48,275
Falcons,Mirage,0.4827586206896552,58,0.5217391304347826,322,0.48951048951048953,286
Falcons,Nuke,0.46153846153846156,78,0.5528846153846154,416,0.49878345498783455,411
Falcons,Train,0.42857142857142855,42,0.5424528301886793,212,0.5,218
Falcons,Vertigo,0.5,16,0.631578947368421,95,0.3974358974358974,78
Famalicão,Ancient,0.375,8,0.34146341463414637,41,0.3684210526315789,38
Famalicão,Dust2,0.4375,16,0.34285714285714286,70,0.3764705882352941,85
Famalicão,Inferno,0.5,4,0.6,15,0.625,24
Famalicão,Mirage,0.5,2,0.3333333333333333,12,0.16666666666666666,6
Famalicão,Nuke,0.0,4,0.25,24,0.1111111111111111,9
Famalicão,Overpass,1.0,2,0.3333333333333333,12,0.16666666666666666,6
Famalicão,Train,0.5,2,0.7,10,0.5,12
Familia Maquininha,Anubis,0.0,2,0.2857142857142857,7,0.3333333333333333,12
Familia Maquininha,Dust2,0.75,8,0.3333333333333333,36,0.4166666666666667,48
Familia Maquininha,Inferno,0.3333333333333333,6,0.5185185185185185,27,0.5,28
Familia Maquininha,Mirage,0.16666666666666666,6,0.46153846153846156,26,0.3125,32
Familia Maquininha,Nuke,0.75,4,0.625,24,0.22727272727272727,22
Familia Maquininha,Train,1.0,2,0.4166666666666667,12,0.5,12
Fated Rise,Ancient,0.6666666666666666,6,0.5294117647058824,34,0.5769230769230769,26
Fated Rise,Anubis,0.0,4,0.42857142857142855,21,0.4583333333333333,24
Fated Rise,Dust2,0.3333333333333333,6,0.4642857142857143,28,0.2,30
Fated Rise,Inferno,0.5,4,0.625,24,0.6470588235294118,17
Fated Rise,Mirage,0.25,12,0.532258064516129,62,0.5538461538461539,65
Fated Rise,Nuke,0.5,2,0.8333333333333334,12,0.3333333333333333,9
FengDa,Ancient,0.6521739130434783,46,0.5081967213114754,244,0.5040650406504065,246
FengDa,Anubis,0.6666666666666666,6,0.3888888888888889,36,0.625,32
FengDa,Dust2,0.38235294117647056,34,0.43005181347150256,193,0.4457831325301205,166
FengDa,Inferno,0.425,40,0.4339622641509434,212,0.46511627906976744,215
FengDa,Mirage,0.40476190476190477,42,0.5506607929515418,227,0.4976958525345622,217
FengDa,Nuke,0.4,10,0.5283018867924528,53,0.4166666666666667,48
FengDa,Train,0.0,4,0.375,24,0.5416666666666666,24
Final Form,Ancient,0.5,6,0.3548387096774194,31,0.2692307692307692,26
Final Form,Anubis,1.0,4,0.4166666666666667,24,0.5416666666666666,24
Final Form,Dust2,0.75,4,0.4583333333333333,24,0.5333333333333333,15
Final Form,Inferno,0.5,4,0.3333333333333333,12,0.5,24
Final Form,Nuke,0.5,6,0.3888888888888889,36,0.5714285714285714,28
Final Form,Vertigo,0.5,2,0.3333333333333333,12,0.6666666666666666,12
Fingers Crossed,Overpass,1.0,2,0.5,12,0.5,12
Fire Flux,Ancient,0.4375,128,0.4922425952045134,709,0.44098360655737706,610
Fire Flux,Anubis,0.5423728813559322,118,0.44594594594594594,666,0.5769230769230769,624
Fire Flux,Dust2,0.5272727272727272,110,0.5176678445229682,566,0.46715328467153283,548
Fire Flux,Inferno,0.5348837209302325,86,0.46741573033707867,445,0.5747126436781609,435
Fire Flux,Mirage,0.49038461538461536,104,0.47266313932980597,567,0.5120593692022264,539
Fire Flux,Overpass,0.3333333333333333,6,0.5833333333333334,36,0.4857142857142857,35
Fire Flux,Train,0.4473684210526316,38,0.511520737327189,217,0.425531914893617,188
Fire Flux,Vertigo,0.6538461538461539,26,0.4959349593495935,123,0.6444444444444445,135
Fisher College,Ancient,0.375,40,0.5187165775401069,187,0.47738693467336685,199
Fisher College,Anubis,0.5,32,0.375,168,0.5882352941176471,170
Fisher College,Dust2,0.375,8,0.3333333333333333,48,0.3,20
Fisher College,Inferno,0.35714285714285715,14,0.39285714285714285,84,0.5686274509803921,51
Fisher College,Mirage,0.3076923076923077,26,0.42948717948717946,156,0.4672897196261682,107
Fisher College,Nuke,0.4117647058823529,34,0.43243243243243246,148,0.51010101010101,198
Fisher College,Train,0.125,8,0.4791666666666667,48,0.13333333333333333,30
Fisher College,Vertigo,0.5,2,0.5833333333333334,12,0.3333333333333333,12
Fisher Tsunami,Ancient,0.5,2,0.1111111111111111,9,0.5833333333333334,12
Fisher Tsunami,Anubis,0.6666666666666666,6,0.625,32,0.6551724137931034,29
Fisher Tsunami,Mirage,1.0,4,0.6666666666666666,24,0.5,20
Fisher Tsunami,Nuke,0.5,6,0.6666666666666666,36,0.375,32
Flame Sharks,Ancient,0.6,10,0.6,60,0.3404255319148936,47
Flame Sharks,Dust2,0.5,4,0.625,24,0.5789473684210527,19
Flame Sharks,Mirage,0.25,4,0.5833333333333334,24,0.5,24
Flame Sharks,Nuke,0.6428571428571429,14,0.5066666666666667,75,0.5194805194805194,77
Flame Sharks,Overpass,0.5,4,0.6666666666666666,18,0.35294117647058826,17
Flame Sharks,Train,0.6666666666666666,6,0.72,25,0.5277777777777778,36
Flame Sharks fe,Ancient,0.0,2,0.6666666666666666,12,0.5555555555555556,9
Flame Sharks fe,Dust2,0.75,4,0.4117647058823529,17,0.75,24
Flame Sharks fe,Inferno,0.0,2,0.42857142857142855,7,0.25,12
Flame Sharks fe,Train,0.75,4,0.7,20,0.35294117647058826,17
Flamengo,Ancient,0.5,42,0.4978165938864629,229,0.5096153846153846,208
Flamengo,Anubis,0.46153846153846156,26,0.5035971223021583,139,0.5314685314685315,143
Flamengo,Dust2,0.5862068965517241,58,0.5714285714285714,287,0.5469255663430421,309
Flamengo,Inferno,0.6666666666666666,24,0.549618320610687,131,0.6132075471698113,106
Flamengo,Mirage,0.5,66,0.6089743589743589,312,0.512,375
Flamengo,Nuke,0.55,40,0.5098039215686274,204,0.41624365482233505,197
Flamengo,Overpass,0.5,6,0.6129032258064516,31,0.4444444444444444,36
Flamengo,Train,0.0,2,0.4166666666666667,12,0.0,6
Floripa Stars,Ancient,0.5,20,0.46236559139784944,93,0.3504273504273504,117
Floripa Stars,Anubis,0.7,10,0.31666666666666665,60,0.7045454545454546,44
Floripa Stars,Dust2,0.3888888888888889,18,0.5051546391752577,97,0.3977272727272727,88
Floripa Stars,Inferno,0.0,4,0.25,24,0.2727272727272727,11
Floripa Stars,Mirage,0.21428571428571427,14,0.38271604938271603,81,0.22641509433962265,53
Floripa Stars,Nuke,0.3333333333333333,18,0.4111111111111111,90,0.4105263157894737,95
Floripa Stars,Train,0.6666666666666666,6,0.6538461538461539,26,0.3333333333333333,27
Flshbck,Ancient,0.5714285714285714,14,0.5606060606060606,66,0.4838709677419355,62
Flshbck,Anubis,0.6428571428571429,14,0.5205479452054794,73,0.6060606060606061,66
Flshbck,Dust2,0.8333333333333334,6,0.6666666666666666,36,0.6818181818181818,22
Flshbck,Inferno,0.7,10,0.5454545454545454,55,0.47058823529411764,51
Flshbck,Mirage,0.5,10,0.48148148148148145,54,0.4489795918367347,49
Flshbck,Nuke,0.0,4,0.4166666666666667,24,0.14285714285714285,14
Flshbck,Train,0.5,2,0.5,12,0.0,7
Fluxo,Ancient,0.546875,64,0.4918032786885246,305,0.5828729281767956,362
Fluxo,Dust2,0.5294117647058824,34,0.4656084656084656,189,0.5743243243243243,148
Fluxo,Inferno,0.4166666666666667,36,0.5885416666666666,192,0.3793103448275862,174
Fluxo,Mirage,0.5,66,0.5887850467289719,321,0.5105740181268882,331
Fluxo,Nuke,0.59375,64,0.5415384615384615,325,0.51875,320
Fluxo,Overpass,0.0,4,0.3333333333333333,24,0.0,10
Fluxo,Train,0.5,22,0.6124031007751938,129,0.4636363636363636,110
Fluxo,Vertigo,0.6428571428571429,14,0.6470588235294118,68,0.39473684210526316,76
Fluxo Demons,Ancient,0.42857142857142855,14,0.4578313253012048,83,0.40350877192982454,57
Fluxo Demons,Anubis,0.5,8,0.375,40,0.48936170212765956,47
Fluxo Demons,Inferno,0.5,4,0.375,24,0.5833333333333334,24
Fluxo Demons,Nuke,0.5625,16,0.5510204081632653,49,0.5208333333333334,96
FlyQuest,Ancient,0.5535714285714286,56,0.5671140939597316,298,0.4928571428571429,280
FlyQuest,Anubis,0.5789473684210527,38,0.4095744680851064,188,0.6594594594594595,185
FlyQuest,Dust2,0.5,48,0.5802469135802469,243,0.4796380090497738,221
FlyQuest,Inferno,0.5147058823529411,68,0.5375722543352601,346,0.48148148148148145,378
FlyQuest,Mirage,0.38235294117647056,34,0.5365853658536586,164,0.4438202247191011,178
FlyQuest,Nuke,0.3333333333333333,36,0.4898989898989899,198,0.45098039215686275,153
FlyQuest,Overpass,1.0,4,0.5833333333333334,24,0.5,18
FlyQuest,Train,0.6666666666666666,6,0.6,30,0.2962962962962963,27
FlyQuest,Vertigo,0.4166666666666667,12,0.5806451612903226,62,0.5416666666666666,72
FlyQuest RED,Anubis,0.5,14,0.5540540540540541,74,0.6338028169014085,71
FlyQuest RED,Dust2,0.5434782608695652,46,0.4406779661016949,236,0.5517241379310345,232
FlyQuest RED,Inferno,0.34615384615384615,26,0.4351145038167939,131,0.4462809917355372,121
FlyQuest RED,Mirage,0.5434782608695652,46,0.5462555066079295,227,0.5504201680672269,238
FlyQuest RED,Nuke,0.4090909090909091,22,0.488,125,0.37894736842105264,95
FlyQuest RED,Overpass,0.25,8,0.358974358974359,39,0.4444444444444444,45
FlyQuest RED,Train,0.35714285714285715,14,0.5540540540540541,74,0.3582089552238806,67
FlyQuest RED,Vertigo,0.0,2,0.4166666666666667,12,0.5833333333333334,12
Forward,Ancient,0.5,2,0.3333333333333333,12,0.5833333333333334,12
Forward,Anubis,0.5,4,0.5384615384615384,13,0.5416666666666666,24
Forward,Mirage,0.25,4,0.20833333333333334,24,0.2222222222222222,9
Four Magic fe,Ancient,0.6666666666666666,6,0.5277777777777778,36,0.7037037037037037,27
Four Magic fe,Dust2,0.5,2,0.25,12,0.6363636363636364,11
Four Magic fe,Inferno,0.3333333333333333,6,0.36,25,0.6388888888888888,36
Four Magic fe,Mirage,0.3333333333333333,6,0.4444444444444444,36,0.3333333333333333,27
Four Magic fe,Nuke,0.5,8,0.8461538461538461,26,0.3541666666666667,48
France fe,Ancient,1.0,2,0.75,12,1.0,4
France fe,Anubis,0.5,6,0.5625,32,0.7,30
France fe,Dust2,0.5,2,0.6666666666666666,6,0.08333333333333333,12
France fe,Inferno,0.5,8,0.5945945945945946,37,0.5652173913043478,46
France fe,Mirage,0.5,2,0.5833333333333334,12,0.1111111111111111,9
France fe,Nuke,0.5,2,0.4166666666666667,12,0.3333333333333333,9
France fe,Vertigo,1.0,2,0.6666666666666666,12,0.8333333333333334,6
Fudidos e anonymous,Ancient,0.5,4,0.5833333333333334,24,0.42857142857142855,14
Fudidos e anonymous,Dust2,1.0,2,0.8,5,0.75,12
Fudidos e anonymous,Mirage,0.5,4,0.5,18,0.3333333333333333,24
Fudidos e anonymous,Nuke,0.0,2,0.4166666666666667,12,0.0,6
Full House,Mirage,0.0,2,0.6666666666666666,12,0.3333333333333333,12
Full House,Overpass,0.0,2,0.0,3,0.16666666666666666,12
G2,Ancient,0.4868421052631579,76,0.4701298701298701,385,0.5295566502463054,406
G2,Anubis,0.5,30,0.5,134,0.5224719101123596,178
G2,Dust2,0.6162790697674418,86,0.5133928571428571,448,0.5689277899343544,457
G2,Inferno,0.5875,80,0.5572916666666666,384,0.5505882352941176,425
G2,Mirage,0.5625,80,0.5,426,0.5314685314685315,429
G2,Nuke,0.5681818181818182,44,0.6126482213438735,253,0.3894230769230769,208
G2,Overpass,0.3,10,0.5333333333333333,60,0.37777777777777777,45
G2,Train,0.6666666666666666,12,0.6212121212121212,66,0.509090909090909,55
G2 Ares,Ancient,0.5416666666666666,48,0.5043103448275862,232,0.5147679324894515,237
G2 Ares,Anubis,0.5,22,0.4883720930232558,129,0.5803571428571429,112
G2 Ares,Dust2,0.5,30,0.5590062111801242,161,0.5074626865671642,134
G2 Ares,Inferno,0.5588235294117647,34,0.4911242603550296,169,0.6086956521739131,184
G2 Ares,Mirage,0.6428571428571429,28,0.5343511450381679,131,0.5102040816326531,147
G2 Ares,Overpass,0.5,10,0.48333333333333334,60,0.40384615384615385,52
G2 Ares,Train,0.5,20,0.504424778761062,113,0.4563106796116505,103
G2 Ares,Vertigo,1.0,2,0.5,12,0.7,10
GALAXY,Ancient,0.5,4,0.7222222222222222,18,0.5416666666666666,24
GALAXY,Mirage,1.0,2,0.5833333333333334,12,0.5,12
GALAXY,Train,0.5,2,0.5833333333333334,12,0.4166666666666667,12
GANK,Nuke,0.5,2,0.5,12,0.125,8
GANK,Overpass,0.0,2,0.5,6,0.16666666666666666,12
GATERON,Ancient,0.0,4,0.3333333333333333,12,0.25,24
GATERON,Anubis,0.5,2,0.6363636363636364,11,0.5,12
GATERON,Inferno,0.75,4,0.3157894736842105,19,0.4583333333333333,24
GATERON,Nuke,0.3333333333333333,6,0.42857142857142855,35,0.53125,32
GENESIS,Ancient,0.5,8,0.43902439024390244,41,0.5227272727272727,44
GENESIS,Anubis,0.375,8,0.5384615384615384,39,0.5238095238095238,42
GENESIS,Dust2,0.0,2,0.4166666666666667,12,0.3333333333333333,9
GENESIS,Inferno,0.5,6,0.6071428571428571,28,0.4722222222222222,36
GENESIS,Mirage,0.75,4,0.25,24,0.42857142857142855,14
GENESIS,Overpass,0.5,2,0.36363636363636365,11,0.5,12
GENESIUM,Anubis,0.0,2,0.5714285714285714,7,0.16666666666666666,12
GENESIUM,Dust2,0.0,2,0.0,5,0.3333333333333333,12
GL Academy,Ancient,1.0,2,0.6666666666666666,12,0.4166666666666667,12
GL Academy,Anubis,0.0,2,0.25,12,0.0,4
GL Academy,Dust2,0.0,2,0.25,12,0.2,5
GL Academy,Inferno,0.5,2,0.3333333333333333,12,0.5454545454545454,11
GL Academy,Vertigo,0.5,2,0.2857142857142857,7,0.3333333333333333,12
GLORE,Ancient,0.25,4,0.375,16,0.058823529411764705,17
GLORE,Dust2,0.5,4,0.4583333333333333,24,0.5,24
GLORE,Inferno,0.3333333333333333,6,0.5277777777777778,36,0.4,30
GLORE,Mirage,0.6666666666666666,12,0.5483870967741935,62,0.5645161290322581,62
GLORE,Overpass,0.5,4,0.6666666666666666,24,0.4,20
GLORE,Train,0.5,2,0.5833333333333334,12,0.5454545454545454,11
GODSENT,Ancient,0.75,8,0.7027027027027027,37,0.6341463414634146,41
GODSENT,Anubis,0.75,4,0.4117647058823529,17,0.6666666666666666,21
GODSENT,Dust2,0.0,2,0.0,5,0.3333333333333333,12
GODSENT,Inferno,0.0,2,0.4166666666666667,12,0.14285714285714285,7
GODSENT,Mirage,0.375,8,0.2916666666666667,48,0.5,28
GODSENT,Nuke,0.5,4,0.55,20,0.47619047619047616,21
GOT,Ancient,1.0,2,0.25,12,0.42857142857142855,7
GOT,Dust2,1.0,2,0.6363636363636364,11,0.25,12
GR,Ancient,0.6666666666666666,18,0.5487804878048781,82,0.5643564356435643,101
GR,Anubis,0.25,20,0.5,108,0.4329896907216495,97
GR,Dust2,0.625,8,0.3902439024390244,41,0.6444444444444445,45
GR,Inferno,0.125,8,0.5208333333333334,48,0.5116279069767442,43
GR,Mirage,0.75,4,0.26666666666666666,15,0.375,24
GTZ,Ancient,0.4318181818181818,44,0.4433497536945813,203,0.49606299212598426,254
GTZ,Anubis,0.5,38,0.39705882352941174,204,0.4947916666666667,192
GTZ,Dust2,0.45454545454545453,22,0.5284552845528455,123,0.3368421052631579,95
GTZ,Inferno,0.5666666666666667,30,0.5112781954887218,133,0.5168539325842697,178
GTZ,Mirage,0.5,30,0.4338235294117647,136,0.4774193548387097,155
GTZ,Nuke,0.2,30,0.36666666666666664,180,0.3142857142857143,105
GTZ,Vertigo,0.5,4,0.3333333333333333,18,0.8695652173913043,23
GUESS,Dust2,0.0,2,0.125,8,0.5,12
GUESS,Mirage,0.5,2,0.16666666666666666,12,0.5,6
GUN5,Ancient,0.527027027027027,222,0.5161001788908766,1118,0.5361067503924647,1274
GUN5,Anubis,0.4625,80,0.441025641025641,390,0.5955555555555555,450
GUN5,Dust2,0.5602409638554217,166,0.5068493150684932,803,0.5787781350482315,933
GUN5,Inferno,0.5,100,0.5454545454545454,583,0.540948275862069,464
GUN5,Mirage,0.50625,160,0.534994068801898,843,0.491725768321513,846
GUN5,Nuke,0.49295774647887325,142,0.559748427672956,795,0.46987951807228917,664
GUN5,Overpass,0.5,6,0.4166666666666667,36,0.4,30
GUN5,Train,0.5,32,0.5815217391304348,184,0.4034090909090909,176
Gaimin Gladiators,Ancient,0.44642857142857145,56,0.5242718446601942,309,0.4506578947368421,304
Gaimin Gladiators,Anubis,0.3684210526315789,38,0.41379310344827586,203,0.5741626794258373,209
Gaimin Gladiators,Dust2,0.38333333333333336,60,0.4682080924855491,346,0.5395189003436426,291
Gaimin Gladiators,Inferno,0.4142857142857143,70,0.471976401179941,339,0.5736040609137056,394
Gaimin Gladiators,Nuke,0.45652173913043476,46,0.49382716049382713,243,0.46875,224
Gaimin Gladiators,Overpass,0.0,4,0.6666666666666666,15,0.2631578947368421,19
Gaimin Gladiators,Train,0.5,4,0.5,14,0.6666666666666666,24
Gaimin Gladiators,Vertigo,0.5,10,0.48148148148148145,54,0.47368421052631576,57
Galorys,Ancient,0.45454545454545453,44,0.5097087378640777,206,0.5691056910569106,246
Galorys,Anubis,0.6428571428571429,14,0.5492957746478874,71,0.5714285714285714,84
Galorys,Dust2,0.5,30,0.4550898203592814,167,0.46808510638297873,141
Galorys,Inferno,0.3125,16,0.38961038961038963,77,0.5287356321839081,87
Galorys,Mirage,0.5,44,0.5047169811320755,212,0.47844827586206895,232
Galorys,Nuke,0.6111111111111112,36,0.5678391959798995,199,0.4444444444444444,180
Galorys,Overpass,0.5,4,0.7272727272727273,22,0.4166666666666667,24
Galorys,Train,0.5,4,0.5416666666666666,24,0.2777777777777778,18
Galorys,Vertigo,0.5,2,0.6666666666666666,6,0.08333333333333333,12
Galorys Academy,Ancient,0.3333333333333333,6,0.5,28,0.3055555555555556,36
Galorys Academy,Anubis,0.5,2,0.3333333333333333,12,0.5833333333333334,12
Galorys Academy,Dust2,0.75,4,0.3333333333333333,24,0.3333333333333333,15
Galorys Academy,Inferno,0.6666666666666666,6,0.40625,32,0.6666666666666666,30
Galorys Academy,Mirage,0.5,6,0.5357142857142857,28,0.5,36
GameAgents,Ancient,0.25,4,0.43478260869565216,23,0.5,24
GameAgents,Anubis,0.5,6,0.6176470588235294,34,0.53125,32
GameAgents,Dust2,0.25,4,0.375,24,0.3333333333333333,15
GameAgents,Inferno,0.5,2,0.25,12,0.42857142857142855,7
GameAgents,Mirage,0.6,10,0.45652173913043476,46,0.55,60
GameAgents,Nuke,0.6666666666666666,12,0.5,70,0.4861111111111111,72
GameHunters,Ancient,0.4166666666666667,60,0.42565597667638483,343,0.43508771929824563,285
GameHunters,Anubis,0.5526315789473685,38,0.4946808510638298,188,0.5945945945945946,185
GameHunters,Dust2,0.4891304347826087,92,0.5081967213114754,488,0.5204918032786885,488
GameHunters,Inferno,0.375,32,0.47191011235955055,178,0.47530864197530864,162
GameHunters,Mirage,0.4868421052631579,76,0.48293963254593175,381,0.49271844660194175,412
GameHunters,Nuke,0.4895833333333333,96,0.5251509054325956,497,0.4260700389105058,514
GameHunters,Overpass,0.25,8,0.5641025641025641,39,0.40476190476190477,42
GameHunters,Train,0.5,4,0.4583333333333333,24,0.5,18
GamerLegion,Ancient,0.5232558139534884,86,0.5244444444444445,450,0.5132743362831859,452
GamerLegion,Anubis,0.6428571428571429,56,0.4982456140350877,285,0.48951048951048953,286
GamerLegion,Dust2,0.46875,32,0.5662650602409639,166,0.48299319727891155,147
GamerLegion,Inferno,0.5106382978723404,94,0.5040650406504065,492,0.5060483870967742,496
GamerLegion,Mirage,0.49,100,0.4931506849315068,511,0.48987108655616945,543
GamerLegion,Nuke,0.5116279069767442,86,0.5229166666666667,480,0.4485981308411215,428
GamerLegion,Overpass,0.5,16,0.5526315789473685,76,0.5494505494505495,91
GamerLegion,Train,0.36363636363636365,22,0.4672131147540984,122,0.4077669902912621,103
GamerLegion,Vertigo,0.6363636363636364,22,0.5284552845528455,123,0.5391304347826087,115
Garden Garage,Ancient,0.3333333333333333,12,0.5362318840579711,69,0.49295774647887325,71
Garden Garage,Anubis,0.5,6,0.20689655172413793,29,0.53125,32
Garden Garage,Inferno,0.5,10,0.55,60,0.4,50
Garden Garage,Mirage,0.5,4,0.5833333333333334,24,0.5238095238095238,21
Garden Garage,Nuke,0.5,8,0.75,44,0.4838709677419355,31
Garden Garage,Train,0.0,2,0.16666666666666666,12,0.5714285714285714,7
Gelo,Ancient,0.5,2,0.0,5,0.3333333333333333,12
Gelo,Vertigo,0.0,2,0.2727272727272727,11,0.5833333333333334,12
GenOne,Ancient,0.4765625,128,0.40431266846361186,742,0.4930313588850174,574
GenOne,Anubis,0.5660377358490566,106,0.40202702702702703,592,0.6017857142857143,560
GenOne,Dust2,0.5204081632653061,98,0.4908722109533469,493,0.5208333333333334,528
GenOne,Inferno,0.4625,80,0.47901234567901235,405,0.5595505617977528,445
GenOne,Mirage,0.6666666666666666,12,0.44285714285714284,70,0.39622641509433965,53
GenOne,Nuke,0.4491525423728814,118,0.48355263157894735,608,0.4873417721518987,632
GenOne,Overpass,0.5,10,0.5957446808510638,47,0.5614035087719298,57
GenOne,Train,0.5,20,0.4583333333333333,120,0.37349397590361444,83
GenOne,Vertigo,0.4,10,0.6153846153846154,39,0.25,60
Gentle Mates,Ancient,0.5833333333333334,24,0.5594405594405595,143,0.5508474576271186,118
Gentle Mates,Inferno,0.45454545454545453,22,0.5154639175257731,97,0.452991452991453,117
Gentle Mates,Mirage,0.4583333333333333,24,0.4927536231884058,138,0.34234234234234234,111
Gentle Mates,Nuke,0.5,26,0.5934065934065934,91,0.5128205128205128,156
Gentle Mates,Overpass,0.5,4,0.6190476190476191,21,0.5416666666666666,24
Gentle Mates,Train,0.6,10,0.4666666666666667,60,0.42857142857142855,56
Germany,Dust2,0.75,4,0.5882352941176471,17,0.7619047619047619,21
Germany,Inferno,0.625,8,0.5882352941176471,34,0.6458333333333334,48
Germany,Mirage,0.6666666666666666,6,0.5555555555555556,36,0.5333333333333333,30
Germany,Nuke,0.25,4,0.625,24,0.45,20
Germany fe,Ancient,1.0,2,0.8333333333333334,12,0.75,4
Germany fe,Anubis,0.5,2,0.3,10,0.5,12
Germany fe,Mirage,0.5,2,0.16666666666666666,12,0.4,5
Germany fe,Nuke,0.5,2,0.14285714285714285,7,0.4166666666666667,12
Germany fe,Train,0.25,4,0.2,15,0.5416666666666666,24
Getting Info,Ancient,0.56,100,0.5326923076923077,520,0.5510597302504817,519
Getting Info,Anubis,0.5277777777777778,36,0.5764705882352941,170,0.5828877005347594,187
Getting Info,Dust2,0.56,50,0.5899280575539568,278,0.5324675324675324,231
Getting Info,Inferno,0.5833333333333334,12,0.5660377358490566,53,0.6190476190476191,63
Getting Info,Mirage,0.575,80,0.6022099447513812,362,0.5661252900232019,431
Getting Info,Nuke,0.5294117647058824,68,0.5962566844919787,374,0.4915254237288136,354
Getting Info,Overpass,0.5882352941176471,34,0.546583850931677,161,0.4972067039106145,179
Getting Info,Train,0.6071428571428571,28,0.48214285714285715,168,0.4523809523809524,126
Ghost,Ancient,0.5714285714285714,14,0.5,82,0.5272727272727272,55
Ghost,Anubis,0.6666666666666666,6,0.5185185185185185,27,0.5882352941176471,34
Ghost,Dust2,0.5625,16,0.3835616438356164,73,0.32926829268292684,82
Ghost,Inferno,0.5,22,0.5204081632653061,98,0.5528455284552846,123
Ghost,Nuke,0.4,10,0.46511627906976744,43,0.30357142857142855,56
Ghost,Overpass,0.25,4,0.4117647058823529,17,0.631578947368421,19
Ghost,Train,0.75,4,0.42857142857142855,21,0.3,20
GhoulsW,Ancient,0.5,2,0.5833333333333334,12,0.2,10
GhoulsW,Anubis,0.25,8,0.6304347826086957,46,0.4594594594594595,37
GhoulsW,Dust2,1.0,2,0.8571428571428571,7,0.5833333333333334,12
GhoulsW,Inferno,1.0,2,0.4166666666666667,12,0.4,10
GhoulsW,Nuke,1.0,2,0.8888888888888888,9,0.4166666666666667,12
Glamour,Ancient,1.0,4,0.5416666666666666,24,0.625,16
Glamour,Dust2,0.0,2,0.3333333333333333,12,0.16666666666666666,6
Glamour,Mirage,0.5,4,0.631578947368421,19,0.6086956521739131,23
Glitchtech,Ancient,0.5,2,0.3,10,0.5,12
Glitchtech,Dust2,0.75,4,0.4166666666666667,24,0.3333333333333333,18
Glitchtech,Inferno,0.8333333333333334,6,0.5,34,0.4444444444444444,36
Glitchtech,Mirage,0.3333333333333333,6,0.3,20,0.3055555555555556,36
Glitchtech,Nuke,0.6666666666666666,6,0.53125,32,0.25806451612903225,31
Glitchtech,Overpass,0.0,2,0.5,12,0.5,12
Gods Reign,Ancient,0.3787878787878788,66,0.48036253776435045,331,0.5127478753541076,353
Gods Reign,Anubis,0.45652173913043476,46,0.38645418326693226,251,0.6076555023923444,209
Gods Reign,Dust2,0.46153846153846156,26,0.3821138211382114,123,0.6099290780141844,141
Gods Reign,Inferno,0.5652173913043478,46,0.5,226,0.5065502183406113,229
Gods Reign,Mirage,0.21428571428571427,28,0.46710526315789475,152,0.3870967741935484,124
Gods Reign,Nuke,0.25,4,0.375,24,0.21428571428571427,14
Gods Reign,Train,0.9166666666666666,12,0.7708333333333334,48,0.5714285714285714,63
Golden Horde,Ancient,0.0,2,0.4166666666666667,12,0.5833333333333334,12
Golden Horde,Dust2,0.5,4,0.3333333333333333,18,0.5833333333333334,24
Golden Horde,Mirage,0.5,2,0.45454545454545453,11,0.6666666666666666,12
Golden Horde,Train,0.0,2,0.3333333333333333,12,0.0,5
Gostivar,Ancient,1.0,2,0.3333333333333333,12,0.5,10
Gostivar,Mirage,0.5,2,0.3333333333333333,9,0.4166666666666667,12
Grannys Knockers,Ancient,0.5,4,0.3333333333333333,21,0.5,24
Grannys Knockers,Anubis,0.75,4,0.47058823529411764,17,0.5,24
Grannys Knockers,Dust2,0.0,2,0.0,6,0.4166666666666667,12
Grannys Knockers,Inferno,0.0,4,0.3333333333333333,24,0.47368421052631576,19
Grannys Knockers,Mirage,0.75,4,0.55,20,0.5294117647058824,17
Grannys Knockers,Nuke,0.5,4,0.375,16,0.3333333333333333,24
Graveyard Shift,Ancient,0.0,2,0.5833333333333334,12,0.5454545454545454,11
Graveyard Shift,Anubis,0.5,2,0.25,12,0.6363636363636364,11
Graveyard Shift,Inferno,1.0,2,0.4444444444444444,9,0.3333333333333333,12
Green Tea Party,Ancient,0.0,2,0.5833333333333334,12,0.3333333333333333,12
Green Tea Party,Dust2,0.5,2,0.5833333333333334,12,0.2,10
Green Tea Party,Inferno,0.0,2,0.3333333333333333,12,0.2857142857142857,7
Green Tea Party,Nuke,0.25,4,0.35714285714285715,14,0.3333333333333333,24
Griffin,Ancient,0.0,2,0.0,2,0.08333333333333333,12
Griffin,Anubis,0.0,2,0.08333333333333333,12,0.0,2
Ground Zero,Ancient,0.375,8,0.5,48,0.35294117647058826,34
Ground Zero,Dust2,0.43333333333333335,30,0.512396694214876,121,0.45454545454545453,154
Ground Zero,Inferno,0.6,10,0.43636363636363634,55,0.48936170212765956,47
Ground Zero,Mirage,0.36363636363636365,22,0.4727272727272727,110,0.4180327868852459,122
Ground Zero,Nuke,0.5,20,0.4948453608247423,97,0.4077669902912621,103
Ground Zero,Overpass,0.0,2,0.5,12,0.3,10
Ground Zero,Train,0.5,4,0.5416666666666666,24,0.6428571428571429,14
HAVENs,Dust2,0.5,4,0.4166666666666667,24,0.625,24
HAVENs,Inferno,0.5,2,0.5833333333333334,12,0.2727272727272727,11
HAVENs,Nuke,0.6666666666666666,6,0.4482758620689655,29,0.3611111111111111,36
HAVENs,Train,0.75,4,0.5833333333333334,12,0.4166666666666667,24
HAVU,Anubis,1.0,4,0.6111111111111112,18,0.5833333333333334,24
HAVU,Dust2,0.5625,16,0.47674418604651164,86,0.5432098765432098,81
HAVU,Inferno,0.375,8,0.5416666666666666,48,0.4,30
HAVU,Mirage,0.5,12,0.5,60,0.3333333333333333,63
HAVU,Nuke,0.4444444444444444,18,0.47572815533980584,103,0.4588235294117647,85
HAVU,Overpass,0.5,4,0.625,24,0.42857142857142855,14
HAVU,Train,0.3,10,0.68,50,0.4909090909090909,55
HAWAII,Ancient,0.5,4,0.34782608695652173,23,0.42105263157894735,19
HAWAII,Dust2,0.5,2,0.75,12,1.0,4
HAWAII,Inferno,1.0,2,0.5,12,0.6363636363636364,11
HAWAII,Nuke,0.5,6,0.5833333333333334,24,0.4722222222222222,36
HAWAII,Overpass,0.25,4,0.16666666666666666,24,0.3333333333333333,9
HEROIC,Ancient,0.55,100,0.5128676470588235,544,0.5281553398058253,515
HEROIC,Anubis,0.4696969696969697,66,0.47191011235955055,356,0.6195652173913043,368
HEROIC,Dust2,0.4895833333333333,96,0.5142276422764228,492,0.5228215767634855,482
HEROIC,Inferno,0.5,6,0.6944444444444444,36,0.5263157894736842,19
HEROIC,Mirage,0.5,88,0.5860566448801743,459,0.5136268343815513,477
HEROIC,Nuke,0.5540540540540541,74,0.5304568527918782,394,0.4501347708894879,371
HEROIC,Overpass,0.3333333333333333,12,0.6779661016949152,59,0.4626865671641791,67
HEROIC,Train,0.5,22,0.5315315315315315,111,0.4915254237288136,118
HEROIC,Vertigo,0.6428571428571429,14,0.5476190476190477,84,0.5606060606060606,66
HEROIC Academy,Ancient,0.5333333333333333,30,0.3931034482758621,145,0.46153846153846156,156
HEROIC Academy,Anubis,0.75,8,0.5135135135135135,37,0.5208333333333334,48
HEROIC Academy,Dust2,0.5,20,0.5233644859813084,107,0.336734693877551,98
HEROIC Academy,Mirage,0.6428571428571429,14,0.5061728395061729,81,0.4230769230769231,78
HEROIC Academy,Nuke,0.5277777777777778,36,0.5260115606936416,173,0.5175879396984925,199
HEROIC Academy,Overpass,0.5,2,0.5,12,0.3,10
HEROIC Academy,Train,0.5,24,0.5905511811023622,127,0.3888888888888889,144
HOTU,Ancient,0.5,86,0.5871121718377088,419,0.5158562367864693,473
HOTU,Anubis,0.5,38,0.4212962962962963,216,0.5833333333333334,168
HOTU,Dust2,0.6041666666666666,48,0.508,250,0.5658914728682171,258
HOTU,Mirage,0.5714285714285714,56,0.5416666666666666,288,0.5581395348837209,301
HOTU,Nuke,0.3269230769230769,52,0.5379310344827586,290,0.5110132158590308,227
HOTU,Overpass,0.42857142857142855,28,0.4596774193548387,124,0.5632911392405063,158
HOTU,Train,0.5625,16,0.5121951219512195,82,0.5625,80
HOTU,Vertigo,0.625,8,0.5,48,0.5227272727272727,44
HSG fe,Ancient,0.5833333333333334,12,0.5352112676056338,71,0.38571428571428573,70
HSG fe,Anubis,0.5,6,0.375,32,0.45454545454545453,33
HSG fe,Dust2,0.6666666666666666,6,0.5,32,0.5833333333333334,36
HSG fe,Inferno,0.8333333333333334,6,0.5,30,0.53125,32
HSG fe,Mirage,0.5,2,0.6666666666666666,12,0.18181818181818182,11
HSG fe,Vertigo,0.5,2,0.9166666666666666,12,0.2222222222222222,9
Ha MaSSe,Dust2,0.75,4,0.4166666666666667,24,0.5217391304347826,23
Ha MaSSe,Mirage,0.5,4,0.6875,16,0.625,24
Ha MaSSe,Nuke,0.5,2,0.75,12,0.09090909090909091,11
Ha MaSSe,Train,0.0,2,0.16666666666666666,12,0.0,3
Hanbaobao,Inferno,1.0,2,0.2,10,0.5833333333333334,12
Hanbaobao,Mirage,0.0,2,0.5,12,0.3,10
Haspers,Ancient,0.0,4,0.35294117647058826,17,0.5416666666666666,24
Haspers,Anubis,0.5,2,0.3333333333333333,12,0.5,10
Haspers,Mirage,0.75,4,0.5416666666666666,24,0.6842105263157895,19
HbITuKu,Ancient,0.5,2,0.3333333333333333,12,0.5454545454545454,11
HbITuKu,Anubis,0.0,2,0.5833333333333334,12,0.2,10
HbITuKu,Dust2,0.5,2,0.7,10,0.5,12
HbITuKu,Mirage,0.5,2,0.4,10,0.4166666666666667,12
HbITuKu,Train,1.0,2,0.4166666666666667,12,0.3333333333333333,9
Heimo,Ancient,0.5,42,0.4470046082949309,217,0.46226415094339623,212
Heimo,Anubis,0.5,14,0.5,58,0.56,75
Heimo,Dust2,0.4166666666666667,12,0.29850746268656714,67,0.45614035087719296,57
Heimo,Inferno,0.5,8,0.6222222222222222,45,0.3541666666666667,48
Heimo,Mirage,0.6666666666666666,18,0.4807692307692308,104,0.373134328358209,67
Heimo,Nuke,0.39285714285714285,28,0.5307692307692308,130,0.5059523809523809,168
Hesta,Ancient,0.5833333333333334,12,0.47761194029850745,67,0.46153846153846156,65
Hesta,Anubis,0.5,18,0.5277777777777778,108,0.6046511627906976,86
Hesta,Dust2,0.4090909090909091,22,0.5663716814159292,113,0.38596491228070173,114
Hesta,Inferno,1.0,2,0.3,10,0.5,12
Hesta,Mirage,0.42105263157894735,38,0.517948717948718,195,0.5215311004784688,209
Hesta,Nuke,0.4230769230769231,26,0.43448275862068964,145,0.4117647058823529,119
Hesta,Overpass,0.0,2,0.4444444444444444,9,0.3333333333333333,12
Hesta,Train,0.4,10,0.4807692307692308,52,0.45454545454545453,44
Homyno,Anubis,0.25,4,0.47368421052631576,19,0.4166666666666667,24
Homyno,Dust2,1.0,4,0.6666666666666666,24,0.2916666666666667,24
Homyno,Mirage,0.25,8,0.5675675675675675,37,0.6041666666666666,48
Homyno,Nuke,0.3333333333333333,6,0.36363636363636365,33,0.5277777777777778,36
Homyno,Vertigo,1.0,2,0.5833333333333334,12,1.0,6
Hong Kong fe,Ancient,0.0,2,0.4166666666666667,12,0.5833333333333334,12
Hong Kong fe,Mirage,0.0,2,0.3333333333333333,12,0.4444444444444444,9
Honvéd,Ancient,0.6,10,0.5,56,0.6444444444444445,45
Honvéd,Anubis,0.75,4,0.625,16,0.625,24
Honvéd,Dust2,0.75,4,0.625,24,0.7333333333333333,15
Honvéd,Inferno,1.0,2,0.6666666666666666,12,0.625,8
Honvéd,Mirage,1.0,2,0.7777777777777778,9,0.5,12
Honvéd,Nuke,0.5,2,0.5714285714285714,7,0.75,12
Honvéd,Vertigo,0.5,2,0.75,12,0.5714285714285714,7
Hooligangsters,Ancient,0.5,2,0.4166666666666667,12,0.0,6
Hooligangsters,Anubis,0.5,2,0.375,8,0.8333333333333334,12
Hooligangsters,Dust2,0.0,2,0.16666666666666666,12,0.4,5
Hooligangsters,Mirage,0.75,4,0.625,16,0.6666666666666666,24
Hooligangsters,Nuke,0.5,6,0.375,32,0.5277777777777778,36
Housebets,Anubis,0.5,40,0.5434782608695652,184,0.46017699115044247,226
Housebets,Dust2,0.4166666666666667,48,0.4892703862660944,233,0.5183673469387755,245
Housebets,Inferno,0.4827586206896552,58,0.5134228187919463,298,0.46938775510204084,294
Housebets,Mirage,0.4090909090909091,22,0.40625,128,0.3218390804597701,87
Housebets,Nuke,0.5454545454545454,44,0.4978902953586498,237,0.5151515151515151,231
Housebets,Train,0.5,10,0.5925925925925926,54,0.4186046511627907,43
Housebets,Vertigo,0.6666666666666666,6,0.7037037037037037,27,0.7142857142857143,28
HubaBuba,Ancient,0.75,4,0.4166666666666667,24,0.3888888888888889,18
HubaBuba,Inferno,1.0,2,0.6666666666666666,12,0.7142857142857143,7
HubaBuba,Mirage,0.3333333333333333,6,0.65,20,0.25,36
HubaBuba,Train,0.5,6,0.5,36,0.19230769230769232,26
Hungary,Anubis,0.8333333333333334,6,0.4666666666666667,30,0.6,30
Hungary,Dust2,0.5,2,0.8,5,0.75,12
Hungary,Inferno,0.5,4,0.36363636363636365,22,0.5,24
Hungary,Mirage,0.3,10,0.44,50,0.5535714285714286,56
Hungary,Vertigo,0.0,2,0.5833333333333334,12,0.4166666666666667,12
Hype,Ancient,0.5,8,0.3902439024390244,41,0.5365853658536586,41
Hype,Anubis,0.5,4,0.3181818181818182,22,0.7083333333333334,24
Hype,Dust2,0.3333333333333333,18,0.45544554455445546,101,0.5392156862745098,102
Hype,Mirage,0.5,8,0.3333333333333333,39,0.5625,48
Hype,Nuke,0.55,20,0.673469387755102,98,0.39622641509433965,106
Hype,Vertigo,0.6,10,0.45098039215686275,51,0.4166666666666667,60
HyperSpirit,Ancient,0.45,20,0.38461538461538464,104,0.49137931034482757,116
HyperSpirit,Anubis,0.0,4,0.45454545454545453,22,0.4444444444444444,18
HyperSpirit,Dust2,0.5,14,0.4583333333333333,72,0.4936708860759494,79
HyperSpirit,Mirage,0.5,6,0.6451612903225806,31,0.36363636363636365,33
HyperSpirit,Nuke,0.375,8,0.375,48,0.39285714285714285,28
HyperSpirit,Overpass,0.25,4,0.4166666666666667,24,0.5416666666666666,24
HyperSpirit,Train,0.375,8,0.574468085106383,47,0.37037037037037035,27
IDKName,Inferno,0.0,2,0.5,12,0.0,7
IDKName,Mirage,0.5,2,0.0,5,0.3333333333333333,12
IHC,Ancient,0.5166666666666667,60,0.53,300,0.5580645161290323,310
IHC,Anubis,0.4583333333333333,24,0.5083333333333333,120,0.5547445255474452,137
IHC,Dust2,0.5357142857142857,28,0.4097222222222222,144,0.45323741007194246,139
IHC,Inferno,0.5476190476190477,42,0.5291479820627802,223,0.5286343612334802,227
IHC,Mirage,0.5,16,0.47058823529411764,85,0.4482758620689655,87
IHC,Nuke,0.5714285714285714,42,0.5333333333333333,210,0.515695067264574,223
IHC,Overpass,0.5,4,0.6086956521739131,23,0.5714285714285714,21
IHC,Train,0.375,8,0.37209302325581395,43,0.5526315789473685,38
INFINITE,Dust2,0.0,2,0.0,4,0.25,12
INFINITE,Inferno,0.0,2,0.4166666666666667,12,0.4,10
INFURITY,Ancient,0.75,4,0.625,24,0.5238095238095238,21
INFURITY,Anubis,0.25,8,0.3333333333333333,42,0.5365853658536586,41
INFURITY,Inferno,0.5,12,0.35294117647058826,51,0.4861111111111111,72
INFURITY,Mirage,1.0,2,0.2727272727272727,11,0.5833333333333334,12
INFURITY,Nuke,0.0,2,0.25,4,0.16666666666666666,12
INFURITY,Vertigo,0.5,2,0.3333333333333333,12,0.16666666666666666,6
Iberian Soul,Ancient,0.5306122448979592,98,0.4734848484848485,528,0.5252918287937743,514
Iberian Soul,Anubis,0.5526315789473685,38,0.450261780104712,191,0.5991189427312775,227
Iberian Soul,Dust2,0.5,2,0.5,12,0.5,12
Iberian Soul,Inferno,0.4666666666666667,90,0.510548523206751,474,0.5932539682539683,504
Iberian Soul,Mirage,0.47619047619047616,84,0.4550898203592814,501,0.44868035190615835,341
Iberian Soul,Nuke,0.5769230769230769,104,0.5995893223819302,487,0.5081699346405228,612
Iberian Soul,Overpass,0.6666666666666666,6,0.6666666666666666,36,0.5357142857142857,28
Iberian Soul,Train,0.46296296296296297,54,0.5699300699300699,286,0.43617021276595747,282
Ikari,Ancient,0.0,2,0.3333333333333333,9,0.4166666666666667,12
Ikari,Anubis,0.5,2,0.7777777777777778,9,0.5,12
Ikari,Dust2,0.0,2,0.5,6,0.16666666666666666,12
Illuminar,Ancient,0.4782608695652174,46,0.4817813765182186,247,0.475,240
Illuminar,Anubis,0.5652173913043478,46,0.43820224719101125,267,0.5965665236051502,233
Illuminar,Dust2,0.44642857142857145,56,0.4913494809688581,289,0.48787878787878786,330
Illuminar,Inferno,0.42857142857142855,14,0.3888888888888889,72,0.46774193548387094,62
Illuminar,Mirage,0.4375,16,0.49473684210526314,95,0.3382352941176471,68
Illuminar,Nuke,0.35,20,0.4,120,0.26666666666666666,75
Illuminar,Vertigo,0.4,20,0.5102040816326531,98,0.44554455445544555,101
Immigrants peek,Ancient,0.375,8,0.44680851063829785,47,0.6285714285714286,35
Immigrants peek,Anubis,0.7222222222222222,18,0.5154639175257731,97,0.6105263157894737,95
Immigrants peek,Dust2,0.5,2,0.5,12,0.3,10
Immigrants peek,Inferno,0.5,6,0.35294117647058826,34,0.6666666666666666,24
Immigrants peek,Mirage,0.0,2,0.5,12,0.36363636363636365,11
Immigrants peek,Nuke,0.625,8,0.5106382978723404,47,0.4888888888888889,45
Imp Pact fe,Ancient,0.6666666666666666,6,0.7241379310344828,29,0.5357142857142857,28
Imp Pact fe,Anubis,0.6666666666666666,6,0.2692307692307692,26,0.7037037037037037,27
Imp Pact fe,Dust2,0.0,4,0.23529411764705882,17,0.43478260869565216,23
Imp Pact fe,Inferno,0.75,4,0.4583333333333333,24,0.7894736842105263,19
Imp Pact fe,Mirage,0.5,8,0.5869565217391305,46,0.6,40
Imp Pact fe,Vertigo,0.6666666666666666,6,0.5555555555555556,36,0.4444444444444444,36
Imperial,Ancient,0.375,8,0.47619047619047616,42,0.35,40
Imperial,Anubis,0.5277777777777778,36,0.4682080924855491,173,0.5776699029126213,206
Imperial,Dust2,0.5740740740740741,108,0.5733590733590733,518,0.53125,608
Imperial,Inferno,0.5476190476190477,84,0.5812917594654788,449,0.5113924050632911,395
Imperial,Mirage,0.55,100,0.5419103313840156,513,0.538899430740038,527
Imperial,Nuke,0.4807692307692308,104,0.5571428571428572,560,0.5055555555555555,540
Imperial,Overpass,0.75,16,0.7571428571428571,70,0.5238095238095238,84
Imperial,Train,0.42857142857142855,28,0.5909090909090909,154,0.46258503401360546,147
Imperial,Vertigo,0.6875,16,0.5,96,0.46987951807228917,83
Imperial Valkyries,Ancient,0.5454545454545454,44,0.4826086956521739,230,0.5024630541871922,203
Imperial Valkyries,Dust2,0.4782608695652174,46,0.4819277108433735,249,0.5191256830601093,183
Imperial Valkyries,Inferno,0.5277777777777778,36,0.5135135135135135,148,0.51,200
Imperial Valkyries,Mirage,0.5,68,0.5486111111111112,288,0.5145118733509235,379
Imperial Valkyries,Nuke,0.5,32,0.3888888888888889,180,0.47058823529411764,119
Imperial Valkyries,Train,0.6428571428571429,14,0.6363636363636364,66,0.3108108108108108,74
InControl,Ancient,0.4375,48,0.34297520661157027,242,0.475,240
InControl,Anubis,0.5,40,0.33640552995391704,217,0.5303867403314917,181
InControl,Dust2,0.5714285714285714,14,0.2875,80,0.5507246376811594,69
InControl,Inferno,0.5,14,0.38095238095238093,84,0.4222222222222222,45
InControl,Mirage,0.40476190476190477,42,0.4504950495049505,202,0.36909871244635195,233
InControl,Nuke,0.4791666666666667,48,0.4778761061946903,226,0.43283582089552236,268
InControl,Overpass,0.625,16,0.5142857142857142,70,0.45348837209302323,86
InControl,Train,0.625,8,0.71875,32,0.32558139534883723,43
InControl,Vertigo,0.25,4,0.15,20,0.625,24
Inner Circle,Ancient,0.4642857142857143,28,0.4507042253521127,142,0.4825174825174825,143
Inner Circle,Anubis,0.3333333333333333,6,0.45454545454545453,33,0.6111111111111112,36
Inner Circle,Dust2,0.625,16,0.5842696629213483,89,0.4657534246575342,73
Inner Circle,Mirage,0.5588235294117647,34,0.5207100591715976,169,0.55,180
Inner Circle,Nuke,0.47058823529411764,34,0.5913978494623656,186,0.45930232558139533,172
Inner Circle,Overpass,0.25,8,0.3958333333333333,48,0.37142857142857144,35
Inner Circle,Train,0.35,20,0.6226415094339622,106,0.4672897196261682,107
Insiders,Ancient,0.5,2,0.16666666666666666,6,0.3333333333333333,12
Insilio,Ancient,0.5487804878048781,82,0.45454545454545453,451,0.5049261083743842,406
Insilio,Anubis,0.44871794871794873,78,0.4013921113689095,431,0.6119402985074627,402
Insilio,Dust2,0.5806451612903226,62,0.5348837209302325,301,0.5126582278481012,316
Insilio,Inferno,0.5,4,0.375,24,0.4,15
Insilio,Mirage,0.4696969696969697,66,0.4638888888888889,360,0.4835820895522388,335
Insilio,Nuke,0.40540540540540543,74,0.5052910052910053,378,0.4925373134328358,402
Insilio,Overpass,0.5,6,0.5,36,0.3548387096774194,31
Insilio,Train,0.4642857142857143,28,0.5177304964539007,141,0.39552238805970147,134
Insilio,Vertigo,0.5357142857142857,28,0.42138364779874216,159,0.5337837837837838,148
Insilio fe,Dust2,0.5,2,0.3333333333333333,12,0.5833333333333334,12
Insilio fe,Inferno,0.5,2,0.16666666666666666,12,0.5714285714285714,7
Insomnia,Ancient,0.5,8,0.6136363636363636,44,0.37209302325581395,43
Insomnia,Anubis,0.0,2,0.5,12,0.5,12
Insomnia,Dust2,0.5,2,0.1111111111111111,9,0.5833333333333334,12
Insomnia,Mirage,0.5,2,0.5833333333333334,12,0.8571428571428571,7
Insomnia,Nuke,0.5,6,0.375,32,0.5,36
Intense,Ancient,0.0,4,0.0,10,0.3333333333333333,24
Intense,Dust2,0.875,8,0.625,48,0.42105263157894735,38
Intense,Inferno,0.5,4,0.7142857142857143,21,0.55,20
Intense,Mirage,0.25,4,0.4583333333333333,24,0.38095238095238093,21
Intense,Nuke,1.0,2,0.36363636363636365,11,0.5,12
Into the Breach,Ancient,0.4666666666666667,60,0.5137614678899083,327,0.48742138364779874,318
Into the Breach,Anubis,0.4583333333333333,48,0.5189393939393939,264,0.58,250
Into the Breach,Dust2,0.2692307692307692,26,0.4838709677419355,155,0.5083333333333333,120
Into the Breach,Inferno,0.5,26,0.44594594594594594,148,0.5118110236220472,127
Into the Breach,Mirage,0.46774193548387094,62,0.5424354243542435,271,0.4986301369863014,365
Into the Breach,Train,0.0,2,0.5833333333333334,12,0.2727272727272727,11
Into the Breach,Vertigo,0.2916666666666667,24,0.4722222222222222,144,0.5,114
Iran fe,Ancient,0.0,2,0.3,10,0.5,12
Iran fe,Anubis,0.25,4,0.3125,16,0.25,20
Iran fe,Inferno,0.0,2,0.16666666666666666,6,0.3333333333333333,12
Iran fe,Mirage,1.0,2,0.5833333333333334,12,0.6,10
Ireland,Anubis,0.5,2,0.1111111111111111,9,0.5833333333333334,12
Ireland,Nuke,0.0,2,0.16666666666666666,12,0.75,12
JANO,Ancient,0.5277777777777778,36,0.4857142857142857,210,0.4226190476190476,168
JANO,Anubis,0.25,8,0.3333333333333333,33,0.3958333333333333,48
JANO,Dust2,0.5,28,0.45569620253164556,158,0.4411764705882353,136
JANO,Inferno,0.4090909090909091,22,0.42201834862385323,109,0.4152542372881356,118
JANO,Mirage,0.53125,32,0.49324324324324326,148,0.47701149425287354,174
JANO,Nuke,0.5769230769230769,26,0.4357142857142857,140,0.4393939393939394,132
JANO,Train,0.42857142857142855,28,0.488,125,0.38095238095238093,168
JERSA,Ancient,0.32142857142857145,28,0.34210526315789475,114,0.34591194968553457,159
JERSA,Anubis,0.5,2,1.0,4,0.75,12
JERSA,Dust2,0.3333333333333333,12,0.3333333333333333,54,0.23636363636363636,55
JERSA,Inferno,0.5833333333333334,12,0.2962962962962963,54,0.45098039215686275,51
JERSA,Mirage,0.07142857142857142,14,0.15789473684210525,57,0.10416666666666667,48
JERSA,Overpass,0.5,2,0.16666666666666666,6,0.3333333333333333,12
JERSA,Train,0.0,6,0.14814814814814814,27,0.058823529411764705,17
JOGA DE TERNO,Ancient,0.75,8,0.6666666666666666,39,0.41025641025641024,39
JOGA DE TERNO,Anubis,0.2857142857142857,14,0.42028985507246375,69,0.37142857142857144,70
JOGA DE TERNO,Dust2,0.16666666666666666,6,0.4722222222222222,36,0.45161290322580644,31
JOGA DE TERNO,Inferno,0.3333333333333333,6,0.5,36,0.5517241379310345,29
JOGA DE TERNO,Nuke,0.5714285714285714,14,0.39344262295081966,61,0.5802469135802469,81
JOGA DE TERNO,Vertigo,0.0,2,0.3333333333333333,12,0.5833333333333334,12
JackBoyz,Anubis,0.75,4,0.3684210526315789,19,0.631578947368421,19
JackBoyz,Dust2,0.75,4,0.7,20,0.4583333333333333,24
JackBoyz,Mirage,0.5,2,0.5,12,0.4166666666666667,12
JiJieHao,Ancient,0.4107142857142857,56,0.4418604651162791,301,0.5382059800664452,301
JiJieHao,Anubis,0.5357142857142857,28,0.5267175572519084,131,0.5584415584415584,154
JiJieHao,Dust2,0.5425531914893617,94,0.49793388429752067,484,0.5287356321839081,522
JiJieHao,Inferno,0.4,60,0.4876543209876543,324,0.425,280
JiJieHao,Mirage,0.4791666666666667,48,0.4921259842519685,254,0.44664031620553357,253
JiJieHao,Nuke,0.4482758620689655,58,0.4869281045751634,306,0.4766666666666667,300
JiJieHao,Train,0.8333333333333334,12,0.5555555555555556,72,0.5471698113207547,53
Johnny Speeds,Ancient,0.6022727272727273,88,0.5464362850971922,463,0.5531453362255966,461
Johnny Speeds,Anubis,0.5256410256410257,78,0.455,400,0.5584112149532711,428
Johnny Speeds,Dust2,0.5757575757575758,66,0.49859154929577465,355,0.5493827160493827,324
Johnny Speeds,Inferno,0.52,100,0.5018587360594795,538,0.5217391304347826,506
Johnny Speeds,Mirage,0.53125,160,0.6032953105196451,789,0.4890929965556831,871
Johnny Speeds,Nuke,0.5,114,0.513302034428795,639,0.4686411149825784,574
Johnny Speeds,Overpass,0.7,30,0.5641025641025641,156,0.4662576687116564,163
Johnny Speeds,Train,0.5,28,0.5316455696202531,158,0.4444444444444444,144
Johnny Speeds,Vertigo,0.5,8,0.5833333333333334,48,0.3617021276595745,47
Jordan,Ancient,0.0,2,0.0,5,0.3333333333333333,12
Jordan,Anubis,0.5,2,0.25,12,0.75,12
Jordan,Dust2,0.25,4,0.45,20,0.5909090909090909,22
Jordan,Mirage,0.5,2,0.3333333333333333,12,0.5833333333333334,12
Juggernauts,Ancient,0.5,2,0.5,8,0.75,12
Juggernauts,Dust2,0.5,2,0.4444444444444444,9,0.3333333333333333,12
Juggernauts,Inferno,1.0,2,0.5,12,0.36363636363636365,11
Juggernauts,Mirage,0.5,4,0.5833333333333334,24,0.4583333333333333,24
Juggernauts,Nuke,0.0,2,0.16666666666666666,12,0.0,3
Just Passing By,Dust2,0.5,2,0.4166666666666667,12,0.5,12
Just Passing By,Nuke,0.0,2,0.25,12,0.0,4
Just Swing,Ancient,0.38461538461538464,52,0.4346153846153846,260,0.4944237918215613,269
Just Swing,Anubis,0.0,4,0.2727272727272727,22,0.4117647058823529,17
Just Swing,Dust2,0.5,38,0.4632768361581921,177,0.5333333333333333,210
Just Swing,Inferno,0.5789473684210527,38,0.4869109947643979,191,0.4931506849315068,219
Just Swing,Mirage,0.5357142857142857,28,0.42771084337349397,166,0.5,130
Just Swing,Nuke,0.375,24,0.44166666666666665,120,0.4881889763779528,127
Justice For Tomorrow,Ancient,0.25,8,0.3888888888888889,36,0.25,40
Justice For Tomorrow,Anubis,0.75,8,0.4375,48,0.7096774193548387,31
Justice For Tomorrow,Dust2,0.25,12,0.32075471698113206,53,0.3220338983050847,59
Justice For Tomorrow,Inferno,0.5,4,0.3333333333333333,15,0.375,24
Justice For Tomorrow,Mirage,0.375,8,0.4418604651162791,43,0.3,40
Justice For Tomorrow,Train,1.0,2,0.75,12,0.5714285714285714,7
K27,Ancient,0.5666666666666667,30,0.475177304964539,141,0.5672514619883041,171
K27,Anubis,0.55,40,0.5093457943925234,214,0.6555023923444976,209
K27,Dust2,0.5757575757575758,66,0.5075075075075075,333,0.5558659217877095,358
K27,Inferno,0.5555555555555556,18,0.2978723404255319,94,0.43902439024390244,82
K27,Mirage,0.64,50,0.6311475409836066,244,0.5121951219512195,246
K27,Nuke,0.375,40,0.5,220,0.4801980198019802,202
K27,Overpass,0.7307692307692307,26,0.6535433070866141,127,0.5192307692307693,156
K27,Train,0.5666666666666667,30,0.5755813953488372,172,0.4573170731707317,164
K27,Vertigo,0.5,4,0.375,24,0.5652173913043478,23
K27 fe,Anubis,0.0,2,0.16666666666666666,12,0.625,8
K27 fe,Inferno,0.5,2,0.5,12,0.3,10
K27 fe,Mirage,0.5,2,0.0,7,0.5,12
KABANCHIKI,Ancient,0.5,2,0.5,4,0.08333333333333333,12
KABANCHIKI,Dust2,0.0,2,0.5,8,0.25,12
KABANCHIKI,Mirage,0.5,2,0.45454545454545453,11,0.6666666666666666,12
KHAN,Ancient,0.6153846153846154,26,0.460431654676259,139,0.5528455284552846,123
KHAN,Dust2,0.625,8,0.375,40,0.6428571428571429,42
KHAN,Inferno,0.5,6,0.6111111111111112,36,0.36363636363636365,22
KHAN,Mirage,0.3125,32,0.6095890410958904,146,0.38953488372093026,172
KHAN,Overpass,0.25,4,0.2608695652173913,23,0.6666666666666666,24
KHAN,Train,0.4166666666666667,12,0.40350877192982454,57,0.375,64
KOI,Ancient,0.6666666666666666,36,0.47668393782383417,193,0.5287958115183246,191
KOI,Anubis,0.4444444444444444,18,0.4351851851851852,108,0.5238095238095238,105
KOI,Inferno,0.55,20,0.3392857142857143,112,0.6339285714285714,112
KOI,Mirage,0.35,20,0.44166666666666665,120,0.3875,80
KOI,Nuke,0.5625,32,0.49056603773584906,159,0.5,192
KOI,Vertigo,0.5,18,0.4,105,0.5308641975308642,81
KOLESIE,Ancient,0.8333333333333334,12,0.64,50,0.7076923076923077,65
KOLESIE,Dust2,0.42857142857142855,14,0.48484848484848486,66,0.3382352941176471,68
KOLESIE,Mirage,0.5714285714285714,14,0.5897435897435898,78,0.5254237288135594,59
KOLESIE,Nuke,0.375,8,0.45714285714285713,35,0.6956521739130435,46
KOLESIE,Overpass,0.0,2,0.5833333333333334,12,0.5454545454545454,11
KOLESIE,Train,0.7,10,0.5102040816326531,49,0.6428571428571429,56
KOMNATA,Ancient,0.5,2,0.6666666666666666,12,0.18181818181818182,11
KOMNATA,Anubis,0.6666666666666666,6,0.42424242424242425,33,0.6470588235294118,34
KOMNATA,Dust2,0.0,2,0.08333333333333333,12,0.3333333333333333,3
KOMNATA,Nuke,0.5,2,0.7777777777777778,9,0.5,12
KOMNATA,Train,0.5,2,0.16666666666666666,12,0.5,6
KRÜ,Ancient,0.45454545454545453,66,0.4619718309859155,355,0.4758842443729904,311
KRÜ,Anubis,0.25,28,0.44029850746268656,134,0.46296296296296297,162
KRÜ,Dust2,0.5306122448979592,98,0.49,500,0.5261194029850746,536
KRÜ,Inferno,0.375,8,0.37209302325581395,43,0.38461538461538464,39
KRÜ,Mirage,0.36363636363636365,44,0.43891402714932126,221,0.4604651162790698,215
KRÜ,Nuke,0.48936170212765956,94,0.5534441805225653,421,0.49530956848030017,533
KRÜ,Overpass,0.4,20,0.5535714285714286,112,0.3670886075949367,79
KRÜ,Train,0.5,8,0.5909090909090909,44,0.4523809523809524,42
KRÜ,Vertigo,0.625,8,0.7142857142857143,42,0.37142857142857144,35
KS,Ancient,0.25,8,0.4418604651162791,43,0.5348837209302325,43
KS,Dust2,0.5,2,0.75,12,1.0,4
KS,Inferno,0.6666666666666666,6,0.4166666666666667,36,0.5555555555555556,27
KS,Mirage,0.5,10,0.7090909090909091,55,0.4166666666666667,60
KS,Nuke,0.25,4,0.375,24,0.21428571428571427,14
KZG,Ancient,0.6428571428571429,28,0.46099290780141844,141,0.6013071895424836,153
KZG,Anubis,0.5714285714285714,28,0.43537414965986393,147,0.5481481481481482,135
KZG,Dust2,0.6666666666666666,12,0.4745762711864407,59,0.6271186440677966,59
KZG,Inferno,0.53125,32,0.4819277108433735,166,0.4166666666666667,156
KZG,Mirage,0.3333333333333333,18,0.5060240963855421,83,0.25,88
KZG,Nuke,0.36666666666666664,30,0.44970414201183434,169,0.3188405797101449,138
KZG,Overpass,0.6666666666666666,6,0.5769230769230769,26,0.5151515151515151,33
KZG,Train,0.4444444444444444,18,0.43617021276595747,94,0.43157894736842106,95
KZG,Vertigo,0.0,2,0.4166666666666667,12,0.45454545454545453,11
Kaleido,Ancient,0.5833333333333334,12,0.5972222222222222,72,0.4583333333333333,48
Kaleido,Anubis,0.0,2,0.36363636363636365,11,0.5,12
Kaleido,Dust2,0.5625,16,0.5324675324675324,77,0.5333333333333333,90
Kaleido,Inferno,0.4642857142857143,28,0.6015037593984962,133,0.5031446540880503,159
Kaleido,Mirage,0.42857142857142855,14,0.4074074074074074,81,0.5616438356164384,73
Kaleido,Nuke,0.42857142857142855,14,0.5357142857142857,84,0.4375,64
Kaleido,Train,0.0,2,0.5833333333333334,12,0.1111111111111111,9
Kappa Bar,Ancient,0.4,10,0.5660377358490566,53,0.40425531914893614,47
Kappa Bar,Anubis,0.3333333333333333,6,0.38461538461538464,26,0.7222222222222222,36
Kappa Bar,Dust2,0.625,8,0.5128205128205128,39,0.5833333333333334,48
Kappa Bar,Inferno,0.5,14,0.4931506849315068,73,0.5652173913043478,69
Kappa Bar,Mirage,0.4375,16,0.5555555555555556,72,0.47560975609756095,82
Kappa Bar,Nuke,0.5,2,0.4166666666666667,12,0.25,8
Kappa Bar,Train,1.0,2,0.5,12,0.5,12
Kappa Bar,Vertigo,0.25,4,0.7391304347826086,23,0.3333333333333333,24
Kario Mart,Ancient,0.125,8,0.3548387096774194,31,0.30434782608695654,46
Kario Mart,Dust2,0.5,2,0.3333333333333333,12,0.0,5
Kario Mart,Inferno,0.5,2,0.5833333333333334,12,0.1111111111111111,9
Kario Mart,Mirage,0.5,4,0.2222222222222222,18,0.8,20
Kario Mart,Nuke,0.5,2,0.6666666666666666,9,0.5833333333333334,12
Kazakhstan,Ancient,0.6666666666666666,6,0.65625,32,0.5806451612903226,31
Kazakhstan,Dust2,0.75,4,0.7142857142857143,21,0.5789473684210527,19
Kazakhstan,Inferno,1.0,2,0.4166666666666667,12,0.5,12
Kazakhstan,Mirage,1.0,2,0.6666666666666666,12,0.7142857142857143,7
Kazakhstan,Vertigo,0.5,2,0.2222222222222222,9,0.5,12
Kazakhstan fe,Ancient,1.0,4,0.4166666666666667,24,0.5454545454545454,22
Kazakhstan fe,Dust2,1.0,4,0.5833333333333334,24,0.5,22
Kazakhstan fe,Mirage,0.6666666666666666,6,0.5,32,0.39285714285714285,28
Keyd Stars,Ancient,0.5333333333333333,30,0.5912408759124088,137,0.49710982658959535,173
Keyd Stars,Dust2,0.5,34,0.4581005586592179,179,0.46236559139784944,186
Keyd Stars,Inferno,0.4,30,0.36507936507936506,126,0.49696969696969695,165
Keyd Stars,Mirage,0.6,30,0.5328947368421053,152,0.44594594594594594,148
Keyd Stars,Nuke,0.4166666666666667,36,0.5081967213114754,183,0.46368715083798884,179
Keyd Stars,Overpass,0.5,12,0.5735294117647058,68,0.3620689655172414,58
Keyd Stars,Train,0.16666666666666666,6,0.25,36,0.14285714285714285,14
Kinship,Anubis,0.0,2,0.16666666666666666,12,0.25,4
Kinship,Nuke,0.5,2,0.25,12,0.2,5
Kitsune,Ancient,0.25,8,0.4857142857142857,35,0.38636363636363635,44
Kitsune,Anubis,0.5,2,0.0,7,0.5,12
Kitsune,Dust2,0.25,4,0.29411764705882354,17,0.4166666666666667,24
Kitsune,Inferno,0.25,4,0.35294117647058826,17,0.34782608695652173,23
Kitsune,Mirage,0.0,4,0.14285714285714285,21,0.5,16
Kitsune,Nuke,1.0,2,0.75,4,0.8333333333333334,12
Kitsune,Overpass,0.5,2,0.4166666666666667,12,0.5,12
KlanPedrajas,Ancient,0.5,2,0.4166666666666667,12,0.3333333333333333,9
KlanPedrajas,Inferno,0.5,2,0.16666666666666666,6,0.3333333333333333,12
KlanPedrajas,Nuke,1.0,2,0.5,12,0.3,10
KlanPedrajas,Overpass,0.0,2,0.25,4,0.16666666666666666,12
Knaeskydd,Ancient,0.5,2,0.2,5,0.25,12
Knaeskydd,Dust2,0.5,2,0.2727272727272727,11,0.5833333333333334,12
Knaeskydd,Mirage,0.5,4,0.625,24,0.42857142857142855,14
Knaeskydd,Nuke,0.5,2,0.3333333333333333,6,0.25,12
Kooking,Ancient,0.0,2,0.25,12,0.2,5
Kooking,Mirage,0.0,2,0.2,5,0.25,12
Kosovo,Ancient,0.75,4,0.5,22,0.5833333333333334,24
Kosovo,Anubis,0.5,2,0.36363636363636365,11,0.5,12
Kosovo,Dust2,0.5,6,0.2857142857142857,35,0.48148148148148145,27
Kosovo,Inferno,0.5,4,0.6666666666666666,24,0.5333333333333333,15
Kosovo,Mirage,0.5,6,0.4642857142857143,28,0.6111111111111112,36
Kosovo,Train,0.5,2,0.4166666666666667,12,0.4,10
Kraken,Ancient,0.5,2,0.36363636363636365,11,0.75,12
Kraken,Anubis,0.625,8,0.42424242424242425,33,0.5416666666666666,48
Kraken,Inferno,1.0,2,0.16666666666666666,12,0.625,8
Kraken,Mirage,0.75,8,0.5925925925925926,27,0.5,48
Kronjyllands,Ancient,0.375,8,0.36585365853658536,41,0.34375,32
Kronjyllands,Anubis,0.5,2,0.25,12,0.6666666666666666,12
Kronjyllands,Dust2,0.25,4,0.3333333333333333,21,0.42857142857142855,21
Kronjyllands,Mirage,0.0,2,0.4166666666666667,12,0.4,10
Kronjyllands,Nuke,0.375,8,0.4666666666666667,30,0.4375,48
Kronjyllands,Train,0.75,4,0.7777777777777778,18,0.5,24
Kubix,Ancient,0.4523809523809524,42,0.5084745762711864,236,0.5132743362831859,226
Kubix,Anubis,0.38095238095238093,42,0.4926829268292683,205,0.5324675324675324,231
Kubix,Dust2,0.5789473684210527,38,0.507537688442211,199,0.6368421052631579,190
Kubix,Inferno,0.5555555555555556,18,0.4479166666666667,96,0.44047619047619047,84
Kubix,Mirage,0.5,48,0.4911504424778761,226,0.5461254612546126,271
Kubix,Nuke,0.8333333333333334,6,0.6111111111111112,36,0.5217391304347826,23
Kubix,Train,0.65,20,0.4745762711864407,118,0.42857142857142855,98
Kyoto,Ancient,0.5,4,0.3333333333333333,24,0.625,16
Kyoto,Dust2,0.0,2,0.3333333333333333,12,0.2857142857142857,7
Kyoto,Mirage,0.75,4,0.5,22,0.375,24
Kyoto,Vertigo,0.5,2,0.4166666666666667,12,0.5833333333333334,12
L&G,Ancient,0.5,48,0.4791666666666667,240,0.5826771653543307,254
L&G,Anubis,0.6,40,0.4719626168224299,214,0.5857142857142857,210
L&G,Dust2,0.6333333333333333,30,0.5902777777777778,144,0.5341614906832298,161
L&G,Inferno,0.35,20,0.41025641025641024,117,0.5,98
L&G,Mirage,0.4444444444444444,18,0.514018691588785,107,0.5555555555555556,81
L&G,Nuke,0.0,2,0.4,10,0.75,12
L&G,Vertigo,0.5,14,0.42857142857142855,84,0.5161290322580645,62
L4S,Ancient,0.5,2,0.2727272727272727,11,0.5833333333333334,12
L4S,Dust2,0.5,2,0.0,5,0.3333333333333333,12
L4S,Inferno,0.5,2,0.16666666666666666,6,0.3333333333333333,12
L4S,Mirage,0.5,2,0.75,12,0.25,12
L4S,Nuke,0.0,2,0.08333333333333333,12,0.0,2
LA MASIA,Ancient,0.5,2,0.125,8,0.5,12
LA MASIA,Anubis,0.0,2,0.3333333333333333,12,0.2857142857142857,7
LA MASIA,Inferno,0.5,2,0.6666666666666666,12,0.4166666666666667,12
LADS,Mirage,0.0,2,0.5,12,0.36363636363636365,11
LADS,Overpass,0.5,2,0.7142857142857143,7,0.08333333333333333,12
LAG,Ancient,0.54,50,0.5142857142857142,280,0.4915254237288136,236
LAG,Anubis,0.5789473684210527,38,0.45263157894736844,190,0.5347593582887701,187
LAG,Dust2,0.34210526315789475,38,0.5288461538461539,208,0.4022346368715084,179
LAG,Inferno,0.5576923076923077,52,0.5617021276595745,235,0.5876288659793815,291
LAG,Mirage,0.13636363636363635,22,0.5277777777777778,108,0.39166666666666666,120
LAG,Nuke,0.55,20,0.5416666666666666,120,0.48,100
LAG,Overpass,0.125,8,0.5416666666666666,48,0.45454545454545453,33
LAG,Train,0.5384615384615384,26,0.4728682170542636,129,0.4930555555555556,144
LAG,Vertigo,0.5,8,0.5,24,0.375,48
LASED,Ancient,1.0,2,0.5,12,0.3,10
LASED,Anubis,0.5,2,0.16666666666666666,12,0.4,5
LASED,Inferno,1.0,2,0.5,10,0.6666666666666666,12
LASED,Mirage,0.16666666666666666,6,0.5555555555555556,36,0.37037037037037035,27
LE-LUX,Ancient,0.16666666666666666,6,0.38235294117647056,34,0.3333333333333333,27
LE-LUX,Dust2,0.625,8,0.5,44,0.47619047619047616,42
LE-LUX,Mirage,0.3333333333333333,6,0.1935483870967742,31,0.36363636363636365,22
LE-LUX,Nuke,0.3333333333333333,6,0.3548387096774194,31,0.2962962962962963,27
LE-LUX,Overpass,0.25,4,0.10526315789473684,19,0.4,15
LEON,Ancient,0.4,10,0.49056603773584906,53,0.46808510638297873,47
LEON,Anubis,0.75,4,0.5,24,0.6086956521739131,23
LEON,Dust2,0.25,4,0.375,24,0.47619047619047616,21
LEON,Inferno,0.5,6,0.5357142857142857,28,0.5625,32
LEON,Mirage,1.0,2,0.5,12,0.36363636363636365,11
LEON,Nuke,1.0,2,0.4166666666666667,12,0.3333333333333333,9
LFO 3,Ancient,0.6666666666666666,6,0.6666666666666666,33,0.5161290322580645,31
LFO 3,Anubis,0.25,4,0.4090909090909091,22,0.65,20
LFO 3,Dust2,0.625,8,0.43902439024390244,41,0.3958333333333333,48
LFO 3,Mirage,0.5,6,0.5,20,0.6,35
LFO 3,Nuke,0.0,2,0.16666666666666666,12,0.0,3
LFO 4,Ancient,0.4,10,0.5,46,0.5344827586206896,58
LFO 4,Anubis,0.75,12,0.49122807017543857,57,0.7272727272727273,66
LFO 4,Dust2,0.25,12,0.36764705882352944,68,0.45098039215686275,51
LFO 4,Inferno,0.3,10,0.5192307692307693,52,0.5909090909090909,44
LFO 4,Mirage,0.6666666666666666,6,0.45454545454545453,33,0.7142857142857143,28
LFO 4,Train,0.4166666666666667,12,0.5,58,0.4927536231884058,69
LFO 5,Ancient,0.5,2,0.3333333333333333,12,0.375,8
LFO 5,Anubis,0.0,2,0.5833333333333334,12,0.5,12
LFO 5,Inferno,0.5,2,0.16666666666666666,6,0.3333333333333333,12
LFO 5,Mirage,1.0,2,0.6,10,0.25,12
LFO 5,Train,0.5,2,0.14285714285714285,7,0.4166666666666667,12
LL,Ancient,0.5,2,0.16666666666666666,6,0.3333333333333333,12
LL,Anubis,0.25,4,0.3181818181818182,22,0.7083333333333334,24
LL,Dust2,0.5,2,0.5833333333333334,12,0.5454545454545454,11
LL,Mirage,0.5,2,0.4166666666666667,12,0.5833333333333334,12
LL,Train,0.25,4,0.4166666666666667,24,0.29411764705882354,17
LOBOARMY,Ancient,0.42857142857142855,14,0.3888888888888889,54,0.4125,80
LOBOARMY,Anubis,0.3333333333333333,6,0.2413793103448276,29,0.45161290322580644,31
LOBOARMY,Dust2,0.375,8,0.45,40,0.4375,32
LOBOARMY,Inferno,0.6666666666666666,6,0.5172413793103449,29,0.5833333333333334,36
LOBOARMY,Mirage,0.5,14,0.22058823529411764,68,0.40625,64
LOBOARMY,Train,0.625,8,0.5384615384615384,26,0.5208333333333334,48
LP,Ancient,0.6538461538461539,26,0.5107913669064749,139,0.49640287769784175,139
LP,Dust2,0.35714285714285715,28,0.5345911949685535,159,0.44755244755244755,143
LP,Inferno,0.5769230769230769,26,0.46774193548387094,124,0.6592592592592592,135
LP,Mirage,0.5,20,0.5806451612903226,93,0.5478260869565217,115
LP,Nuke,0.5714285714285714,28,0.5882352941176471,136,0.5244755244755245,143
LP,Train,1.0,2,1.0,3,0.8333333333333334,12
LPH,Inferno,1.0,2,1.0,6,0.5833333333333334,12
LPH,Nuke,0.0,2,0.6666666666666666,12,0.45454545454545453,11
LUNAR,Ancient,0.0,2,0.3333333333333333,12,0.16666666666666666,6
LUNAR,Dust2,0.5,2,0.3333333333333333,12,0.0,5
LUNAR,Overpass,0.5,4,0.5,14,0.20833333333333334,24
LWD,Dust2,1.0,2,0.08333333333333333,12,0.5,4
LWD,Mirage,0.0,2,0.375,8,0.3333333333333333,12
LaChampionsLiga,Ancient,0.3333333333333333,12,0.2916666666666667,72,0.6610169491525424,59
LaChampionsLiga,Anubis,0.6666666666666666,18,0.4421052631578947,95,0.5714285714285714,98
LaChampionsLiga,Dust2,0.4642857142857143,28,0.4878048780487805,123,0.577922077922078,154
LaChampionsLiga,Inferno,0.4583333333333333,24,0.4166666666666667,108,0.5625,144
LaChampionsLiga,Mirage,0.5,12,0.4492753623188406,69,0.4067796610169492,59
LaChampionsLiga,Nuke,0.6818181818181818,22,0.5826086956521739,115,0.4224137931034483,116
LaChampionsLiga,Overpass,0.5,2,0.5,4,0.08333333333333333,12
LaiShanHui,Ancient,0.0,2,0.2857142857142857,7,0.3333333333333333,12
LaiShanHui,Inferno,0.0,2,0.4166666666666667,12,0.14285714285714285,7
Last Bullet,Ancient,0.8333333333333334,6,0.4444444444444444,36,0.6,20
Last Bullet,Dust2,0.5,4,0.5238095238095238,21,0.5,24
Last Bullet,Inferno,0.7,10,0.6333333333333333,60,0.4666666666666667,45
Last Bullet,Mirage,0.625,8,0.5,34,0.6818181818181818,44
Last Bullet,Nuke,0.0,4,0.375,24,0.15384615384615385,13
Last Bullet,Overpass,1.0,2,0.75,12,0.8,5
Last Dance,Ancient,0.5,2,0.16666666666666666,6,0.3333333333333333,12
Last Dance,Mirage,0.0,2,0.5,12,0.2222222222222222,9
Latvia,Ancient,0.25,4,0.47368421052631576,19,0.3333333333333333,24
Latvia,Mirage,0.5,6,0.5833333333333334,36,0.72,25
Latvia fe,Ancient,1.0,2,0.25,12,0.3333333333333333,6
Latvia fe,Anubis,0.0,4,0.3333333333333333,24,0.3333333333333333,15
Latvia fe,Inferno,1.0,2,0.16666666666666666,12,0.5,6
Lausanne,Mirage,0.0,2,0.2,5,0.25,12
Lausanne,Nuke,0.5,2,0.3333333333333333,12,0.2857142857142857,7
Lazer Cats,Ancient,0.5,4,0.782608695652174,23,0.47058823529411764,17
Lazer Cats,Anubis,0.5833333333333334,12,0.3333333333333333,72,0.5490196078431373,51
Lazer Cats,Dust2,0.5333333333333333,30,0.39072847682119205,151,0.4943820224719101,178
Lazer Cats,Inferno,0.4,10,0.43333333333333335,60,0.37209302325581395,43
Lazer Cats,Mirage,0.4,20,0.375,96,0.5398230088495575,113
Lazer Cats,Nuke,0.5,26,0.4696969696969697,132,0.4727272727272727,110
Lazer Cats,Overpass,0.8333333333333334,6,0.47058823529411764,34,0.6551724137931034,29
Lazer Cats,Train,0.25,4,0.6363636363636364,22,0.3333333333333333,21
Lazer Cats,Vertigo,0.0,2,0.5,12,0.2222222222222222,9
Lebanon,Anubis,0.25,4,0.25,24,0.5882352941176471,17
Lebanon,Dust2,0.5,2,0.5833333333333334,12,0.2727272727272727,11
Lebanon,Inferno,1.0,4,0.6086956521739131,23,0.4166666666666667,24
Legacy,Ancient,0.5319148936170213,94,0.52465483234714,507,0.5481798715203426,467
Legacy,Anubis,0.5142857142857142,70,0.49014084507042255,355,0.5864864864864865,370
Legacy,Dust2,0.44594594594594594,74,0.49872773536895676,393,0.5898876404494382,356
Legacy,Inferno,0.5638297872340425,94,0.5511627906976744,430,0.5615384615384615,520
Legacy,Mirage,0.5754716981132075,106,0.5467889908256881,545,0.5532710280373832,535
Legacy,Nuke,0.5952380952380952,84,0.6379690949227373,453,0.49148418491484186,411
Legacy,Overpass,0.5,4,0.5833333333333334,24,0.5263157894736842,19
Legacy,Train,0.5,8,0.4666666666666667,30,0.2558139534883721,43
Legacy,Vertigo,0.5,2,0.5,12,0.5,12
Legacy Kingdom,Ancient,0.4375,16,0.475,80,0.5842696629213483,89
Legacy Kingdom,Dust2,0.5,12,0.5283018867924528,53,0.49230769230769234,65
Legacy Kingdom,Inferno,0.7142857142857143,14,0.64,75,0.3103448275862069,58
Legacy Kingdom,Mirage,0.4,10,0.5471698113207547,53,0.46808510638297873,47
Legacy Kingdom,Nuke,0.8333333333333334,6,0.4722222222222222,36,0.5217391304347826,23
Legacy Kingdom,Overpass,1.0,2,0.9166666666666666,12,0.6666666666666666,3
Legacy Lotus,Dust2,1.0,2,0.3333333333333333,12,0.5833333333333334,12
Legacy Lotus,Nuke,0.5,2,0.3333333333333333,9,0.4166666666666667,12
Legion,Dust2,0.42857142857142855,14,0.4868421052631579,76,0.7205882352941176,68
Legion,Inferno,0.25,8,0.3404255319148936,47,0.25,28
Legion,Mirage,0.16666666666666666,6,0.6206896551724138,29,0.2777777777777778,36
Legion,Nuke,0.5,10,0.6470588235294118,51,0.4666666666666667,60
Legion,Overpass,1.0,2,0.6,10,0.25,12
Legion,Train,0.5,8,0.7111111111111111,45,0.5135135135135135,37
Lemondogs,Ancient,0.5,4,0.5,24,0.38095238095238093,21
Lemondogs,Anubis,0.0,2,0.14285714285714285,7,0.4166666666666667,12
Lemondogs,Dust2,0.5,2,0.0,9,0.6666666666666666,12
Lemondogs,Mirage,0.5,2,0.5714285714285714,7,0.75,12
Leo,Ancient,0.527027027027027,74,0.5234375,384,0.5271317829457365,387
Leo,Anubis,0.6,30,0.48322147651006714,149,0.5773809523809523,168
Leo,Dust2,0.4857142857142857,70,0.4634146341463415,328,0.5512465373961218,361
Leo,Inferno,0.5434782608695652,46,0.5075187969924813,266,0.4784688995215311,209
Leo,Mirage,0.46875,64,0.5274725274725275,364,0.42356687898089174,314
Leo,Overpass,0.4,10,0.5166666666666667,60,0.3409090909090909,44
Leo,Train,0.5,80,0.5327635327635327,351,0.48596112311015116,463
Let Her Cook,Ancient,0.5625,16,0.4117647058823529,85,0.44155844155844154,77
Let Her Cook,Anubis,0.2,10,0.40425531914893614,47,0.5660377358490566,53
Let Her Cook,Dust2,0.4375,16,0.3924050632911392,79,0.53125,96
Let Her Cook,Inferno,0.5714285714285714,14,0.34782608695652173,69,0.5060240963855421,83
Let Her Cook,Mirage,0.3888888888888889,18,0.46464646464646464,99,0.42696629213483145,89
Let Her Cook,Nuke,0.75,4,0.4166666666666667,24,0.7619047619047619,21
Let Her Cook,Vertigo,0.0,2,0.16666666666666666,12,0.0,3
LetUsQualify,Anubis,0.0,2,0.08333333333333333,12,0.0,2
LetUsQualify,Nuke,0.0,2,0.25,12,0.0,4
Lewandownskie,Ancient,0.5,2,0.75,4,0.8333333333333334,12
Lewandownskie,Nuke,0.5,2,0.5833333333333334,12,0.5,12
Leça,Ancient,0.5,10,0.5681818181818182,44,0.45,60
Leça,Anubis,0.16666666666666666,6,0.4,30,0.5714285714285714,35
Leça,Dust2,0.25,4,0.5909090909090909,22,0.5294117647058824,17
Leça,Inferno,0.25,12,0.3442622950819672,61,0.36,50
Leça,Mirage,0.0,2,0.5833333333333334,12,0.3333333333333333,12
Leça,Train,0.5,6,0.3235294117647059,34,0.4,20
Lilmix,Ancient,0.3333333333333333,12,0.4264705882352941,68,0.41509433962264153,53
Lilmix,Anubis,0.6,10,0.31666666666666665,60,0.42105263157894735,38
Lilmix,Dust2,0.3333333333333333,12,0.4,60,0.5352112676056338,71
Lilmix,Inferno,0.4166666666666667,12,0.4666666666666667,45,0.47058823529411764,68
Lilmix,Mirage,0.2777777777777778,18,0.3793103448275862,87,0.46875,96
Lilmix,Nuke,0.3333333333333333,6,0.4166666666666667,36,0.5238095238095238,21
Lilmix,Train,0.0,2,0.5,12,0.2222222222222222,9
Limitless,Ancient,0.2857142857142857,14,0.38095238095238093,63,0.2923076923076923,65
Limitless,Anubis,0.6,10,0.4791666666666667,48,0.3829787234042553,47
Limitless,Dust2,0.5,4,0.47368421052631576,19,0.43478260869565216,23
Limitless,Inferno,0.4,10,0.5111111111111111,45,0.5370370370370371,54
Limitless,Mirage,0.3333333333333333,18,0.5,80,0.4444444444444444,99
Limitless,Nuke,1.0,4,0.8571428571428571,14,0.5833333333333334,24
Linx Legacy,Dust2,0.0,2,0.25,12,0.5555555555555556,9
Linx Legacy,Inferno,0.0,2,0.3333333333333333,12,0.0,5
Linx Legacy,Nuke,0.0,2,0.0,4,0.25,12
Linx Legacy,Train,0.0,2,0.5,12,0.0,7
Liquid,Ancient,0.53125,64,0.5304878048780488,328,0.5042735042735043,351
Liquid,Anubis,0.5,46,0.5098814229249012,253,0.6186046511627907,215
Liquid,Dust2,0.4714285714285714,70,0.46518105849582175,359,0.4115853658536585,328
Liquid,Inferno,0.40625,64,0.4501510574018127,331,0.5348837209302325,344
Liquid,Mirage,0.48148148148148145,54,0.5477178423236515,241,0.5033783783783784,296
Liquid,Nuke,0.5555555555555556,54,0.5,306,0.43346007604562736,263
Liquid,Train,0.3,20,0.4636363636363636,110,0.36082474226804123,97
Lithuania,Ancient,0.3333333333333333,6,0.5277777777777778,36,0.5517241379310345,29
Lithuania,Anubis,0.5,6,0.5555555555555556,36,0.6206896551724138,29
Lithuania,Dust2,0.5,2,0.25,12,0.2,5
Lithuania,Inferno,1.0,2,0.75,12,0.6666666666666666,6
Lithuania,Mirage,0.75,4,0.6470588235294118,17,0.625,24
Lithuania,Nuke,0.6666666666666666,6,0.5,36,0.5882352941176471,34
Lithuania,Train,0.5,2,0.5833333333333334,12,0.8571428571428571,7
Lithuanian Wolves,Ancient,0.6666666666666666,6,0.4642857142857143,28,0.5,36
Lithuanian Wolves,Anubis,0.375,8,0.46511627906976744,43,0.4634146341463415,41
Lithuanian Wolves,Dust2,1.0,2,0.5,12,0.4166666666666667,12
Lithuanian Wolves,Inferno,1.0,4,0.55,20,0.4090909090909091,22
Lithuanian Wolves,Mirage,0.25,4,0.36363636363636365,22,0.4,20
Lithuanian Wolves,Nuke,0.25,4,0.375,24,0.5,18
Little Bocks,Ancient,0.375,8,0.4,30,0.4791666666666667,48
Little Bocks,Anubis,0.5,4,0.20833333333333334,24,0.36363636363636365,11
Little Bocks,Dust2,0.16666666666666666,6,0.2916666666666667,24,0.2903225806451613,31
Little Bocks,Inferno,0.375,8,0.2727272727272727,33,0.24324324324324326,37
Little Bocks,Mirage,0.5,4,0.3333333333333333,24,0.3333333333333333,15
Little Bocks,Nuke,0.25,8,0.4,40,0.40540540540540543,37
Little Bocks,Overpass,0.0,2,0.5,12,0.5833333333333334,12
Little Red Door,Ancient,0.3333333333333333,6,0.5,36,0.53125,32
Little Red Door,Inferno,1.0,2,0.5,12,0.3,10
Little Red Door,Mirage,0.5,2,0.5833333333333334,12,0.5,12
Little Red Door,Nuke,0.0,2,0.4166666666666667,12,0.14285714285714285,7
Living Legends,Cache,0.0,2,0.75,12,0.25,12
Lore,Ancient,0.5,2,0.16666666666666666,12,0.0,3
Lore,Anubis,0.0,2,0.75,8,0.5833333333333334,12
Lore,Dust2,0.16666666666666666,6,0.5238095238095238,21,0.6111111111111112,36
Lore,Inferno,0.3333333333333333,6,0.42857142857142855,35,0.4666666666666667,30
Lore,Mirage,0.3333333333333333,6,0.5,34,0.5,32
Lore,Vertigo,0.0,2,0.0,6,0.4166666666666667,12
Lotus fe,Ancient,0.5,24,0.3739130434782609,115,0.44715447154471544,123
Lotus fe,Anubis,0.4375,16,0.28888888888888886,90,0.5942028985507246,69
Lotus fe,Dust2,0.4,10,0.38333333333333336,60,0.5263157894736842,38
Lotus fe,Inferno,0.5,4,0.3125,16,0.3181818181818182,22
Lotus fe,Mirage,0.5416666666666666,24,0.4778761061946903,113,0.3684210526315789,133
Lotus fe,Nuke,0.5,6,0.4642857142857143,28,0.25,28
Lotus fe,Overpass,0.25,4,0.20833333333333334,24,0.5,14
Lotus fe,Train,0.0,2,0.5833333333333334,12,0.2,10
LoveSet,Ancient,0.5,2,0.75,12,0.25,12
LoveSet,Dust2,1.0,2,0.3333333333333333,12,0.6666666666666666,12
LoveSet,Mirage,0.5,2,0.36363636363636365,11,0.5,12
Lumen fe,Ancient,0.3333333333333333,6,0.5,18,0.3888888888888889,36
Lumen fe,Anubis,0.5714285714285714,14,0.532258064516129,62,0.6829268292682927,82
Lumen fe,Dust2,0.5,6,0.6666666666666666,36,0.625,24
Lumen fe,Inferno,0.5,2,0.5,12,0.5833333333333334,12
Lumen fe,Mirage,0.5833333333333334,12,0.41818181818181815,55,0.5,50
Lumen fe,Train,0.0,2,0.4166666666666667,12,0.3333333333333333,9
Lycus Empire,Ancient,0.75,4,0.8235294117647058,17,0.21428571428571427,14
Lycus Empire,Anubis,0.5,4,0.375,24,0.5652173913043478,23
Lycus Empire,Dust2,0.375,8,0.28888888888888886,45,0.5483870967741935,31
Lycus Empire,Inferno,0.5,2,0.2857142857142857,7,0.3333333333333333,12
Lycus Empire,Mirage,1.0,2,0.4166666666666667,12,0.4,10
Lycus Empire,Train,0.3333333333333333,6,0.3333333333333333,27,0.19230769230769232,26
Lynn Vision,Ancient,0.6129032258064516,62,0.5431034482758621,348,0.5179153094462541,307
Lynn Vision,Anubis,0.56,50,0.4444444444444444,234,0.625,248
Lynn Vision,Dust2,0.6181818181818182,110,0.5542635658914729,516,0.5597381342062193,611
Lynn Vision,Inferno,0.5384615384615384,52,0.5494880546075085,293,0.49145299145299143,234
Lynn Vision,Nuke,0.4482758620689655,58,0.5369774919614148,311,0.40148698884758366,269
Lynn Vision,Overpass,0.5,8,0.4358974358974359,39,0.5384615384615384,39
Lynn Vision,Train,0.5833333333333334,12,0.5614035087719298,57,0.5915492957746479,71
Lynn Vision,Vertigo,0.6,10,0.4666666666666667,60,0.5102040816326531,49
M1,Ancient,1.0,2,0.5,12,1.0,7
M1,Anubis,0.5,4,0.3181818181818182,22,0.5833333333333334,24
M1,Dust2,1.0,2,0.75,4,0.8333333333333334,12
M1,Inferno,0.25,4,0.25,24,0.42857142857142855,14
M1,Mirage,0.35714285714285715,14,0.5303030303030303,66,0.4473684210526316,76
M1,Nuke,0.5,12,0.46938775510204084,49,0.6527777777777778,72
M1,Train,0.3333333333333333,6,0.6666666666666666,36,0.36666666666666664,30
M1Z,Ancient,0.3333333333333333,6,0.4074074074074074,27,0.5,28
M1Z,Dust2,0.25,4,0.26666666666666666,15,0.375,24
M1Z,Inferno,1.0,2,0.6666666666666666,12,0.3333333333333333,12
M1Z,Mirage,0.5,6,0.3888888888888889,36,0.5714285714285714,28
M80,Ancient,0.5416666666666666,96,0.5836820083682008,478,0.54510556621881,521
M80,Anubis,0.5161290322580645,62,0.4315068493150685,292,0.6092307692307692,325
M80,Dust2,0.5,70,0.5271739130434783,368,0.5102639296187683,341
M80,Inferno,0.4444444444444444,54,0.5574324324324325,296,0.4830188679245283,265
M80,Mirage,0.5357142857142857,56,0.5981012658227848,316,0.5301204819277109,249
M80,Overpass,0.6111111111111112,36,0.6030534351145038,131,0.6018518518518519,216
M80,Train,0.5,24,0.5416666666666666,144,0.39473684210526316,114
M80,Vertigo,0.625,16,0.5060240963855421,83,0.4588235294117647,85
MAGICOS,Ancient,0.40625,32,0.35570469798657717,149,0.4148936170212766,188
MAGICOS,Anubis,1.0,2,0.3333333333333333,12,0.8181818181818182,11
MAGICOS,Dust2,0.5,18,0.3763440860215054,93,0.43023255813953487,86
MAGICOS,Inferno,0.4,20,0.3707865168539326,89,0.5,96
MAGICOS,Mirage,0.42857142857142855,14,0.39473684210526316,76,0.2909090909090909,55
MAGICOS,Nuke,0.0,2,0.08333333333333333,12,0.0,2
MAGICOS,Overpass,0.25,8,0.5869565217391305,46,0.35555555555555557,45
MAGICOS,Train,0.25,4,0.375,24,0.3125,16
MAJOR WINNERS,Mirage,0.0,2,0.0,6,0.4166666666666667,12
MANA,Ancient,0.4666666666666667,30,0.5029585798816568,169,0.49264705882352944,136
MANA,Dust2,0.4375,32,0.5120481927710844,166,0.5116279069767442,172
MANA,Inferno,0.375,8,0.375,40,0.4583333333333333,48
MANA,Mirage,0.5,22,0.5670103092783505,97,0.5426356589147286,129
MANA,Nuke,0.42857142857142855,14,0.5833333333333334,84,0.4444444444444444,72
MANA,Overpass,0.375,8,0.5833333333333334,48,0.30303030303030304,33
MANTRA,Ancient,0.6111111111111112,18,0.4148936170212766,94,0.6067415730337079,89
MANTRA,Anubis,0.4,10,0.375,48,0.5,52
MANTRA,Dust2,0.3,20,0.39325842696629215,89,0.42201834862385323,109
MANTRA,Inferno,0.45454545454545453,22,0.48360655737704916,122,0.45161290322580644,124
MANTRA,Nuke,0.5555555555555556,18,0.5365853658536586,82,0.42424242424242425,99
MANTRA,Train,0.4,10,0.5128205128205128,39,0.35,60
MANTRA,Vertigo,0.25,4,0.375,24,0.4444444444444444,18
MASONIC,Ancient,0.5625,32,0.4583333333333333,192,0.40425531914893614,141
MASONIC,Anubis,0.5,2,0.5,6,0.16666666666666666,12
MASONIC,Dust2,0.625,8,0.575,40,0.55,40
MASONIC,Inferno,0.3,10,0.45,60,0.43137254901960786,51
MASONIC,Mirage,0.0,4,0.375,24,0.15384615384615385,13
MASONIC,Nuke,0.4090909090909091,22,0.52,100,0.4,125
MASONIC,Overpass,0.4166666666666667,12,0.6271186440677966,59,0.46153846153846156,65
MASONIC,Train,0.6153846153846154,26,0.6226415094339622,106,0.42483660130718953,153
MASONIC,Vertigo,0.0,2,0.25,12,0.6363636363636364,11
MASONIC NexGen,Ancient,1.0,2,0.5,12,0.2222222222222222,9
MASONIC NexGen,Overpass,0.0,2,0.3333333333333333,3,0.08333333333333333,12
MAXXPOWER,Ancient,0.25,4,0.4166666666666667,24,0.2,15
MAXXPOWER,Dust2,0.25,4,0.42857142857142855,21,0.47058823529411764,17
MAXXPOWER,Mirage,0.3333333333333333,6,0.3103448275862069,29,0.4722222222222222,36
MAXXPOWER,Nuke,0.25,4,0.2777777777777778,18,0.13333333333333333,15
MCS,Ancient,0.6,10,0.4090909090909091,44,0.5740740740740741,54
MCS,Anubis,0.5,16,0.34831460674157305,89,0.676056338028169,71
MCS,Dust2,0.5,12,0.5217391304347826,46,0.4492753623188406,69
MCS,Inferno,0.5,8,0.3333333333333333,42,0.3333333333333333,30
MCS,Mirage,0.375,8,0.45652173913043476,46,0.43902439024390244,41
MCS,Train,0.5,2,0.75,12,0.3333333333333333,12
MCS,Vertigo,1.0,2,0.5833333333333334,12,0.3333333333333333,12
MEGA JUNERS,Anubis,0.2,10,0.3333333333333333,54,0.52,50
MEGA JUNERS,Inferno,0.625,8,0.425531914893617,47,0.6111111111111112,36
MEGA JUNERS,Mirage,0.5,8,0.29411764705882354,34,0.325,40
MEGA JUNERS,Train,0.5,2,0.5,12,0.5,12
MIBR,Ancient,0.45161290322580644,62,0.4560810810810811,296,0.5507692307692308,325
MIBR,Anubis,0.4375,48,0.41832669322709165,251,0.5465587044534413,247
MIBR,Inferno,0.5416666666666666,48,0.4375,272,0.5714285714285714,238
MIBR,Mirage,0.34,50,0.43795620437956206,274,0.39555555555555555,225
MIBR,Nuke,0.5757575757575758,66,0.553125,320,0.5057803468208093,346
MIBR,Overpass,0.6666666666666666,6,0.5833333333333334,36,0.4444444444444444,36
MIBR,Train,0.4444444444444444,18,0.5617977528089888,89,0.30337078651685395,89
MIBR,Vertigo,0.5,8,0.5833333333333334,48,0.475,40
MIBR Academy,Ancient,0.5,18,0.5833333333333334,72,0.4166666666666667,108
MIBR Academy,Anubis,0.6666666666666666,18,0.46296296296296297,108,0.5816326530612245,98
MIBR Academy,Dust2,0.42857142857142855,28,0.45652173913043476,138,0.46511627906976744,129
MIBR Academy,Inferno,0.0,2,0.16666666666666666,12,0.0,3
MIBR Academy,Mirage,0.4375,16,0.41379310344827586,87,0.3717948717948718,78
MIBR Academy,Nuke,0.4230769230769231,26,0.6041666666666666,144,0.4461538461538462,130
MIBR Academy,Overpass,0.5,2,0.8333333333333334,12,0.16666666666666666,12
MIBR Academy,Train,0.5833333333333334,12,0.5517241379310345,58,0.4745762711864407,59
MIBR fe,Ancient,0.6923076923076923,26,0.5196850393700787,127,0.6097560975609756,123
MIBR fe,Anubis,0.6666666666666666,12,0.6551724137931034,58,0.5178571428571429,56
MIBR fe,Dust2,0.25,12,0.5081967213114754,61,0.4827586206896552,58
MIBR fe,Inferno,0.35714285714285715,14,0.36486486486486486,74,0.6307692307692307,65
MIBR fe,Mirage,0.625,8,0.675,40,0.5142857142857142,35
MIBR fe,Nuke,0.375,8,0.5,44,0.37777777777777777,45
MIBR fe,Vertigo,0.5,2,0.2,5,0.25,12
MIGHT,Ancient,0.36666666666666664,30,0.38461538461538464,156,0.4697986577181208,149
MIGHT,Anubis,0.6,30,0.43870967741935485,155,0.6139240506329114,158
MIGHT,Dust2,0.3333333333333333,18,0.3368421052631579,95,0.4024390243902439,82
MIGHT,Inferno,0.6,10,0.5423728813559322,59,0.38095238095238093,42
MIGHT,Mirage,0.55,40,0.4868421052631579,228,0.470873786407767,206
MIGHT,Nuke,0.6176470588235294,34,0.6103896103896104,154,0.5108695652173914,184
MIGHT,Train,0.5555555555555556,18,0.45569620253164556,79,0.46464646464646464,99
MINLATE,Ancient,0.5,4,0.43478260869565216,23,0.2777777777777778,18
MINLATE,Dust2,0.5833333333333334,12,0.4714285714285714,70,0.37254901960784315,51
MINLATE,Inferno,0.5,2,0.08333333333333333,12,0.7777777777777778,9
MINLATE,Mirage,0.4,10,0.5178571428571429,56,0.3,50
MINLATE,Nuke,0.6,10,0.46,50,0.5166666666666667,60
MINLATE,Overpass,1.0,4,0.5217391304347826,23,0.5,22
MMM,Dust2,0.5,2,0.2857142857142857,7,0.3333333333333333,12
MMM,Mirage,1.0,2,0.4166666666666667,12,0.4,10
MOLO,Ancient,0.5714285714285714,14,0.5555555555555556,72,0.4166666666666667,84
MOLO,Anubis,0.25,4,0.23529411764705882,17,0.5652173913043478,23
MOLO,Dust2,0.5,2,0.3333333333333333,12,0.0,5
MOLO,Inferno,0.75,4,0.5789473684210527,19,0.7142857142857143,21
MOLO,Mirage,0.75,4,0.375,24,0.47058823529411764,17
MOLO,Nuke,0.5,6,0.29411764705882354,34,0.6071428571428571,28
MOLO,Vertigo,0.25,4,0.625,24,0.4090909090909091,22
MONEY CREW,Ancient,0.25,4,0.5714285714285714,21,0.5416666666666666,24
MONEY CREW,Inferno,0.0,2,0.4166666666666667,12,0.0,6
MONEY CREW,Mirage,0.5,2,0.5833333333333334,12,0.5,12
MONEY CREW,Overpass,0.5,2,0.5833333333333334,12,0.2,10
MOUZ,Ancient,0.5862068965517241,58,0.4955223880597015,335,0.49333333333333335,300
MOUZ,Dust2,0.5185185185185185,54,0.46296296296296297,324,0.5186721991701245,241
MOUZ,Inferno,0.627906976744186,86,0.5378151260504201,476,0.5407925407925408,429
MOUZ,Mirage,0.5377358490566038,106,0.5903614457831325,498,0.4794069192751236,607
MOUZ,Nuke,0.5666666666666667,90,0.5816554809843401,447,0.4819277108433735,498
MOUZ,Overpass,0.4,10,0.47058823529411764,51,0.46,50
MOUZ,Train,0.6666666666666666,24,0.5905511811023622,127,0.5396825396825397,126
MOUZ,Vertigo,0.42857142857142855,14,0.5476190476190477,84,0.36923076923076925,65
MOUZ NXT,Ancient,0.5454545454545454,22,0.45689655172413796,116,0.49523809523809526,105
MOUZ NXT,Anubis,0.4,10,0.3170731707317073,41,0.6166666666666667,60
MOUZ NXT,Dust2,0.5714285714285714,14,0.47761194029850745,67,0.5421686746987951,83
MOUZ NXT,Inferno,0.375,8,0.375,48,0.45454545454545453,33
MOUZ NXT,Mirage,0.5,10,0.44,50,0.43333333333333335,60
MOUZ NXT,Nuke,0.5,20,0.4479166666666667,96,0.46956521739130436,115
MOUZ NXT,Overpass,0.5,2,0.25,12,0.3333333333333333,6
MOUZ NXT,Train,0.25,4,0.375,24,0.5,12
MOUZ NXT,Vertigo,0.5,10,0.4727272727272727,55,0.5666666666666667,60
MYSKILL,Ancient,0.0,2,0.3333333333333333,12,0.6666666666666666,12
MYSKILL,Dust2,0.0,2,0.6666666666666666,12,0.45454545454545453,11
MYSKILL,Mirage,0.5,2,0.6666666666666666,12,0.3333333333333333,12
Maestro,Anubis,1.0,2,0.4166666666666667,12,0.4,10
Maestro,Inferno,0.0,2,0.25,12,0.0,4
Maestro,Mirage,0.0,2,0.5,12,0.5,12
Maestro,Nuke,0.5,2,0.5833333333333334,12,0.5,12
Maestro,Train,0.25,4,0.3157894736842105,19,0.2777777777777778,18
Magic Cape,Ancient,0.0,2,0.2857142857142857,7,0.3333333333333333,12
Magic Cape,Mirage,0.5,4,0.375,24,0.47619047619047616,21
Magic Cape,Nuke,0.5,2,0.8333333333333334,12,0.16666666666666666,12
Make Your Mind,Anubis,0.0,2,0.6666666666666666,12,0.5555555555555556,9
Make Your Mind,Dust2,0.0,4,0.47058823529411764,17,0.375,24
Make Your Mind,Inferno,0.3333333333333333,6,0.2857142857142857,28,0.64,25
Make Your Mind,Mirage,0.5,2,0.6666666666666666,6,0.75,12
Make Your Mind,Nuke,0.5,4,0.4583333333333333,24,0.6818181818181818,22
MakersMeetYou,Ancient,0.5,2,0.3333333333333333,12,0.0,5
MakersMeetYou,Mirage,0.0,4,0.16666666666666666,12,0.3333333333333333,24
MakersMeetYou,Nuke,0.0,2,0.5833333333333334,12,0.1111111111111111,9
Mamba mentality,Inferno,0.5,2,0.6666666666666666,12,0.3333333333333333,12
Mamba mentality,Overpass,0.5,2,0.5,12,0.5,12
Mamba mentality,Train,0.0,2,0.9,10,0.3333333333333333,12
Marca Registrada,Ancient,0.35714285714285715,28,0.5354330708661418,127,0.4125874125874126,143
Marca Registrada,Anubis,0.55,20,0.45535714285714285,112,0.5377358490566038,106
Marca Registrada,Dust2,0.6666666666666666,24,0.46956521739130436,115,0.4230769230769231,130
Marca Registrada,Inferno,0.14285714285714285,14,0.2682926829268293,82,0.29545454545454547,44
Marca Registrada,Mirage,0.5833333333333334,24,0.46774193548387094,124,0.4918032786885246,122
Marca Registrada,Nuke,0.5,4,0.625,24,0.5882352941176471,17
Marca Registrada,Overpass,0.0,2,0.25,12,0.2,5
Marca Registrada,Train,0.7,10,0.5689655172413793,58,0.6410256410256411,39
Marca Registrada,Vertigo,0.5,4,0.2916666666666667,24,0.18181818181818182,11
Marius,Ancient,0.16666666666666666,12,0.4426229508196721,61,0.3793103448275862,58
Marius,Anubis,0.6,10,0.5238095238095238,42,0.7407407407407407,54
Marius,Dust2,0.35714285714285715,14,0.36904761904761907,84,0.41818181818181815,55
Marius,Inferno,0.25,8,0.425531914893617,47,0.4166666666666667,36
Marius,Mirage,0.4090909090909091,22,0.4105263157894737,95,0.44696969696969696,132
Marius,Nuke,0.75,4,0.2916666666666667,24,0.4375,16
Marius,Train,0.0,2,0.0,3,0.16666666666666666,12
Marsborne,Ancient,0.5208333333333334,96,0.5402298850574713,522,0.47489539748953974,478
Marsborne,Anubis,0.4444444444444444,36,0.4293193717277487,191,0.5901639344262295,183
Marsborne,Dust2,0.5,68,0.5234375,384,0.4670846394984326,319
Marsborne,Inferno,0.5921052631578947,76,0.556786703601108,361,0.5354523227383863,409
Marsborne,Mirage,0.5,6,0.6666666666666666,36,0.4411764705882353,34
Marsborne,Nuke,0.5806451612903226,62,0.6302250803858521,311,0.47774480712166173,337
Marsborne,Overpass,0.5,10,0.41818181818181815,55,0.5,50
Marsborne,Train,0.6111111111111112,72,0.6141304347826086,368,0.4634760705289673,397
Martians,Anubis,0.5,2,0.3333333333333333,12,0.375,8
Martians,Dust2,0.5,4,0.3888888888888889,18,0.4166666666666667,24
Martians,Mirage,0.25,4,0.2916666666666667,24,0.6363636363636364,11
Max,Dust2,0.5,2,0.5,12,0.36363636363636365,11
Max,Inferno,0.5,2,0.8333333333333334,12,0.75,4
Max,Train,0.5,2,0.3,10,0.5,12
Maximum Ego,Ancient,0.5,2,1.0,3,0.8333333333333334,12
Maximum Ego,Anubis,0.75,4,0.5416666666666666,24,0.5,18
Maximum Ego,Dust2,1.0,2,0.16666666666666666,12,0.4,5
Maximum Ego,Inferno,0.75,4,0.20833333333333334,24,0.6111111111111112,18
Maximum Ego,Nuke,0.0,2,0.5,12,0.5,12
Maximum Ego,Vertigo,0.0,2,0.0,3,0.16666666666666666,12
Mercenaires,Ancient,0.625,8,0.5,46,0.48936170212765956,47
Mercenaires,Anubis,0.5,8,0.375,48,0.5714285714285714,42
Mercenaires,Dust2,0.375,8,0.5333333333333333,45,0.3448275862068966,29
Mercenaires,Inferno,0.16666666666666666,6,0.43333333333333335,30,0.5277777777777778,36
Mercenaires,Nuke,0.5,2,0.4166666666666667,12,0.45454545454545453,11
Messitas,Ancient,0.5,10,0.3220338983050847,59,0.47619047619047616,42
Messitas,Anubis,0.3,10,0.24,50,0.20588235294117646,34
Messitas,Dust2,0.5625,16,0.5128205128205128,78,0.42045454545454547,88
Messitas,Mirage,0.8333333333333334,6,0.5,36,0.3888888888888889,18
Messitas,Nuke,0.0,2,0.16666666666666666,12,0.5,6
Meteor,Anubis,0.5,4,0.3181818181818182,22,0.8260869565217391,23
Meteor,Dust2,0.25,4,0.5,24,0.4583333333333333,24
Meteor,Inferno,0.0,2,0.3333333333333333,12,0.0,5
Meteor,Nuke,0.0,2,0.25,12,0.2,5
Metizport,Ancient,0.4864864864864865,74,0.5202863961813843,419,0.5277777777777778,360
Metizport,Anubis,0.5333333333333333,30,0.43452380952380953,168,0.6506849315068494,146
Metizport,Dust2,0.5294117647058824,34,0.43010752688172044,186,0.46153846153846156,182
Metizport,Inferno,0.5526315789473685,38,0.44285714285714284,210,0.565,200
Metizport,Mirage,0.5595238095238095,84,0.565,400,0.5010940919037199,457
Metizport,Nuke,0.5689655172413793,58,0.5606060606060606,330,0.458955223880597,268
Metizport,Overpass,0.5714285714285714,28,0.5478260869565217,115,0.49700598802395207,167
Metizport,Vertigo,0.6428571428571429,14,0.59375,64,0.676056338028169,71
Metizport X,Ancient,0.5,2,0.16666666666666666,12,0.7272727272727273,11
Metizport X,Anubis,0.75,4,0.5238095238095238,21,0.6521739130434783,23
Metizport X,Inferno,1.0,4,0.5625,16,0.6666666666666666,24
Metizport X,Train,0.5,2,0.3333333333333333,9,0.4166666666666667,12
Metizport X,Vertigo,0.5,2,0.8333333333333334,6,0.6666666666666666,12
Mindfreak,Ancient,0.55,20,0.51,100,0.4528301886792453,106
Mindfreak,Anubis,0.4772727272727273,44,0.5,240,0.5324074074074074,216
Mindfreak,Dust2,0.484375,64,0.5185185185185185,324,0.46932515337423314,326
Mindfreak,Inferno,0.42857142857142855,28,0.5064935064935064,154,0.45925925925925926,135
Mindfreak,Mirage,0.5208333333333334,48,0.5454545454545454,253,0.4826086956521739,230
Mindfreak,Nuke,0.5512820512820513,78,0.4949238578680203,394,0.4918793503480278,431
Mindfreak,Overpass,0.0,4,0.5416666666666666,24,0.1875,16
Mindfreak,Train,0.4444444444444444,18,0.46236559139784944,93,0.46511627906976744,86
Mindgamer,Inferno,0.0,2,0.16666666666666666,12,0.0,3
Mindgamer,Overpass,0.0,2,0.0,3,0.16666666666666666,12
Minsk House,Ancient,0.0,2,0.36363636363636365,11,0.5,12
Minsk House,Anubis,0.16666666666666666,6,0.5,34,0.5428571428571428,35
Minsk House,Dust2,0.5,2,0.5833333333333334,12,0.4166666666666667,12
Minsk House,Inferno,0.5,2,0.6666666666666666,12,0.3333333333333333,12
Minsk House,Overpass,0.5,2,0.7272727272727273,11,0.4166666666666667,12
Minsk House,Train,1.0,2,0.8333333333333334,12,1.0,3
Miracle Play,Anubis,0.5,2,0.3333333333333333,12,0.5,10
Miracle Play,Inferno,0.0,2,0.0,3,0.16666666666666666,12
Miracle Play,Nuke,1.0,2,0.3333333333333333,12,0.4444444444444444,9
Mission Possible,Ancient,0.5,2,0.16666666666666666,12,0.5,6
Mission Possible,Anubis,0.25,4,0.4583333333333333,24,0.45,20
Mission Possible,Dust2,0.75,4,0.23809523809523808,21,0.5,20
Mission Possible,Inferno,0.5,2,0.36363636363636365,11,0.5,12
Mission Possible,Mirage,0.5,2,0.5833333333333334,12,0.6,10
Monarch Realm,Ancient,0.75,8,0.5208333333333334,48,0.40540540540540543,37
Monarch Realm,Anubis,0.0,2,0.3333333333333333,12,0.2857142857142857,7
Monarch Realm,Mirage,0.5,2,0.5833333333333334,12,0.5,12
Monarch Realm,Nuke,0.0,2,0.16666666666666666,12,0.25,4
Monarch Realm,Overpass,0.25,4,0.5416666666666666,24,0.5,24
Money Crew,Dust2,0.5,2,0.75,8,0.08333333333333333,12
Money Crew,Inferno,0.75,4,0.4583333333333333,24,0.5,16
Money Crew,Mirage,0.6666666666666666,6,0.3548387096774194,31,0.5,36
Money Crew,Nuke,0.5,2,0.5,12,0.5,12
Moneyball,Ancient,1.0,2,0.6666666666666666,6,0.75,12
Moneyball,Dust2,0.5,2,0.3333333333333333,12,0.5454545454545454,11
Moneyball,Inferno,0.0,2,0.2,5,0.25,12
Moneyball,Mirage,0.5,2,0.7272727272727273,11,0.4166666666666667,12
Moneyball,Nuke,0.5,2,0.9166666666666666,12,0.4,5
Monte,Ancient,0.4887640449438202,178,0.5201207243460765,994,0.5119047619047619,840
Monte,Anubis,0.5365853658536586,82,0.43526785714285715,448,0.5522727272727272,440
Monte,Dust2,0.5175438596491229,114,0.47335423197492166,638,0.5340699815837937,543
Monte,Inferno,0.5,8,0.6190476190476191,42,0.5384615384615384,39
Monte,Mirage,0.5602409638554217,166,0.48705882352941177,850,0.5171597633136095,845
Monte,Nuke,0.515625,192,0.5708460754332314,981,0.5128712871287129,1010
Monte,Overpass,0.35714285714285715,14,0.6071428571428571,84,0.546875,64
Monte,Train,0.5116279069767442,86,0.582392776523702,443,0.45905172413793105,464
Monte,Vertigo,0.4230769230769231,26,0.4485294117647059,136,0.5289855072463768,138
Monte Gen,Ancient,0.7,40,0.5663265306122449,196,0.573394495412844,218
Monte Gen,Anubis,0.5,22,0.4948453608247423,97,0.6590909090909091,132
Monte Gen,Dust2,0.5714285714285714,14,0.5138888888888888,72,0.4788732394366197,71
Monte Gen,Inferno,1.0,4,0.4,15,0.6666666666666666,18
Monte Gen,Mirage,0.4090909090909091,22,0.5645161290322581,124,0.44537815126050423,119
Monte Gen,Nuke,0.6071428571428571,28,0.5668789808917197,157,0.5064102564102564,156
Monte Gen,Vertigo,0.6,20,0.44660194174757284,103,0.5666666666666667,120
Mousquetaires,Ancient,0.6153846153846154,26,0.5172413793103449,145,0.460431654676259,139
Mousquetaires,Anubis,0.5,8,0.4418604651162791,43,0.5,46
Mousquetaires,Dust2,0.42857142857142855,14,0.5,70,0.4634146341463415,82
Mousquetaires,Inferno,0.3125,16,0.49295774647887325,71,0.4044943820224719,89
Mousquetaires,Mirage,1.0,2,0.5,12,0.4166666666666667,12
Mousquetaires,Nuke,0.45454545454545453,22,0.4752475247524752,101,0.48717948717948717,117
Mousquetaires,Overpass,0.4166666666666667,12,0.5230769230769231,65,0.39622641509433965,53
Mousquetaires,Train,0.375,16,0.5543478260869565,92,0.36363636363636365,77
Mythic,Ancient,0.5,22,0.47619047619047616,126,0.5340909090909091,88
Mythic,Anubis,0.46875,32,0.41379310344827586,174,0.5159235668789809,157
Mythic,Dust2,0.4090909090909091,22,0.5473684210526316,95,0.5357142857142857,112
Mythic,Inferno,0.25,4,0.1875,16,0.1875,16
Mythic,Mirage,0.5294117647058824,34,0.43315508021390375,187,0.45714285714285713,175
Mythic,Nuke,0.4423076923076923,52,0.5524193548387096,248,0.4869281045751634,306
Mythic,Overpass,0.0,4,0.2916666666666667,24,0.18181818181818182,11
Mythic,Train,0.625,16,0.4583333333333333,72,0.5277777777777778,72
Mythic,Vertigo,0.6666666666666666,6,0.3611111111111111,36,0.5416666666666666,24
Myztro,Ancient,0.5,2,0.6666666666666666,12,0.3333333333333333,12
Myztro,Anubis,0.5,2,0.16666666666666666,12,0.75,12
Myztro,Mirage,0.5,2,0.4166666666666667,12,0.3333333333333333,9
NAOCOPULAS,Ancient,0.25,4,0.3333333333333333,18,0.4583333333333333,24
NAOCOPULAS,Inferno,0.75,4,0.4166666666666667,24,0.42857142857142855,14
NAVI Javelins,Ancient,0.6666666666666666,6,0.7142857142857143,35,0.44,25
NAVI Javelins,Anubis,0.4,10,0.38596491228070173,57,0.64,50
NAVI Javelins,Dust2,0.9166666666666666,12,0.5671641791044776,67,0.6153846153846154,52
NAVI Javelins,Inferno,0.4583333333333333,24,0.48695652173913045,115,0.7007299270072993,137
NAVI Javelins,Mirage,0.75,4,0.5,24,0.631578947368421,19
NAVI Javelins,Nuke,0.25,4,0.5833333333333334,24,0.4117647058823529,17
NAVI Junior,Ancient,0.5333333333333333,180,0.5608342989571263,863,0.5744047619047619,1008
NAVI Junior,Anubis,0.5357142857142857,84,0.4672489082969432,458,0.636986301369863,438
NAVI Junior,Dust2,0.618421052631579,76,0.5797872340425532,376,0.5591133004926109,406
NAVI Junior,Inferno,0.5588235294117647,68,0.4654255319148936,376,0.5393939393939394,330
NAVI Junior,Mirage,0.6276595744680851,94,0.5278884462151394,502,0.5562248995983936,498
NAVI Junior,Nuke,0.5340909090909091,88,0.5357142857142857,476,0.4756380510440835,431
NEVERMORE,Ancient,0.42857142857142855,14,0.4657534246575342,73,0.5555555555555556,81
NEVERMORE,Anubis,0.45454545454545453,22,0.4188034188034188,117,0.6095238095238096,105
NEVERMORE,Dust2,0.6666666666666666,6,0.3888888888888889,36,0.7916666666666666,24
NEVERMORE,Inferno,0.5,6,0.4166666666666667,36,0.5,34
NEVERMORE,Mirage,0.5,8,0.6363636363636364,44,0.5348837209302325,43
NEVERMORE,Train,0.25,4,0.375,24,0.15384615384615385,13
NIP Impact,Ancient,0.3333333333333333,18,0.4157303370786517,89,0.42045454545454547,88
NIP Impact,Anubis,0.8333333333333334,6,0.625,24,0.7058823529411765,34
NIP Impact,Dust2,0.5,16,0.3902439024390244,82,0.4827586206896552,87
NIP Impact,Inferno,0.5789473684210527,38,0.5352941176470588,170,0.5592417061611374,211
NIP Impact,Mirage,0.21428571428571427,14,0.32051282051282054,78,0.48,50
NIP Impact,Overpass,0.5,4,0.5416666666666666,24,0.11764705882352941,17
NIP Impact,Train,0.5,14,0.5833333333333334,72,0.45901639344262296,61
NIP Impact,Vertigo,0.25,4,0.5833333333333334,24,0.8571428571428571,14
NITRO,Ancient,0.5,14,0.5138888888888888,72,0.36363636363636365,77
NITRO,Dust2,0.25,12,0.4861111111111111,72,0.4666666666666667,60
NITRO,Inferno,0.45454545454545453,22,0.45544554455445546,101,0.5416666666666666,120
NITRO,Mirage,0.6363636363636364,22,0.5315315315315315,111,0.49504950495049505,101
NITRO,Nuke,0.25,12,0.35,60,0.4375,64
NITRO,Train,0.5,4,0.5714285714285714,21,0.5,24
NITRO,Vertigo,0.0,2,0.16666666666666666,12,0.25,4
NKT,Ancient,0.25,4,0.42105263157894735,19,0.375,24
NKT,Anubis,0.0,2,0.25,12,0.42857142857142855,7
NKT,Mirage,1.0,2,0.5833333333333334,12,0.2727272727272727,11
NOM,Ancient,0.5,2,0.7272727272727273,11,0.4166666666666667,12
NOM,Dust2,0.0,2,0.5454545454545454,11,0.3333333333333333,12
NOM,Inferno,1.0,2,1.0,3,0.8333333333333334,12
NOM,Mirage,0.5,2,0.5833333333333334,12,0.0,8
NOVA,Ancient,0.5,2,0.75,8,0.08333333333333333,12
NOVA,Anubis,0.5,2,0.25,12,0.0,4
NOVAQ,Ancient,0.46153846153846156,26,0.5737704918032787,122,0.4896551724137931,145
NOVAQ,Dust2,0.4827586206896552,58,0.503448275862069,290,0.5799373040752351,319
NOVAQ,Inferno,0.5555555555555556,36,0.4793814432989691,194,0.5213270142180095,211
NOVAQ,Mirage,0.6304347826086957,46,0.5236051502145923,233,0.490272373540856,257
NOVAQ,Nuke,0.3888888888888889,18,0.313953488372093,86,0.32941176470588235,85
NOVAQ,Train,0.42857142857142855,14,0.5,78,0.4375,64
NRG,Ancient,0.44,50,0.5559701492537313,268,0.5215311004784688,209
NRG,Anubis,0.5,66,0.5329341317365269,334,0.5545722713864307,339
NRG,Dust2,0.6153846153846154,104,0.52465483234714,507,0.6053571428571428,560
NRG,Inferno,0.6290322580645161,62,0.6062717770034843,287,0.5476190476190477,336
NRG,Mirage,0.5102040816326531,98,0.5857988165680473,507,0.5560165975103735,482
NRG,Nuke,0.52,50,0.5189393939393939,264,0.4690265486725664,226
NRG,Overpass,0.35714285714285715,14,0.4861111111111111,72,0.4714285714285714,70
NRG,Train,0.5769230769230769,52,0.6071428571428571,280,0.5369649805447471,257
NRG,Vertigo,0.8333333333333334,12,0.6875,64,0.5964912280701754,57
NSN,Ancient,0.0,2,0.0,2,0.08333333333333333,12
NSN,Inferno,0.0,2,0.25,12,0.6,10
NXT,Ancient,0.5,12,0.5423728813559322,59,0.5161290322580645,62
NXT,Anubis,0.25,4,0.23076923076923078,13,0.3333333333333333,24
NXT,Inferno,0.3333333333333333,12,0.5,56,0.5714285714285714,63
NXT,Nuke,0.5,12,0.5918367346938775,49,0.5652173913043478,69
NXT,Train,0.5,8,0.5,48,0.28125,32
NYX,Ancient,0.5,2,0.0,3,0.16666666666666666,12
NYX,Mirage,0.0,4,0.08333333333333333,24,0.0,4
NYX,Nuke,1.0,2,0.4166666666666667,12,0.45454545454545453,11
NYX,Overpass,1.0,2,0.4166666666666667,12,0.5,12
NYX,Train,0.0,2,0.3333333333333333,3,0.08333333333333333,12
Nalakuvara,Ancient,0.5,2,0.0,7,0.5,12
Nalakuvara,Anubis,0.5,4,0.36363636363636365,22,0.5,16
Nalakuvara,Inferno,0.0,2,0.0,2,0.08333333333333333,12
Nalakuvara,Mirage,0.5,2,0.6,5,0.08333333333333333,12
Nalakuvara,Nuke,0.25,4,0.47619047619047616,21,0.47368421052631576,19
Natus Vincere,Ancient,0.4594594594594595,74,0.5486284289276808,401,0.5093333333333333,375
Natus Vincere,Anubis,0.7,20,0.42696629213483145,89,0.5333333333333333,120
Natus Vincere,Dust2,0.42,50,0.5096525096525096,259,0.550185873605948,269
Natus Vincere,Inferno,0.4189189189189189,74,0.5126903553299492,394,0.5402010050251256,398
Natus Vincere,Mirage,0.46511627906976744,86,0.5011990407673861,417,0.5548523206751055,474
Natus Vincere,Nuke,0.5161290322580645,62,0.5639344262295082,305,0.47634069400630913,317
Natus Vincere,Train,0.5454545454545454,22,0.6126126126126126,111,0.4827586206896552,116
Needachance,Ancient,0.5,2,0.5,12,0.4166666666666667,12
Needachance,Dust2,0.5,2,0.6,10,0.5833333333333334,12
Needachance,Train,0.5,2,0.5,12,0.5833333333333334,12
Nemesis,Ancient,1.0,2,0.25,12,0.42857142857142855,7
Nemesis,Inferno,0.5,2,0.2727272727272727,11,0.5833333333333334,12
Nemesis,Mirage,0.25,4,0.5555555555555556,18,0.3333333333333333,24
Nemesis,Nuke,0.5,2,0.75,12,0.25,12
Nemesis,Overpass,0.0,2,0.6666666666666666,9,0.5833333333333334,12
Nemesis,Train,0.5,2,0.5,6,0.16666666666666666,12
Nemesis Impact,Ancient,0.5,4,0.18181818181818182,22,0.6190476190476191,21
Nemesis Impact,Dust2,0.5,2,0.4166666666666667,12,0.4,10
Nemesis Impact,Inferno,0.75,4,0.20833333333333334,24,0.36363636363636365,11
Nemesis Impact,Mirage,0.5,4,0.6666666666666666,18,0.3157894736842105,19
Nemesis Impact,Nuke,0.3333333333333333,6,0.6176470588235294,34,0.38235294117647056,34
Nemiga,Ancient,0.4855072463768116,138,0.501466275659824,682,0.5267857142857143,784
Nemiga,Anubis,0.5681818181818182,88,0.4144736842105263,456,0.6342975206611571,484
Nemiga,Dust2,0.5086206896551724,116,0.49022801302931596,614,0.5228013029315961,614
Nemiga,Inferno,0.4852941176470588,68,0.43575418994413406,358,0.4689265536723164,354
Nemiga,Mirage,0.5319148936170213,94,0.5081081081081081,555,0.4742729306487696,447
Nemiga,Overpass,0.625,8,0.6666666666666666,42,0.3181818181818182,44
Nemiga,Train,0.65,40,0.5560975609756098,205,0.4297872340425532,235
Nemiga,Vertigo,0.45,20,0.44680851063829785,94,0.5321100917431193,109
Netherlands,Dust2,0.0,2,0.5833333333333334,12,0.6666666666666666,9
Netherlands,Inferno,0.3333333333333333,6,0.5185185185185185,27,0.5555555555555556,36
Netherlands,Nuke,0.5,4,0.5833333333333334,24,0.5,20
Netherlands fe,Ancient,0.8333333333333334,6,0.5862068965517241,29,0.6363636363636364,33
Netherlands fe,Anubis,0.25,8,0.2727272727272727,33,0.4583333333333333,48
Netherlands fe,Dust2,0.75,4,0.7083333333333334,24,0.6,15
Netherlands fe,Inferno,0.625,8,0.42424242424242425,33,0.4090909090909091,44
Netherlands fe,Mirage,0.75,4,0.5714285714285714,14,0.75,24
Netherlands fe,Train,0.5,2,0.75,12,1.0,4
NeverPlay,Anubis,0.0,2,0.16666666666666666,6,0.3333333333333333,12
NeverPlay,Mirage,0.0,2,0.0,7,0.5,12
NewBALLS,Ancient,0.5,6,0.6,20,0.4166666666666667,36
NewBALLS,Anubis,0.5,4,0.5416666666666666,24,0.42857142857142855,14
NewBALLS,Dust2,0.5,6,0.2962962962962963,27,0.6785714285714286,28
NewBALLS,Mirage,0.5,4,0.4583333333333333,24,0.625,16
NewBALLS,Nuke,0.5,2,0.4166666666666667,12,0.14285714285714285,7
NewBALLS,Vertigo,0.5,6,0.47619047619047616,21,0.5555555555555556,36
Newstar,Dust2,0.5,2,0.4166666666666667,12,0.0,6
Newstar,Overpass,1.0,2,0.5,12,0.5,12
Nexus,Ancient,0.49137931034482757,116,0.48119122257053293,638,0.4669051878354204,559
Nexus,Anubis,0.5648148148148148,108,0.4172297297297297,592,0.5960502692998204,557
Nexus,Dust2,0.54,150,0.5172413793103449,667,0.5495716034271726,817
Nexus,Inferno,0.4818181818181818,110,0.4246353322528363,617,0.46654275092936803,538
Nexus,Mirage,0.48360655737704916,122,0.4963072378138848,677,0.4337748344370861,604
Nexus,Nuke,0.5753424657534246,146,0.5552699228791774,778,0.4913907284768212,755
Nexus,Train,0.5,30,0.5323741007194245,139,0.4251497005988024,167
Nii Kerge,Ancient,0.5,6,0.4838709677419355,31,0.4411764705882353,34
Nii Kerge,Anubis,0.25,4,0.3333333333333333,24,0.4,15
Nii Kerge,Dust2,0.5,2,0.3333333333333333,12,0.75,12
Nii Kerge,Mirage,0.5,4,0.42857142857142855,21,0.625,24
NinJa,Ancient,0.3,10,0.4166666666666667,48,0.24489795918367346,49
NinJa,Anubis,0.16666666666666666,6,0.25,28,0.5277777777777778,36
NinJa,Dust2,0.5,6,0.3103448275862069,29,0.4722222222222222,36
NinJa,Inferno,0.42857142857142855,14,0.5342465753424658,73,0.36363636363636365,66
NinJa,Mirage,0.6666666666666666,18,0.4943820224719101,89,0.5376344086021505,93
NinJa,Nuke,0.6666666666666666,6,0.43333333333333335,30,0.5882352941176471,34
Ninjas in Pyjamas,Ancient,0.4861111111111111,72,0.5172413793103449,406,0.5225464190981433,377
Ninjas in Pyjamas,Anubis,0.42857142857142855,28,0.4557823129251701,147,0.4900662251655629,151
Ninjas in Pyjamas,Dust2,0.38461538461538464,52,0.4791666666666667,288,0.4489795918367347,245
Ninjas in Pyjamas,Inferno,0.5,28,0.4797297297297297,148,0.4666666666666667,120
Ninjas in Pyjamas,Mirage,0.3125,32,0.46774193548387094,186,0.40397350993377484,151
Ninjas in Pyjamas,Nuke,0.4791666666666667,96,0.5619266055045872,436,0.553639846743295,522
Ninjas in Pyjamas,Overpass,0.5,4,0.6111111111111112,18,0.35,20
Ninjas in Pyjamas,Train,0.5869565217391305,46,0.6039215686274509,255,0.48360655737704916,244
Ninjas in Pyjamas,Vertigo,0.4166666666666667,12,0.5245901639344263,61,0.5915492957746479,71
Niory,Ancient,0.3333333333333333,6,0.4642857142857143,28,0.7352941176470589,34
Niory,Anubis,0.0,2,0.25,12,0.3333333333333333,6
Niory,Dust2,0.5,2,0.4444444444444444,9,0.3333333333333333,12
Niory,Mirage,0.16666666666666666,6,0.5428571428571428,35,0.5806451612903226,31
Nixuh,Ancient,0.3333333333333333,6,0.4482758620689655,29,0.3611111111111111,36
Nixuh,Dust2,0.0,2,0.08333333333333333,12,0.6666666666666666,6
Nixuh,Inferno,0.0,2,0.0,4,0.25,12
Nixuh,Mirage,0.5,2,0.5,12,0.4166666666666667,12
Nixuh,Nuke,0.0,2,0.16666666666666666,12,0.6666666666666666,9
Nixuh,Overpass,1.0,2,0.5833333333333334,12,0.4166666666666667,12
No Radar,Inferno,1.0,2,0.8571428571428571,7,0.5833333333333334,12
No Radar,Mirage,0.0,2,0.6666666666666666,12,0.5,10
Nocturnal,Ancient,0.4,10,0.43636363636363634,55,0.4,50
Nocturnal,Dust2,0.5,10,0.36363636363636365,44,0.4375,48
Nocturnal,Inferno,1.0,2,0.6666666666666666,12,0.8333333333333334,6
Nocturnal,Mirage,0.3333333333333333,6,0.38235294117647056,34,0.5862068965517241,29
Nocturnal,Nuke,0.8333333333333334,6,0.5185185185185185,27,0.5294117647058824,34
Nocturnal,Overpass,1.0,2,0.4444444444444444,9,0.75,12
Nocturnal,Train,0.375,8,0.4074074074074074,27,0.4375,48
NomadS,Ancient,0.4264705882352941,68,0.4418604651162791,344,0.5091383812010444,383
NomadS,Anubis,0.5833333333333334,24,0.4032258064516129,124,0.5691056910569106,123
NomadS,Dust2,0.4117647058823529,34,0.36312849162011174,179,0.45454545454545453,154
NomadS,Inferno,0.5294117647058824,34,0.4530386740331492,181,0.4715909090909091,176
NomadS,Mirage,0.5,34,0.4875,160,0.4157303370786517,178
NomadS,Nuke,0.6071428571428571,28,0.5448275862068965,145,0.39473684210526316,152
NomadS,Overpass,0.5,4,0.35294117647058826,17,0.4583333333333333,24
NomadS,Train,0.125,8,0.3541666666666667,48,0.25,28
Nordix,Ancient,0.375,8,0.5333333333333333,30,0.46808510638297873,47
Nordix,Anubis,0.5833333333333334,12,0.5538461538461539,65,0.6,55
Nordix,Inferno,0.35714285714285715,14,0.42857142857142855,70,0.6029411764705882,68
Nordix,Mirage,0.0,2,0.08333333333333333,12,0.0,2
Nordix,Train,0.375,8,0.4375,48,0.6136363636363636,44
North Macedonia,Ancient,0.5,4,0.47058823529411764,17,0.4166666666666667,24
North Macedonia,Anubis,0.0,2,0.0,6,0.4166666666666667,12
North Macedonia,Dust2,1.0,2,0.3333333333333333,9,0.4166666666666667,12
North Macedonia,Inferno,0.5,4,0.3333333333333333,18,0.391304347826087,23
North Macedonia,Nuke,0.5,2,0.3333333333333333,12,0.6666666666666666,12
Northern Cossacks,Ancient,0.5,2,0.3333333333333333,12,0.0,5
Northern Cossacks,Dust2,0.0,2,0.16666666666666666,12,0.25,4
Northern Cossacks,Mirage,0.5,4,0.4,15,0.4166666666666667,24
Northern Cossacks,Nuke,0.5,2,0.3333333333333333,12,0.0,5
Northern Lights,Ancient,0.2857142857142857,14,0.417910447761194,67,0.3783783783783784,74
Northern Lights,Anubis,0.0,2,0.4166666666666667,12,0.5833333333333334,12
Northern Lights,Dust2,1.0,4,0.4583333333333333,24,0.42105263157894735,19
Northern Lights,Inferno,0.75,12,0.41935483870967744,62,0.423728813559322,59
Northern Lights,Mirage,0.3,10,0.4583333333333333,48,0.3333333333333333,51
Northern Lights,Overpass,0.75,4,0.7142857142857143,21,0.5,22
Northern Lights,Train,0.25,4,0.4166666666666667,24,0.5714285714285714,7
Northern Lights,Vertigo,1.0,2,0.5833333333333334,12,0.2727272727272727,11
Norway,Ancient,0.25,4,0.47368421052631576,19,0.5555555555555556,18
Norway,Dust2,1.0,2,0.6666666666666666,9,0.5833333333333334,12
Norway,Nuke,1.0,2,0.625,8,0.6666666666666666,12
Norway,Vertigo,0.5,2,0.6666666666666666,6,0.08333333333333333,12
Norway fe,Anubis,0.5,4,0.5,24,0.43478260869565216,23
Norway fe,Dust2,1.0,2,0.5,12,0.36363636363636365,11
Norway fe,Mirage,0.0,4,0.5,24,0.3333333333333333,15
Nostalgia,Ancient,0.75,4,0.3333333333333333,15,0.6666666666666666,15
Nostalgia,Anubis,0.5,2,0.5714285714285714,7,0.75,12
Nostalgia,Dust2,0.5,4,0.5714285714285714,14,0.2857142857142857,21
Nostalgia,Train,0.0,2,0.2222222222222222,9,0.5,12
Not Mythic,Anubis,0.5,2,0.3333333333333333,12,0.16666666666666666,6
Not Mythic,Dust2,1.0,2,0.2857142857142857,7,0.3333333333333333,12
Not Mythic,Nuke,0.5,4,0.4583333333333333,24,0.29411764705882354,17
Nouns,Ancient,0.5853658536585366,82,0.535,400,0.6041666666666666,432
Nouns,Anubis,0.5263157894736842,38,0.4673913043478261,184,0.5495495495495496,222
Nouns,Dust2,0.5625,80,0.5962566844919787,374,0.5550239234449761,418
Nouns,Inferno,0.6,10,0.5272727272727272,55,0.4807692307692308,52
Nouns,Mirage,0.6395348837209303,86,0.5584988962472406,453,0.48283261802575106,466
Nouns,Nuke,0.5,62,0.5714285714285714,315,0.5151515151515151,297
Nouns,Train,0.4375,16,0.4583333333333333,96,0.3783783783783784,74
Nouns,Vertigo,0.36363636363636365,22,0.4909090909090909,110,0.4270833333333333,96
Nouns fe,Ancient,0.375,8,0.5,34,0.5555555555555556,45
Nouns fe,Anubis,0.625,16,0.4,95,0.5,70
Nouns fe,Dust2,0.3333333333333333,12,0.35714285714285715,56,0.40625,64
Nouns fe,Mirage,0.2777777777777778,18,0.41346153846153844,104,0.5,92
Nouns fe,Train,0.3333333333333333,6,0.6071428571428571,28,0.5833333333333334,36
NuTorious,Ancient,0.5,18,0.5555555555555556,81,0.39814814814814814,108
NuTorious,Anubis,0.5,2,0.3333333333333333,12,0.6666666666666666,12
NuTorious,Dust2,0.6666666666666666,6,0.5588235294117647,34,0.3103448275862069,29
NuTorious,Mirage,0.0,4,0.20833333333333334,24,0.125,8
NuTorious,Nuke,0.6666666666666666,6,0.5,36,0.4782608695652174,23
NuTorious,Train,0.375,8,0.5208333333333334,48,0.3225806451612903,31
Nuclear TigeRES,Ancient,0.6428571428571429,28,0.6592592592592592,135,0.5,160
Nuclear TigeRES,Anubis,0.5,10,0.5166666666666667,60,0.5098039215686274,51
Nuclear TigeRES,Dust2,0.4230769230769231,26,0.3795620437956204,137,0.49586776859504134,121
Nuclear TigeRES,Inferno,0.3333333333333333,12,0.5217391304347826,69,0.515625,64
Nuclear TigeRES,Mirage,0.5,4,0.5833333333333334,24,0.3,20
Nuclear TigeRES,Nuke,0.4166666666666667,12,0.5,70,0.43859649122807015,57
Nuclear TigeRES,Train,0.5,16,0.6352941176470588,85,0.5833333333333334,84
Nuclear TigeRES,Vertigo,0.5,2,0.75,12,0.09090909090909091,11
Nyx Empyre,Ancient,0.0,2,0.36363636363636365,11,0.5,12
Nyx Empyre,Anubis,0.0,4,0.125,24,0.0,5
Nyx Empyre,Inferno,0.5,2,0.18181818181818182,11,0.6666666666666666,12
Nyx Empyre,Mirage,0.16666666666666666,6,0.21212121212121213,33,0.5384615384615384,26
Nyx Empyre,Train,0.75,4,0.47619047619047616,21,0.5,20
O PLANO,Ancient,0.6666666666666666,6,0.7241379310344828,29,0.6666666666666666,27
O PLANO,Dust2,0.0,2,0.25,12,0.3333333333333333,6
O PLANO,Mirage,0.8333333333333334,6,0.7407407407407407,27,0.7037037037037037,27
ODDIK,Ancient,0.5757575757575758,66,0.6197183098591549,355,0.5585585585585585,333
ODDIK,Anubis,0.42857142857142855,56,0.5299684542586751,317,0.5480427046263345,281
ODDIK,Dust2,0.48,50,0.5084745762711864,295,0.4713656387665198,227
ODDIK,Inferno,0.47058823529411764,34,0.48633879781420764,183,0.5471698113207547,159
ODDIK,Mirage,1.0,2,0.9166666666666666,12,0.6666666666666666,3
ODDIK,Nuke,0.5263157894736842,76,0.5763157894736842,380,0.45454545454545453,429
ODDIK,Overpass,0.625,16,0.6172839506172839,81,0.45652173913043476,92
ODDIK,Train,0.6666666666666666,30,0.5562913907284768,151,0.49056603773584906,159
ODDIK,Vertigo,0.4166666666666667,12,0.5416666666666666,72,0.40425531914893614,47
ODDIK Academy,Anubis,0.5,6,0.25,36,0.25,16
ODDIK Academy,Dust2,0.75,4,0.42105263157894735,19,0.4166666666666667,24
ODDIK Academy,Inferno,0.5,4,0.3333333333333333,24,0.23076923076923078,13
ODDIK Academy,Mirage,0.8333333333333334,6,0.68,25,0.5428571428571428,35
ODDIK Academy,Nuke,1.0,2,0.5833333333333334,12,0.8571428571428571,7
OG,Ancient,0.526595744680851,188,0.5633187772925764,916,0.5290753098188751,1049
OG,Anubis,0.5333333333333333,60,0.4778481012658228,316,0.5855855855855856,333
OG,Dust2,0.5862068965517241,58,0.5157232704402516,318,0.4774193548387097,310
OG,Inferno,0.5098039215686274,102,0.478494623655914,558,0.4722222222222222,468
OG,Mirage,0.4880952380952381,84,0.5409836065573771,488,0.4441687344913151,403
OG,Nuke,0.5677966101694916,118,0.602291325695581,611,0.5,648
OG,Overpass,0.5,18,0.6634615384615384,104,0.5301204819277109,83
OG,Train,0.5333333333333333,30,0.48466257668711654,163,0.4217687074829932,147
OG,Vertigo,0.0,2,0.5,12,0.125,8
OL5,Ancient,1.0,2,0.9166666666666666,12,1.0,2
OL5,Anubis,0.5,2,0.3333333333333333,12,0.75,12
OLD BASTARDS,Dust2,0.5,2,0.5833333333333334,12,0.4166666666666667,12
OLD BASTARDS,Inferno,0.5,2,0.6666666666666666,12,0.3333333333333333,12
OLD BASTARDS,Overpass,0.5,2,0.5833333333333334,12,0.2727272727272727,11
ONi,Ancient,0.5,8,0.2619047619047619,42,0.38235294117647056,34
ONi,Anubis,0.875,8,0.7714285714285715,35,0.7575757575757576,33
ONi,Inferno,0.5,2,0.3333333333333333,12,0.0,5
ONi,Mirage,0.875,8,0.42105263157894735,38,0.5,44
ONi,Nuke,0.5,2,0.5,12,0.2222222222222222,9
Omega,Ancient,1.0,2,0.6666666666666666,9,0.5833333333333334,12
Omega,Dust2,0.5,2,0.08333333333333333,12,0.6,5
Omega,Mirage,0.5,2,0.5833333333333334,12,0.5,12
One For All,Ancient,0.0,2,0.3333333333333333,12,0.6666666666666666,12
One For All,Dust2,0.0,2,0.6,10,0.5833333333333334,12
One For All,Nuke,0.5,4,0.5833333333333334,24,0.36363636363636365,11
OneDay fe,Ancient,0.5,8,0.5675675675675675,37,0.625,48
OneDay fe,Anubis,0.5,6,0.41935483870967744,31,0.6666666666666666,36
OneDay fe,Dust2,0.25,4,0.5714285714285714,14,0.13043478260869565,23
OneDay fe,Mirage,0.5,4,0.3125,16,0.6875,16
OneDay fe,Train,1.0,2,0.4166666666666667,12,0.6666666666666666,12
OneDay fe,Vertigo,0.5,2,0.7777777777777778,9,0.08333333333333333,12
Only One Word,Ancient,0.5,16,0.4787234042553192,94,0.4861111111111111,72
Only One Word,Anubis,0.5,12,0.30612244897959184,49,0.5,70
Only One Word,Dust2,0.5833333333333334,24,0.6183206106870229,131,0.42857142857142855,119
Only One Word,Inferno,0.5833333333333334,12,0.5151515151515151,66,0.5,60
Only One Word,Mirage,0.4444444444444444,18,0.5060240963855421,83,0.5242718446601942,103
Only One Word,Nuke,0.5,2,0.5,12,0.125,8
Onyx Ravens,Ancient,0.5,4,0.7142857142857143,14,0.2222222222222222,18
Onyx Ravens,Anubis,0.75,4,0.2857142857142857,14,0.7647058823529411,17
Onyx Ravens,Dust2,0.75,4,0.5555555555555556,18,0.5833333333333334,24
Onyx Ravens,Mirage,1.0,2,0.3333333333333333,12,0.5833333333333334,12
Onyx Ravens,Nuke,0.5,4,0.75,16,0.5416666666666666,24
Oramond,Ancient,0.35714285714285715,14,0.4383561643835616,73,0.5375,80
Oramond,Dust2,0.375,8,0.5833333333333334,48,0.4857142857142857,35
Oramond,Inferno,0.0,2,0.16666666666666666,12,0.5,6
Oramond,Mirage,0.42857142857142855,14,0.5875,80,0.5147058823529411,68
Oramond,Nuke,0.4,10,0.4883720930232558,43,0.5,60
Oramond,Train,0.5,4,0.4583333333333333,24,0.2,15
OutGoing,Dust2,0.5,2,0.25,12,0.5555555555555556,9
OutGoing,Mirage,0.5,2,0.45454545454545453,11,0.4166666666666667,12
Outfit 49,Anubis,0.6666666666666666,6,0.3333333333333333,36,0.5714285714285714,28
Outfit 49,Dust2,0.6,10,0.3611111111111111,36,0.543859649122807,57
Outfit 49,Inferno,0.3333333333333333,6,0.2777777777777778,36,0.4090909090909091,22
Outfit 49,Nuke,1.0,2,0.4166666666666667,12,0.45454545454545453,11
Outfit 49,Overpass,0.0,2,0.3333333333333333,9,0.4166666666666667,12
Outfit 49,Train,0.16666666666666666,6,0.4722222222222222,36,0.25,24
Overpeek,Ancient,0.75,4,0.23809523809523808,21,0.75,20
Overpeek,Dust2,0.5,6,0.7727272727272727,22,0.6111111111111112,36
Overpeek,Mirage,0.5,2,0.4166666666666667,12,0.0,6
Overpeek,Nuke,0.5,4,0.625,24,0.4166666666666667,24
Overpeek,Overpass,1.0,2,0.8333333333333334,12,0.42857142857142855,7
Overpeek,Train,0.75,4,0.625,24,0.45,20
OxinGame,Inferno,0.0,2,0.5833333333333334,12,0.4166666666666667,12
OxinGame,Mirage,0.5,2,0.5714285714285714,7,0.16666666666666666,12
OxinGame,Train,0.0,2,0.6666666666666666,12,0.3333333333333333,12
PARIVISION,Ancient,0.4921875,128,0.5331179321486268,619,0.5576368876080692,694
PARIVISION,Anubis,0.45,40,0.400990099009901,202,0.6261682242990654,214
PARIVISION,Dust2,0.5714285714285714,84,0.5266272189349113,338,0.6428571428571429,490
PARIVISION,Inferno,0.6666666666666666,54,0.5961538461538461,260,0.5896551724137931,290
PARIVISION,Mirage,0.5344827586206896,116,0.577391304347826,575,0.5096774193548387,620
PARIVISION,Nuke,0.3333333333333333,18,0.5740740740740741,108,0.43023255813953487,86
PARIVISION,Overpass,0.5,2,0.8333333333333334,12,0.25,12
PARIVISION,Train,0.5689655172413793,58,0.5202492211838006,321,0.5302013422818792,298
PARIVISION,Vertigo,0.5,6,0.3611111111111111,36,0.42857142857142855,28
PARTIZAN,Ancient,0.0,2,0.16666666666666666,6,0.3333333333333333,12
PARTIZAN,Dust2,0.5,2,0.5833333333333334,12,0.4166666666666667,12
PARTIZAN,Mirage,0.25,4,0.16666666666666666,24,0.25,8
PARTIZAN,Nuke,0.5,2,0.5833333333333334,12,0.5454545454545454,11
PCIFIC,Anubis,1.0,4,0.5,24,0.6363636363636364,22
PCIFIC,Dust2,0.4,10,0.4375,48,0.5084745762711864,59
PCIFIC,Mirage,0.5,4,0.5416666666666666,24,0.3,20
PCIFIC,Nuke,0.5,4,0.5833333333333334,24,0.4583333333333333,24
PCIFIC,Vertigo,0.0,2,0.3333333333333333,12,0.0,5
PEAK fe,Ancient,0.5,8,0.3870967741935484,31,0.425,40
PEAK fe,Anubis,1.0,2,0.4166666666666667,12,0.5,12
PEAK fe,Mirage,1.0,2,0.875,8,0.5,12
PEAK fe,Nuke,0.3333333333333333,6,0.4,35,0.2857142857142857,21
PEAK fe,Vertigo,0.5,2,0.5,12,0.2222222222222222,9
PEGADA,Ancient,0.5,2,0.8333333333333334,12,0.3333333333333333,9
PEGADA,Inferno,0.5,2,0.7272727272727273,11,0.4166666666666667,12
PERPLEXITY,Ancient,1.0,2,0.5,12,0.5833333333333334,12
PERPLEXITY,Anubis,1.0,4,0.47058823529411764,17,0.75,24
PERPLEXITY,Dust2,0.5,2,0.16666666666666666,12,0.7,10
PERPLEXITY,Inferno,0.5,2,0.8333333333333334,12,0.5,6
PERPLEXITY,Mirage,0.0,2,0.08333333333333333,12,0.3333333333333333,3
PERPLEXITY,Nuke,0.5,4,0.375,16,0.4583333333333333,24
PERPLEXITY,Train,0.5,2,0.8,10,0.4166666666666667,12
PLUSH,Ancient,0.0,2,0.5833333333333334,12,0.5,12
PLUSH,Anubis,0.5,2,0.25,12,0.75,12
PLUSH,Mirage,1.0,2,0.4166666666666667,12,0.3333333333333333,9
POGGERZ,Anubis,0.5,2,0.6,5,0.8333333333333334,12
POGGERZ,Dust2,0.5,2,0.7272727272727273,11,0.4166666666666667,12
POGGERZ,Inferno,0.0,2,0.5,12,0.36363636363636365,11
POLET,Mirage,0.5,2,0.4166666666666667,12,0.4,10
PORTUGAL,Ancient,1.0,2,0.6666666666666666,12,0.5555555555555556,9
PORTUGAL,Dust2,0.5,2,0.4166666666666667,12,0.7272727272727273,11
PORTUGAL,Mirage,0.25,4,0.75,24,0.3181818181818182,22
PORTUGAL,Vertigo,0.0,2,0.25,12,0.0,4
POWERmix,Ancient,1.0,2,0.4166666666666667,12,0.5833333333333334,12
POWERmix,Anubis,0.5,4,0.5,24,0.2222222222222222,18
POWERmix,Dust2,0.5,4,0.3333333333333333,12,0.625,24
POWERmix,Inferno,0.25,4,0.5,24,0.0,14
POWERmix,Mirage,0.0,2,0.4166666666666667,12,0.45454545454545453,11
POWERmix,Nuke,0.5,2,0.0,7,0.5,12
Pajuris,Anubis,0.25,4,0.4117647058823529,17,0.75,24
Pajuris,Dust2,0.0,2,0.5833333333333334,12,0.5,12
Pajuris,Mirage,1.0,2,1.0,7,0.5,12
Pajuris,Nuke,0.5,2,0.5,6,0.8333333333333334,12
PanicAtTheVeto,Anubis,0.0,2,0.16666666666666666,12,0.25,4
PanicAtTheVeto,Mirage,0.0,2,0.2857142857142857,7,0.3333333333333333,12
PanicAtTheVeto,Train,1.0,2,0.9166666666666666,12,0.6666666666666666,3
Paranoid,Ancient,0.5,4,0.6111111111111112,18,0.4666666666666667,15
Paranoid,Nuke,1.0,2,0.5833333333333334,12,0.5,12
Paranoid,Train,0.5,2,0.4166666666666667,12,0.5,12
Partizan,Ancient,0.3783783783783784,74,0.4712041884816754,382,0.49624060150375937,399
Partizan,Anubis,0.4473684210526316,38,0.44571428571428573,175,0.5119617224880383,209
Partizan,Dust2,0.46296296296296297,108,0.45489443378119004,521,0.5564784053156147,602
Partizan,Inferno,0.5454545454545454,88,0.549636803874092,413,0.4702258726899384,487
Partizan,Mirage,0.4897959183673469,98,0.516504854368932,515,0.4742063492063492,504
Partizan,Nuke,0.4444444444444444,90,0.46923076923076923,520,0.4671361502347418,426
Partizan,Overpass,0.5,8,0.3333333333333333,48,0.6170212765957447,47
Partizan,Train,0.5,2,0.25,12,0.5,8
Party Astronauts,Ancient,0.5588235294117647,68,0.49595687331536387,371,0.45481927710843373,332
Party Astronauts,Anubis,0.5434782608695652,46,0.4329004329004329,231,0.6017699115044248,226
Party Astronauts,Dust2,0.39285714285714285,28,0.44654088050314467,159,0.5289855072463768,138
Party Astronauts,Inferno,0.4375,32,0.4394904458598726,157,0.5032679738562091,153
Party Astronauts,Mirage,0.5476190476190477,84,0.5528846153846154,416,0.5208791208791209,455
Party Astronauts,Nuke,0.5,38,0.5580110497237569,181,0.41089108910891087,202
Party Astronauts,Vertigo,0.25,4,0.3333333333333333,15,0.1111111111111111,18
Passion UA,Ancient,0.5098039215686274,102,0.501779359430605,562,0.5233050847457628,472
Passion UA,Anubis,0.4857142857142857,70,0.4806201550387597,387,0.5828877005347594,374
Passion UA,Dust2,0.5121951219512195,82,0.5253456221198156,434,0.5334872979214781,433
Passion UA,Inferno,0.43103448275862066,58,0.43205574912891986,287,0.5211726384364821,307
Passion UA,Mirage,0.5144927536231884,138,0.5337331334332833,667,0.5276705276705277,777
Passion UA,Nuke,0.5,8,0.5217391304347826,46,0.2857142857142857,42
Passion UA,Overpass,0.5,4,0.4583333333333333,24,0.1875,16
Passion UA,Train,0.3958333333333333,48,0.5,264,0.4649122807017544,228
Passion UA,Vertigo,0.5357142857142857,28,0.5511811023622047,127,0.5950920245398773,163
Patins da Ferrari,Ancient,0.6428571428571429,14,0.5285714285714286,70,0.620253164556962,79
Patins da Ferrari,Anubis,0.4166666666666667,12,0.3582089552238806,67,0.4909090909090909,55
Patins da Ferrari,Dust2,0.5,12,0.5333333333333333,60,0.4461538461538462,65
Patins da Ferrari,Inferno,0.8333333333333334,6,0.4444444444444444,36,0.5909090909090909,22
Patins da Ferrari,Mirage,0.65,20,0.514018691588785,107,0.4945054945054945,91
Patins da Ferrari,Nuke,0.625,8,0.5957446808510638,47,0.5172413793103449,29
Patins da Ferrari,Train,0.5,2,0.75,12,0.25,12
PeeP,Ancient,0.5,4,0.3888888888888889,18,0.375,24
PeeP,Anubis,1.0,2,0.3,10,0.5,12
PeeP,Dust2,0.75,4,0.631578947368421,19,0.5833333333333334,24
PeeP,Mirage,0.5,6,0.3888888888888889,36,0.5384615384615384,26
PeeP,Nuke,0.5,2,0.6666666666666666,12,0.4166666666666667,12
PeeP,Vertigo,0.16666666666666666,6,0.25,36,0.42857142857142855,21
Peekaboo,Ancient,0.5,4,0.55,20,0.5833333333333334,24
Peekaboo,Dust2,0.5,2,0.25,12,0.0,4
Peekaboo,Inferno,0.25,8,0.4634146341463415,41,0.4864864864864865,37
Peekaboo,Mirage,0.75,4,0.625,24,0.35714285714285715,14
Peekaboo,Nuke,0.5,6,0.5,34,0.6451612903225806,31
Peekaboo,Train,0.0,2,0.6666666666666666,12,0.4166666666666667,12
Penance,Anubis,0.0,2,0.0,5,0.3333333333333333,12
Penance,Mirage,0.0,2,0.375,8,0.3333333333333333,12
Penance,Nuke,0.5,2,0.75,12,0.3333333333333333,12
Perfect Storm,Ancient,0.25,4,0.5,18,0.375,24
Perfect Storm,Anubis,0.5,4,0.625,24,0.7333333333333333,15
Perfect Storm,Mirage,0.5,2,0.5833333333333334,12,0.5454545454545454,11
Perfect Storm,Nuke,0.5,2,0.5,12,0.0,7
Permitta,Ancient,0.4861111111111111,72,0.5303867403314917,362,0.4580335731414868,417
Permitta,Anubis,0.5,40,0.4365482233502538,197,0.5286343612334802,227
Permitta,Dust2,0.75,8,0.43478260869565216,46,0.45454545454545453,44
Permitta,Inferno,0.43333333333333335,30,0.45454545454545453,165,0.5255474452554745,137
Permitta,Mirage,0.45454545454545453,44,0.5426008968609866,223,0.4444444444444444,243
Permitta,Nuke,0.38095238095238093,42,0.40948275862068967,232,0.5463414634146342,205
Permitta,Vertigo,0.4444444444444444,36,0.5136612021857924,183,0.4835164835164835,182
Permitta W,Ancient,0.375,8,0.3958333333333333,48,0.5483870967741935,31
Permitta W,Anubis,0.6666666666666666,18,0.5,108,0.618421052631579,76
Permitta W,Dust2,0.2,10,0.30357142857142855,56,0.5128205128205128,39
Permitta W,Inferno,1.0,4,0.375,24,0.3888888888888889,18
Permitta W,Mirage,0.3333333333333333,6,0.29411764705882354,34,0.25,20
Persona Grata,Ancient,0.5,2,0.5833333333333334,12,0.3333333333333333,12
Phantom,Dust2,0.375,8,0.6136363636363636,44,0.4,45
Phantom,Inferno,1.0,2,0.375,8,0.3333333333333333,12
Phantom,Mirage,0.375,8,0.42857142857142855,42,0.5,40
Phantom,Nuke,0.75,8,0.5263157894736842,38,0.6666666666666666,48
Phantom,Overpass,0.0,2,0.75,8,0.5833333333333334,12
Phantom,Train,0.3333333333333333,6,0.4444444444444444,36,0.47368421052631576,19
Phoenix,Ancient,0.25,4,0.4166666666666667,24,0.5263157894736842,19
Phoenix,Anubis,0.5,4,0.45454545454545453,22,0.5833333333333334,24
Phoenix,Dust2,0.3333333333333333,6,0.30303030303030304,33,0.42857142857142855,28
Phoenix,Inferno,0.5,2,0.8,10,0.4166666666666667,12
Phoenix,Mirage,0.75,4,0.4090909090909091,22,0.43478260869565216,23
Phoenix,Nuke,0.7,10,0.525,40,0.4,60
Phoenix,Vertigo,0.5,2,0.3333333333333333,12,0.6666666666666666,12
Pikejagarna,Ancient,0.5,4,0.4090909090909091,22,0.5,24
Pikejagarna,Dust2,0.75,4,0.375,16,0.47619047619047616,21
Pikejagarna,Inferno,0.0,2,0.25,12,0.0,4
Pikejagarna,Vertigo,0.0,2,0.5,12,0.4166666666666667,12
Players,Ancient,0.5925925925925926,54,0.5085910652920962,291,0.47388059701492535,268
Players,Anubis,0.5,34,0.378698224852071,169,0.5555555555555556,189
Players,Dust2,0.5625,80,0.46786632390745503,389,0.5212527964205816,447
Players,Inferno,0.6323529411764706,68,0.5421686746987951,332,0.5362318840579711,345
Players,Mirage,0.40384615384615385,52,0.5597014925373134,268,0.4846153846153846,260
Players,Nuke,0.4583333333333333,48,0.5074074074074074,270,0.4103585657370518,251
Players,Overpass,0.25,4,0.375,24,0.5238095238095238,21
Players,Train,0.5,6,0.4444444444444444,36,0.20833333333333334,24
Poland,Inferno,0.5,2,0.4166666666666667,12,0.14285714285714285,7
Poland,Mirage,0.0,2,0.16666666666666666,12,0.4,5
Poland,Nuke,0.5,2,0.25,8,0.4166666666666667,12
Poland,Train,0.5,2,0.14285714285714285,7,0.4166666666666667,12
Poland fe,Anubis,0.6666666666666666,6,0.42857142857142855,28,0.5555555555555556,36
Poland fe,Dust2,0.5,4,0.5238095238095238,21,0.6521739130434783,23
Poland fe,Inferno,0.5,6,0.6206896551724138,29,0.5555555555555556,36
Poland fe,Mirage,0.6666666666666666,6,0.4838709677419355,31,0.5769230769230769,26
Poland fe,Nuke,0.6666666666666666,6,0.5217391304347826,23,0.7222222222222222,36
Portugal fe,Ancient,1.0,2,0.6666666666666666,12,0.45454545454545453,11
Portugal fe,Anubis,0.5,16,0.4945054945054945,91,0.5813953488372093,86
Portugal fe,Dust2,0.625,8,0.5833333333333334,36,0.5208333333333334,48
Portugal fe,Inferno,0.16666666666666666,6,0.375,32,0.5,20
Portugal fe,Mirage,0.375,8,0.7209302325581395,43,0.5,34
Portugal fe,Nuke,0.5,2,0.5833333333333334,12,0.8571428571428571,7
Portugal fe,Vertigo,0.0,2,0.25,8,0.4166666666666667,12
Portuguese Family,Ancient,0.0,2,0.6666666666666666,12,0.7142857142857143,7
Portuguese Family,Anubis,0.5,6,0.4166666666666667,36,0.5357142857142857,28
Portuguese Family,Dust2,1.0,2,0.6666666666666666,12,0.3333333333333333,12
Portuguese Family,Inferno,0.0,4,0.5,14,0.13636363636363635,22
Portuguese Family,Mirage,0.5,2,0.75,12,0.16666666666666666,12
Portuguese Family,Nuke,0.6666666666666666,6,0.5142857142857142,35,0.4411764705882353,34
Prasso,Anubis,0.75,4,0.6086956521739131,23,0.4166666666666667,24
Prasso,Dust2,0.0,2,0.4166666666666667,12,0.0,6
Prasso,Inferno,0.25,8,0.34210526315789475,38,0.5384615384615384,39
Prasso,Mirage,0.8333333333333334,6,0.6944444444444444,36,0.5217391304347826,23
Prasso,Nuke,0.5,6,0.35714285714285715,28,0.6111111111111112,36
Prasso,Train,0.25,4,0.3333333333333333,24,0.2857142857142857,14
Preasy,Ancient,0.546875,64,0.541033434650456,329,0.4913294797687861,346
Preasy,Anubis,0.375,32,0.41721854304635764,151,0.5303867403314917,181
Preasy,Dust2,0.25,12,0.35384615384615387,65,0.3404255319148936,47
Preasy,Inferno,0.5789473684210527,38,0.5148514851485149,202,0.47317073170731705,205
Preasy,Mirage,0.425,40,0.43612334801762115,227,0.47692307692307695,195
Preasy,Nuke,0.5303030303030303,66,0.484472049689441,322,0.453551912568306,366
Preasy,Train,0.4,10,0.5,60,0.38,50
Preasy,Vertigo,0.65,20,0.5051546391752577,97,0.5416666666666666,120
Preasy Mix,Ancient,0.0,2,0.25,12,0.0,4
Preasy Mix,Nuke,0.0,2,0.3333333333333333,12,0.0,5
Pressure Monsters,Ancient,0.75,4,0.391304347826087,23,0.5416666666666666,24
Pressure Monsters,Inferno,0.5,2,0.5833333333333334,12,0.6666666666666666,9
Pressure Monsters,Mirage,0.5,2,0.14285714285714285,7,0.4166666666666667,12
Pressure Monsters,Train,0.5,2,0.6666666666666666,9,0.16666666666666666,12
Prestige,Ancient,0.4,30,0.5,134,0.3855421686746988,166
Prestige,Anubis,0.5,6,0.41379310344827586,29,0.2413793103448276,29
Prestige,Inferno,0.6428571428571429,28,0.55,140,0.4161073825503356,149
Prestige,Mirage,0.6,10,0.5833333333333334,60,0.42105263157894735,38
Prestige,Nuke,0.7,20,0.5523809523809524,105,0.5416666666666666,96
Prestige,Overpass,0.3333333333333333,12,0.5357142857142857,56,0.4411764705882353,68
Prestige,Train,0.5,16,0.4634146341463415,82,0.5591397849462365,93
Priority,Ancient,0.0,2,0.25,12,0.5555555555555556,9
Priority,Anubis,0.0,2,0.08333333333333333,12,0.0,2
Priority,Mirage,0.25,4,0.45,20,0.5238095238095238,21
Priority,Vertigo,0.5,2,0.3333333333333333,12,0.0,5
Procyon,Ancient,0.5,10,0.4583333333333333,48,0.3,50
Procyon,Dust2,0.5,12,0.5396825396825397,63,0.4788732394366197,71
Procyon,Inferno,0.4166666666666667,12,0.5370370370370371,54,0.4583333333333333,72
Procyon,Mirage,0.5,4,0.5833333333333334,24,0.3181818181818182,22
Procyon,Nuke,0.5,16,0.5698924731182796,93,0.4411764705882353,68
Project H1,Ancient,0.25,4,0.4,10,0.16666666666666666,24
Project H1,Dust2,0.75,4,0.55,20,0.391304347826087,23
Project H1,Mirage,0.5,2,0.16666666666666666,12,0.5,6
Project H1,Train,0.0,2,0.14285714285714285,7,0.4166666666666667,12
Prototype Blaze,Ancient,0.4166666666666667,12,0.43478260869565216,69,0.5588235294117647,68
Prototype Blaze,Anubis,0.5,8,0.48936170212765956,47,0.6842105263157895,38
Prototype Blaze,Dust2,1.0,2,0.6666666666666666,12,0.5555555555555556,9
Prototype Blaze,Inferno,0.3,10,0.5510204081632653,49,0.5294117647058824,51
Prototype Blaze,Nuke,0.5,4,0.42105263157894735,19,0.4166666666666667,24
Prototype Blaze,Train,0.0,2,0.16666666666666666,12,0.0,3
Punishers,Ancient,0.375,8,0.5789473684210527,38,0.5416666666666666,48
Punishers,Anubis,1.0,2,0.7142857142857143,7,0.6666666666666666,12
Punishers,Dust2,0.5,2,0.3,10,0.5,12
Punishers,Inferno,0.5,4,0.5416666666666666,24,0.7647058823529411,17
QMISTRY,Ancient,0.53125,32,0.5185185185185185,162,0.5549132947976878,173
QMISTRY,Dust2,0.125,16,0.5104166666666666,96,0.3235294117647059,68
QMISTRY,Inferno,0.35714285714285715,14,0.42857142857142855,84,0.5806451612903226,62
QMISTRY,Mirage,0.375,16,0.6354166666666666,96,0.4117647058823529,68
QMISTRY,Nuke,0.75,12,0.5405405405405406,37,0.6527777777777778,72
QMISTRY,Train,0.6428571428571429,14,0.6027397260273972,73,0.6111111111111112,72
QPT,Ancient,0.5,2,0.5,8,0.25,12
QPT,Mirage,0.5,2,0.6666666666666666,12,0.5,10
QPT,Nuke,0.5,2,0.375,8,0.8333333333333334,12
QUAZAR,Ancient,0.0,2,0.25,12,0.0,4
QUAZAR,Anubis,0.42857142857142855,14,0.35802469135802467,81,0.5230769230769231,65
QUAZAR,Dust2,0.625,8,0.2727272727272727,44,0.48717948717948717,39
QUAZAR,Inferno,0.75,4,0.3333333333333333,24,0.8095238095238095,21
QUAZAR,Mirage,0.5,16,0.5977011494252874,87,0.4810126582278481,79
QUAZAR,Nuke,0.3333333333333333,6,0.5588235294117647,34,0.3939393939393939,33
QUAZAR,Overpass,0.5,2,0.5833333333333334,12,0.4166666666666667,12
QUAZAR,Train,0.75,4,0.3333333333333333,24,0.6086956521739131,23
QUAZAR,Vertigo,0.5,6,0.27586206896551724,29,0.5555555555555556,36
Qiang,Anubis,0.5,2,0.5833333333333334,12,1.0,6
Qiang,Dust2,0.5,4,0.47368421052631576,19,0.375,24
Qiang,Nuke,0.25,4,0.375,24,0.375,16
Quem Sao Elas,Ancient,0.5,6,0.3103448275862069,29,0.4722222222222222,36
Quem Sao Elas,Anubis,0.3333333333333333,6,0.47058823529411764,34,0.6129032258064516,31
Quem Sao Elas,Dust2,0.5,8,0.5333333333333333,45,0.55,40
Quem Sao Elas,Inferno,0.625,8,0.40476190476190477,42,0.6590909090909091,44
Quem Sao Elas,Mirage,0.3333333333333333,6,0.3611111111111111,36,0.34782608695652173,23
Quem Sao Elas,Nuke,0.6666666666666666,6,0.65,20,0.7222222222222222,36
R2,Ancient,0.6666666666666666,6,0.4722222222222222,36,0.5806451612903226,31
R2,Anubis,0.0,2,0.25,12,0.2,5
R2,Dust2,0.375,8,0.3541666666666667,48,0.6071428571428571,28
R2,Inferno,0.2857142857142857,14,0.2876712328767123,73,0.4375,64
R2,Nuke,0.4166666666666667,12,0.41509433962264153,53,0.39705882352941174,68
R2,Overpass,0.625,8,0.5384615384615384,39,0.44680851063829785,47
R2,Train,0.75,4,0.7083333333333334,24,0.42105263157894735,19
RAGE,Ancient,0.5625,16,0.5774647887323944,71,0.5416666666666666,96
RAGE,Anubis,0.0,2,0.16666666666666666,12,0.75,12
RAGE,Dust2,0.45,20,0.4895833333333333,96,0.4818181818181818,110
RAGE,Inferno,0.25,4,0.125,24,0.0,5
RAGE,Mirage,0.5,22,0.46938775510204084,98,0.5327868852459017,122
RAGE,Nuke,0.4,10,0.4,60,0.4791666666666667,48
RAGE,Train,0.0,2,0.16666666666666666,12,0.25,4
RED Canids,Ancient,0.5135135135135135,74,0.4634760705289673,397,0.5492957746478874,355
RED Canids,Anubis,0.5,56,0.45874587458745875,303,0.5523465703971119,277
RED Canids,Dust2,0.3684210526315789,38,0.48826291079812206,213,0.46,200
RED Canids,Inferno,0.5434782608695652,46,0.524,250,0.5636363636363636,220
RED Canids,Mirage,0.5785714285714286,140,0.5693848354792561,699,0.4720744680851064,752
RED Canids,Nuke,0.5491803278688525,122,0.5903814262023217,603,0.508716323296355,631
RED Canids,Overpass,0.6111111111111112,18,0.5,96,0.46534653465346537,101
RED Canids,Train,0.6176470588235294,34,0.6395348837209303,172,0.47674418604651164,172
RED Canids,Vertigo,0.45454545454545453,22,0.48484848484848486,99,0.45901639344262296,122
RED Canids Academy,Ancient,0.3333333333333333,6,0.45454545454545453,33,0.696969696969697,33
RED Canids Academy,Anubis,0.16666666666666666,6,0.375,32,0.5277777777777778,36
RED Canids Academy,Dust2,0.375,16,0.5211267605633803,71,0.3854166666666667,96
RED Canids Academy,Inferno,0.1,10,0.37037037037037035,54,0.2619047619047619,42
RED Canids Academy,Mirage,0.375,8,0.5333333333333333,45,0.5135135135135135,37
RED Canids Academy,Train,0.0,2,0.16666666666666666,12,0.7272727272727273,11
ROFLAN SQUAD,Mirage,1.0,2,0.4166666666666667,12,0.5,12
ROOMBA PEEK,Ancient,0.5,2,0.5,12,0.4166666666666667,12
ROOMBA PEEK,Anubis,0.5,4,0.5,24,0.45,20
ROOMBA PEEK,Dust2,0.5,2,0.5833333333333334,12,0.8571428571428571,7
ROOMBA PEEK,Mirage,0.5,2,0.25,8,0.4166666666666667,12
ROOMBA PEEK,Nuke,0.5,2,0.25,12,0.3333333333333333,6
ROSY,Ancient,0.5,16,0.38372093023255816,86,0.5238095238095238,84
ROSY,Anubis,0.3,10,0.5,60,0.5526315789473685,38
ROSY,Dust2,0.5,14,0.25396825396825395,63,0.5857142857142857,70
ROSY,Inferno,0.4,10,0.5490196078431373,51,0.5254237288135594,59
ROSY,Mirage,0.4,10,0.5535714285714286,56,0.3148148148148148,54
ROSY,Nuke,0.5,6,0.43333333333333335,30,0.34375,32
ROSY,Train,0.25,4,0.25,24,0.2,10
ROYALS,Inferno,1.0,2,1.0,2,0.9166666666666666,12
ROYALS,Nuke,0.0,2,0.25,12,0.0,4
ROYALS,Vertigo,0.5,2,0.1,10,0.6666666666666666,12
RUBY,Ancient,0.5,108,0.5074875207986689,601,0.4951830443159923,519
RUBY,Anubis,0.6481481481481481,54,0.44966442953020136,298,0.5543859649122806,285
RUBY,Dust2,0.5362318840579711,138,0.49614791987673346,649,0.5612648221343873,759
RUBY,Inferno,0.0,2,0.4,5,0.16666666666666666,12
RUBY,Mirage,0.5263157894736842,114,0.5672413793103448,580,0.46779661016949153,590
RUBY,Nuke,0.49264705882352944,136,0.5183553597650514,681,0.48337950138504154,722
RUBY,Overpass,0.5,20,0.5087719298245614,114,0.375,104
RUBY,Train,0.58,50,0.5652173913043478,276,0.4497991967871486,249
RUBY,Vertigo,0.4,10,0.43333333333333335,60,0.5,40
RUSH B,Ancient,0.5106382978723404,94,0.516260162601626,492,0.5389344262295082,488
RUSH B,Anubis,0.5,72,0.43567251461988304,342,0.5290023201856149,431
RUSH B,Dust2,0.5,2,0.4166666666666667,12,0.5,12
RUSH B,Inferno,0.515625,64,0.4752475247524752,303,0.5290697674418605,344
RUSH B,Mirage,0.5483870967741935,62,0.5303867403314917,362,0.5567010309278351,291
RUSH B,Nuke,0.55,120,0.5595463137996219,529,0.51698670605613,677
RUSH B,Train,0.43478260869565216,46,0.5245901639344263,244,0.4439461883408072,223
RUSH B,Vertigo,0.3,10,0.42857142857142855,49,0.5666666666666667,60
RUSTEC,Ancient,0.25,12,0.37254901960784315,51,0.390625,64
RUSTEC,Anubis,0.0,4,0.13333333333333333,15,0.4583333333333333,24
RUSTEC,Dust2,0.5,10,0.2857142857142857,56,0.5102040816326531,49
RUSTEC,Mirage,1.0,4,0.4583333333333333,24,0.43478260869565216,23
RUSTEC,Nuke,0.16666666666666666,6,0.4722222222222222,36,0.40625,32
RUSTEC,Overpass,0.0,2,0.75,12,0.25,12
RUSTEC,Train,1.0,2,0.3,10,0.5,12
RUSTEC,Vertigo,0.5,2,0.5833333333333334,12,0.6,10
Radford University,Inferno,0.25,4,0.5882352941176471,17,0.4583333333333333,24
Radford University,Mirage,0.5,2,0.5833333333333334,12,0.6666666666666666,9
Radford University,Nuke,0.0,2,0.25,12,0.5,8
Rare Atom,Ancient,0.5625,112,0.5226860254083484,551,0.5251299826689775,577
Rare Atom,Anubis,0.6346153846153846,52,0.44841269841269843,252,0.6286764705882353,272
Rare Atom,Dust2,0.5833333333333334,72,0.5126903553299492,394,0.5264705882352941,340
Rare Atom,Inferno,0.4891304347826087,92,0.565410199556541,451,0.4887525562372188,489
Rare Atom,Mirage,0.6363636363636364,88,0.5331807780320366,437,0.5923423423423423,444
Rare Atom,Overpass,0.3333333333333333,6,0.5555555555555556,36,0.29411764705882354,17
Rare Atom,Train,0.25,16,0.45555555555555555,90,0.3424657534246575,73
Rare Atom,Vertigo,0.6,10,0.5166666666666667,60,0.6666666666666666,36
RazDva,Ancient,0.5,2,0.4,5,0.16666666666666666,12
Reactor 9,Dust2,0.0,2,0.3333333333333333,3,0.08333333333333333,12
Reactor 9,Train,0.0,2,0.25,12,0.3333333333333333,6
Real Original,Ancient,0.5,2,0.8333333333333334,6,0.6666666666666666,12
Real Original,Dust2,0.75,4,0.625,16,0.3333333333333333,18
Real Original,Inferno,0.5,2,0.75,12,0.25,12
Real Original,Mirage,0.5,2,0.42857142857142855,7,0.25,12
Real Original,Nuke,1.0,2,0.9166666666666666,12,1.0,2
Reason,Ancient,0.5333333333333333,30,0.569620253164557,158,0.5159235668789809,157
Reason,Anubis,0.5,2,0.0,6,0.4166666666666667,12
Reason,Dust2,0.4166666666666667,24,0.4369747899159664,119,0.4344262295081967,122
Reason,Inferno,0.5,8,0.5833333333333334,48,0.4473684210526316,38
Reason,Mirage,0.5625,48,0.5742971887550201,249,0.46320346320346323,231
Reason,Nuke,0.5238095238095238,42,0.5232558139534884,172,0.55,240
Reason,Overpass,0.6666666666666666,6,0.5,36,0.75,28
Reason,Train,0.2222222222222222,18,0.6534653465346535,101,0.34444444444444444,90
Rebels,Ancient,0.4857142857142857,70,0.45706371191135736,361,0.5104712041884817,382
Rebels,Anubis,0.5476190476190477,42,0.4976958525345622,217,0.53125,224
Rebels,Dust2,0.5,30,0.45454545454545453,176,0.5769230769230769,130
Rebels,Inferno,0.0,2,0.25,8,0.4166666666666667,12
Rebels,Mirage,0.5,42,0.5611814345991561,237,0.43457943925233644,214
Rebels,Nuke,0.5476190476190477,84,0.55,400,0.4989339019189765,469
Rebels,Overpass,0.5,4,0.5,18,0.5909090909090909,22
Rebels,Train,0.4166666666666667,24,0.5373134328358209,134,0.36231884057971014,138
Rebels,Vertigo,0.6785714285714286,28,0.4424778761061947,113,0.593939393939394,165
Recognised Talent,Ancient,0.5,2,0.0,3,0.16666666666666666,12
Recognised Talent,Nuke,0.5,2,0.16666666666666666,12,0.5,6
RedPack,Ancient,0.5,2,0.5,12,0.4166666666666667,12
RedPack,Anubis,0.5,2,0.5714285714285714,7,0.16666666666666666,12
Reign Above,Inferno,0.5,2,0.16666666666666666,12,0.8333333333333334,12
Reign Above,Mirage,0.0,2,0.3333333333333333,12,0.375,8
Reveal,Ancient,0.3333333333333333,6,0.5,30,0.5172413793103449,29
Reveal,Anubis,0.3333333333333333,6,0.26666666666666666,30,0.5588235294117647,34
Reveal,Dust2,0.75,4,0.375,24,0.5454545454545454,22
Reveal,Inferno,0.5,4,0.4166666666666667,24,0.5,22
Reveal,Mirage,0.5,4,0.45,20,0.4,15
Reveal,Nuke,0.5,2,0.2222222222222222,9,0.5,12
Revel,Ancient,0.5,4,0.4583333333333333,24,0.23529411764705882,17
Revel,Anubis,0.4,10,0.4642857142857143,56,0.5918367346938775,49
Revel,Mirage,0.6666666666666666,6,0.2777777777777778,36,0.6129032258064516,31
Revel,Nuke,0.3333333333333333,6,0.5172413793103449,29,0.4827586206896552,29
Revenant,Ancient,0.5,14,0.5068493150684932,73,0.5316455696202531,79
Revenant,Anubis,0.75,16,0.59375,96,0.5892857142857143,56
Revenant,Dust2,0.0,4,0.4666666666666667,15,0.5416666666666666,24
Revenant,Mirage,0.5,12,0.5833333333333334,72,0.4838709677419355,62
Revenant,Nuke,0.5625,16,0.4270833333333333,96,0.4470588235294118,85
Revenant,Vertigo,0.875,8,0.5348837209302325,43,0.5625,48
Revenge,Anubis,0.0,2,0.14285714285714285,7,0.4166666666666667,12
Revenge,Dust2,0.5,2,0.4166666666666667,12,0.5833333333333334,12
Revenge,Mirage,0.25,4,0.5333333333333333,15,0.5,24
Revenge,Nuke,0.5,4,0.35714285714285715,14,0.4166666666666667,24
Revenge Nation,Ancient,0.6,20,0.42424242424242425,99,0.422680412371134,97
Revenge Nation,Anubis,0.625,16,0.6025641025641025,78,0.4925373134328358,67
Revenge Nation,Dust2,0.42857142857142855,14,0.5490196078431373,51,0.4533333333333333,75
Revenge Nation,Inferno,0.5,2,0.25,12,0.3333333333333333,6
Revenge Nation,Mirage,0.4,10,0.39285714285714285,56,0.46808510638297873,47
Revenge Nation,Vertigo,0.5,12,0.41379310344827586,58,0.4090909090909091,66
Reverse Sweep,Ancient,0.16666666666666666,6,0.2647058823529412,34,0.5357142857142857,28
Rhyno,Ancient,0.4074074074074074,54,0.4716312056737589,282,0.4852941176470588,272
Rhyno,Anubis,0.41935483870967744,62,0.4171974522292994,314,0.5497076023391813,342
Rhyno,Dust2,0.59375,32,0.4873417721518987,158,0.5625,176
Rhyno,Inferno,0.35714285714285715,56,0.4429530201342282,298,0.506578947368421,304
Rhyno,Mirage,0.4166666666666667,24,0.463768115942029,138,0.4174757281553398,103
Rhyno,Nuke,0.5714285714285714,14,0.5454545454545454,77,0.36923076923076925,65
Rhyno,Overpass,0.75,4,0.5454545454545454,11,0.4166666666666667,24
Rhyno,Train,0.5625,16,0.36619718309859156,71,0.275,80
Rhyno,Vertigo,0.4090909090909091,22,0.4166666666666667,108,0.5081967213114754,122
Rhyno YNG,Ancient,0.5,4,0.5882352941176471,17,0.3333333333333333,24
Rhyno YNG,Dust2,0.5,2,0.2,5,0.25,12
Rhyno YNG,Inferno,1.0,2,0.8333333333333334,12,1.0,3
Rhyno YNG,Nuke,0.5,4,0.5833333333333334,24,0.36363636363636365,11
Rhyno YNG,Train,0.0,2,0.4166666666666667,12,0.4,10
Roler Coaster,Ancient,0.5555555555555556,18,0.5096153846153846,104,0.5154639175257731,97
Roler Coaster,Anubis,0.5,4,0.625,24,0.5,20
Roler Coaster,Dust2,0.5,22,0.6568627450980392,102,0.536,125
Roler Coaster,Inferno,0.25,4,0.5714285714285714,21,0.5625,16
Roler Coaster,Mirage,0.5,12,0.47692307692307695,65,0.4782608695652174,69
Roler Coaster,Nuke,0.0,2,0.75,12,0.5714285714285714,7
Roler Coaster,Train,0.5,2,0.25,12,0.42857142857142855,7
Rolling Stone,Anubis,0.5,2,0.5,12,0.5833333333333334,12
Rolling Stone,Dust2,0.0,2,0.25,12,0.5,8
Rolling Stone,Mirage,0.0,2,0.5555555555555556,9,0.25,12
Rooster,Anubis,0.4375,32,0.43452380952380953,168,0.48322147651006714,149
Rooster,Dust2,0.53125,64,0.5276967930029155,343,0.543918918918919,296
Rooster,Inferno,0.5,48,0.40969162995594716,227,0.5269230769230769,260
Rooster,Mirage,0.5483870967741935,62,0.5670103092783505,291,0.5014749262536873,339
Rooster,Nuke,0.5,76,0.565,400,0.5166240409207161,391
Rooster,Overpass,0.5833333333333334,24,0.5288461538461539,104,0.5416666666666666,144
Rooster,Train,0.45454545454545453,22,0.6111111111111112,108,0.5233644859813084,107
Rooster,Vertigo,0.5,6,0.4642857142857143,28,0.3611111111111111,36
Rounds,Nuke,1.0,2,0.5833333333333334,12,0.2,10
Run&Kill,Dust2,0.5,2,0.5,12,0.3,10
Run&Kill,Inferno,0.0,2,0.25,8,0.4166666666666667,12
Run&Kill,Mirage,0.25,4,0.17647058823529413,17,0.3333333333333333,18
SABRE,Ancient,0.4090909090909091,22,0.5233644859813084,107,0.3769230769230769,130
SABRE,Anubis,0.3333333333333333,6,0.5,36,0.36363636363636365,22
SABRE,Dust2,0.3333333333333333,6,0.3103448275862069,29,0.4827586206896552,29
SABRE,Inferno,0.3,10,0.1896551724137931,58,0.5405405405405406,37
SABRE,Mirage,0.3,10,0.38333333333333336,60,0.38636363636363635,44
SABRE,Train,0.5,8,0.3541666666666667,48,0.4864864864864865,37
SAW,Ancient,0.43103448275862066,58,0.48059701492537316,335,0.4777777777777778,270
SAW,Anubis,0.2727272727272727,22,0.4444444444444444,126,0.5887850467289719,107
SAW,Dust2,0.4772727272727273,44,0.5172413793103449,232,0.4855769230769231,208
SAW,Inferno,0.42857142857142855,42,0.46296296296296297,216,0.4429223744292237,219
SAW,Nuke,0.484375,64,0.5469255663430421,309,0.5260273972602739,365
SAW,Overpass,0.25,4,0.5416666666666666,24,0.4166666666666667,24
SAW,Train,0.5833333333333334,24,0.504424778761062,113,0.5,112
SAW,Vertigo,0.5833333333333334,12,0.4915254237288136,59,0.49230769230769234,65
SAW Myst,Ancient,0.5,4,0.10526315789473684,19,0.4375,16
SAW Myst,Nuke,0.5,2,0.5,12,0.36363636363636365,11
SAW Myst,Train,0.0,2,0.3333333333333333,12,0.5833333333333334,12
SEGA DLL,Mirage,0.5,2,0.3333333333333333,12,0.5,10
SEGA DLL,Nuke,0.0,2,0.36363636363636365,11,0.5,12
SELVA,Ancient,0.5,24,0.6722689075630253,119,0.4444444444444444,126
SELVA,Anubis,0.5,8,0.2619047619047619,42,0.5333333333333333,45
SELVA,Dust2,0.5,8,0.5531914893617021,47,0.34285714285714286,35
SELVA,Mirage,0.4,20,0.4878048780487805,82,0.55,120
SELVA,Nuke,0.55,20,0.5166666666666667,120,0.44565217391304346,92
SELVA,Overpass,0.5,2,0.75,12,0.8,5
SELVA,Train,0.5,8,0.45161290322580644,31,0.5106382978723404,47
SENSEI,Ancient,0.5,6,0.2777777777777778,36,0.6153846153846154,26
SENSEI,Dust2,0.5,2,0.75,12,0.36363636363636365,11
SENSEI,Inferno,0.4166666666666667,12,0.36923076923076925,65,0.30434782608695654,46
SENSEI,Mirage,0.7,10,0.5581395348837209,43,0.4,50
SENSEI,Vertigo,0.5,2,0.625,8,0.6666666666666666,12
SENZA,Ancient,0.6666666666666666,6,0.30303030303030304,33,0.5428571428571428,35
SENZA,Dust2,0.4375,16,0.4578313253012048,83,0.43478260869565216,92
SENZA,Inferno,0.3333333333333333,12,0.27692307692307694,65,0.4827586206896552,58
SENZA,Mirage,0.3333333333333333,6,0.4166666666666667,36,0.7407407407407407,27
SENZA,Nuke,0.75,4,0.4166666666666667,24,0.29411764705882354,17
SENZA,Overpass,1.0,2,0.5833333333333334,12,0.5,12
SENZA,Train,1.0,2,0.6666666666666666,12,0.7142857142857143,7
SGGT,Anubis,0.5,2,0.16666666666666666,12,0.625,8
SGGT,Dust2,0.6666666666666666,6,0.3870967741935484,31,0.2857142857142857,28
SGGT,Inferno,0.5,6,0.6111111111111112,36,0.5,30
SGGT,Mirage,0.7,10,0.6190476190476191,42,0.6140350877192983,57
SGGT,Nuke,0.75,4,0.5,24,0.42105263157894735,19
SHPL,Ancient,0.5,4,0.4375,16,0.10526315789473684,19
SHPL,Anubis,0.5,4,0.5909090909090909,22,0.375,24
SHPL,Dust2,0.5,4,0.4583333333333333,24,0.6842105263157895,19
SHPL,Nuke,0.75,4,0.45,20,0.625,24
SINNERS,Ancient,0.4695121951219512,164,0.4799107142857143,896,0.5286783042394015,802
SINNERS,Anubis,0.5263157894736842,76,0.4046997389033943,383,0.5944700460829493,434
SINNERS,Dust2,0.6022727272727273,88,0.53276955602537,473,0.5095238095238095,420
SINNERS,Inferno,0.4817073170731707,164,0.4661016949152542,826,0.5226519337016574,905
SINNERS,Mirage,0.5674157303370787,178,0.5048648648648648,925,0.5016042780748663,935
SINNERS,Nuke,0.5686274509803921,204,0.5657492354740061,981,0.5021720243266724,1151
SINNERS,Overpass,0.5625,32,0.6457142857142857,175,0.49032258064516127,155
SINNERS,Train,0.3235294117647059,34,0.4342857142857143,175,0.5485714285714286,175
SINNERS,Vertigo,0.6428571428571429,14,0.6086956521739131,69,0.5308641975308642,81
SINNERS Academy,Anubis,0.0,2,0.3333333333333333,12,0.6666666666666666,12
SINNERS Academy,Dust2,0.5,2,0.5,10,0.6666666666666666,12
SINNERS Academy,Inferno,1.0,2,0.4166666666666667,12,0.5,12
SIXIXIXIXIX,Anubis,0.0,2,0.4444444444444444,9,0.3333333333333333,12
SIXIXIXIXIX,Mirage,0.0,2,0.0,3,0.16666666666666666,12
SKIBIDIES,Ancient,0.5,4,0.4166666666666667,24,0.65,20
SKIBIDIES,Vertigo,0.5,2,0.42857142857142855,7,0.25,12
SKYFURY,Ancient,0.5,10,0.4528301886792453,53,0.4782608695652174,46
SKYFURY,Anubis,0.0,4,0.0625,16,0.5416666666666666,24
SKYFURY,Dust2,0.6666666666666666,12,0.4393939393939394,66,0.5,58
SKYFURY,Inferno,0.7,10,0.5609756097560976,41,0.2727272727272727,55
SKYFURY,Mirage,0.3333333333333333,12,0.43548387096774194,62,0.5,62
SKYFURY,Nuke,0.0,6,0.5454545454545454,33,0.42857142857142855,35
SKYFURY,Overpass,0.5,2,0.3333333333333333,12,0.16666666666666666,6
SKYFURY,Train,0.6666666666666666,12,0.40384615384615385,52,0.5138888888888888,72
SKYFURY,Vertigo,0.5,2,0.36363636363636365,11,0.5,12
SPARTA,Ancient,0.5,60,0.4041095890410959,292,0.4501510574018127,331
SPARTA,Anubis,0.375,8,0.5,40,0.5714285714285714,42
SPARTA,Dust2,0.5,28,0.5308641975308642,162,0.45323741007194246,139
SPARTA,Inferno,0.5,2,0.6666666666666666,12,0.3333333333333333,12
SPARTA,Mirage,0.5416666666666666,72,0.5252225519287834,337,0.43137254901960786,408
SPARTA,Nuke,0.4264705882352941,68,0.5105740181268882,331,0.432,375
SPARTA,Overpass,0.4230769230769231,26,0.4967741935483871,155,0.35398230088495575,113
SPARTA,Train,0.5,28,0.5527950310559007,161,0.453125,128
SUBUTAI,Ancient,0.0,4,0.4117647058823529,17,0.4166666666666667,24
SUBUTAI,Anubis,0.5,2,0.25,12,0.5555555555555556,9
SUBUTAI,Mirage,0.5,4,0.38095238095238093,21,0.3157894736842105,19
SUPER EVIL GANG,Ancient,0.6153846153846154,26,0.5470085470085471,117,0.46099290780141844,141
SUPER EVIL GANG,Anubis,0.5416666666666666,24,0.3798449612403101,129,0.5377358490566038,106
SUPER EVIL GANG,Dust2,0.5625,16,0.4725274725274725,91,0.5316455696202531,79
SUPER EVIL GANG,Inferno,0.5,6,0.42857142857142855,35,0.42424242424242425,33
SUPER EVIL GANG,Mirage,0.35714285714285715,14,0.36231884057971014,69,0.4383561643835616,73
SUPER EVIL GANG,Nuke,0.3,10,0.5272727272727272,55,0.3488372093023256,43
SUPER EVIL GANG,Train,0.4,10,0.4166666666666667,48,0.5423728813559322,59
SWEET BONANZERS,Ancient,1.0,2,0.375,8,0.3333333333333333,12
SWEET BONANZERS,Inferno,0.0,2,0.3333333333333333,12,0.16666666666666666,6
Sampi,Ancient,0.375,40,0.45161290322580644,217,0.5246636771300448,223
Sampi,Anubis,0.5,24,0.4603174603174603,126,0.5955882352941176,136
Sampi,Dust2,0.4375,16,0.47435897435897434,78,0.4418604651162791,86
Sampi,Inferno,0.7,20,0.5478260869565217,115,0.5428571428571428,105
Sampi,Mirage,0.4473684210526316,38,0.46703296703296704,182,0.4362745098039216,204
Sampi,Nuke,0.4166666666666667,12,0.4861111111111111,72,0.5178571428571429,56
Sangal,Ancient,0.43548387096774194,62,0.4788732394366197,355,0.47017543859649125,285
Sangal,Anubis,0.46296296296296297,54,0.37261146496815284,314,0.618421052631579,228
Sangal,Dust2,0.43333333333333335,30,0.47701149425287354,174,0.41044776119402987,134
Sangal,Inferno,0.5,48,0.4690909090909091,275,0.4247787610619469,226
Sangal,Mirage,0.46938775510204084,98,0.5252525252525253,495,0.4718045112781955,532
Sangal,Nuke,0.45,80,0.4799054373522459,423,0.46153846153846156,416
Sangal,Overpass,0.6,60,0.6789667896678967,271,0.49722222222222223,360
Sangal,Train,0.5217391304347826,46,0.4834710743801653,242,0.4448979591836735,245
Sangal,Vertigo,0.5833333333333334,12,0.5161290322580645,62,0.5833333333333334,60
Sangal Academy,Ancient,0.3333333333333333,6,0.34615384615384615,26,0.26666666666666666,30
Sangal Academy,Dust2,0.25,8,0.08,25,0.35555555555555557,45
Sangal Academy,Inferno,0.75,8,0.391304347826087,46,0.5111111111111111,45
Sangal Academy,Train,0.25,4,0.4583333333333333,24,0.07142857142857142,14
Sangrija,Ancient,1.0,2,0.6666666666666666,12,0.7142857142857143,7
Sangrija,Dust2,0.0,4,0.4090909090909091,22,0.5652173913043478,23
Sangrija,Inferno,0.0,2,0.0,4,0.25,12
Sangrija,Overpass,1.0,2,0.4166666666666667,12,0.25,8
Sashi,Ancient,0.5434782608695652,138,0.47738693467336685,796,0.512630014858841,673
Sashi,Anubis,0.3617021276595745,94,0.3876651982378855,454,0.5206766917293233,532
Sashi,Dust2,0.5652173913043478,46,0.38405797101449274,276,0.47668393782383417,193
Sashi,Inferno,0.5373134328358209,134,0.4780058651026393,682,0.5416078984485191,709
Sashi,Mirage,0.5,150,0.4857142857142857,875,0.4692982456140351,684
Sashi,Nuke,0.5132743362831859,226,0.5412935323383085,1005,0.5279225614296351,1343
Sashi,Overpass,0.5555555555555556,18,0.5,104,0.5053763440860215,93
Sashi,Train,0.3717948717948718,78,0.5483028720626631,383,0.4354066985645933,418
Sashi,Vertigo,0.625,32,0.45625,160,0.5780346820809249,173
Sashi Academy,Ancient,1.0,2,0.3333333333333333,12,0.5833333333333334,12
Sashi Academy,Anubis,0.0,2,0.08333333333333333,12,0.0,2
Sashi Academy,Dust2,0.5,2,0.16666666666666666,12,0.25,4
Sashi Academy,Nuke,0.0,2,0.16666666666666666,12,0.4,5
ScarX,Ancient,0.3333333333333333,6,0.5,36,0.47058823529411764,34
ScarX,Anubis,0.5,6,0.6,30,0.5,34
ScarX,Dust2,0.25,4,0.26666666666666666,15,0.11764705882352941,17
ScarX,Inferno,0.5,14,0.43283582089552236,67,0.5194805194805194,77
ScarX,Mirage,0.5,16,0.47619047619047616,84,0.4418604651162791,86
ScarX,Nuke,0.5,2,0.25,12,0.5555555555555556,9
ScarX,Overpass,0.5,2,0.5833333333333334,12,0.4166666666666667,12
ScarX,Train,0.5714285714285714,14,0.6716417910447762,67,0.45121951219512196,82
SemperFi,Ancient,0.5,36,0.5279187817258884,197,0.5548780487804879,164
SemperFi,Anubis,0.5,24,0.5714285714285714,126,0.5213675213675214,117
SemperFi,Dust2,0.625,40,0.5841121495327103,214,0.5714285714285714,203
SemperFi,Inferno,0.44642857142857145,56,0.45454545454545453,275,0.6205787781350482,311
SemperFi,Mirage,0.5857142857142857,70,0.5742296918767507,357,0.5691056910569106,369
SemperFi,Nuke,0.4696969696969697,66,0.5266666666666666,300,0.55858310626703,367
SemperFi,Overpass,0.7222222222222222,18,0.6172839506172839,81,0.6746987951807228,83
Serbia,Ancient,0.9,10,0.5652173913043478,46,0.68,50
Serbia,Dust2,0.25,4,0.5454545454545454,22,0.5,24
Serbia,Inferno,0.16666666666666666,6,0.4857142857142857,35,0.6470588235294118,34
Serbia,Mirage,0.5,4,0.5833333333333334,24,0.25,20
Serbia,Nuke,0.5,4,0.4583333333333333,24,0.5384615384615384,13
Shanghai Sharks,Ancient,0.5,2,0.4166666666666667,12,0.5833333333333334,12
Shanghai Sharks,Inferno,0.0,2,0.08333333333333333,12,0.0,2
Shanghai Sharks,Mirage,1.0,2,0.6363636363636364,11,0.5,12
Shanghai Sharks,Overpass,0.5,2,0.9166666666666666,12,0.2857142857142857,7
Sharks,Ancient,0.5,92,0.578838174273859,482,0.4947589098532495,477
Sharks,Anubis,0.5,72,0.46808510638297873,376,0.623229461756374,353
Sharks,Inferno,0.45,80,0.52,450,0.5130890052356021,382
Sharks,Mirage,0.4666666666666667,90,0.532,500,0.49534883720930234,430
Sharks,Nuke,0.5266666666666666,150,0.5725490196078431,765,0.4845360824742268,776
Sharks,Overpass,0.625,8,0.5416666666666666,48,0.6206896551724138,29
Sharks,Train,0.5,54,0.61003861003861,259,0.48928571428571427,280
Sharks,Vertigo,0.5263157894736842,38,0.5888888888888889,180,0.5045045045045045,222
Shika,Ancient,0.5,26,0.504424778761062,113,0.49230769230769234,130
Shika,Anubis,0.5,6,0.2777777777777778,36,0.5,26
Shika,Dust2,0.0,4,0.2916666666666667,24,0.35714285714285715,14
Shika,Inferno,0.5,12,0.5185185185185185,54,0.6363636363636364,66
Shika,Mirage,0.4,20,0.4842105263157895,95,0.5514018691588785,107
Shika,Nuke,0.25,8,0.5208333333333334,48,0.22857142857142856,35
Shimmer,Ancient,0.625,16,0.611764705882353,85,0.5285714285714286,70
Shimmer,Anubis,0.5,4,0.4090909090909091,22,0.625,24
Shimmer,Dust2,0.5,34,0.49101796407185627,167,0.577922077922078,154
Shimmer,Inferno,0.25,8,0.25,48,0.4827586206896552,29
Shimmer,Mirage,0.5294117647058824,34,0.4678362573099415,171,0.559748427672956,159
Shimmer,Nuke,0.6071428571428571,28,0.6302521008403361,119,0.42038216560509556,157
Shimmer,Overpass,0.625,8,0.5348837209302325,43,0.43902439024390244,41
ShindeN,Ancient,0.45652173913043476,46,0.4879032258064516,248,0.5148936170212766,235
ShindeN,Anubis,0.5,16,0.45161290322580644,62,0.4791666666666667,96
ShindeN,Dust2,0.54,50,0.519434628975265,283,0.48497854077253216,233
ShindeN,Inferno,0.5769230769230769,26,0.5496688741721855,151,0.5726495726495726,117
ShindeN,Mirage,0.5645161290322581,62,0.5278810408921933,269,0.5586592178770949,358
ShindeN,Nuke,0.4838709677419355,62,0.5797101449275363,276,0.42857142857142855,357
ShindeN,Overpass,0.0,2,0.5833333333333334,12,0.0,8
SkinRave,Ancient,0.25,4,0.3333333333333333,24,0.5,20
SkinRave,Dust2,0.5,6,0.4642857142857143,28,0.7222222222222222,36
SkinRave,Inferno,0.0,2,0.3333333333333333,12,0.6666666666666666,12
SkinRave,Mirage,0.0,2,0.36363636363636365,11,0.5,12
SkinRave,Nuke,0.6666666666666666,6,0.8125,32,0.6190476190476191,21
SkinRave,Overpass,0.25,4,0.5,14,0.30434782608695654,23
Skinvault,Ancient,0.5,6,0.6428571428571429,28,0.3793103448275862,29
Skinvault,Inferno,0.8333333333333334,6,0.59375,32,0.3055555555555556,36
Skinvault,Mirage,0.5,6,0.5454545454545454,33,0.25,32
Skinvault,Nuke,0.6666666666666666,6,0.6129032258064516,31,0.4857142857142857,35
Skyline,Inferno,0.5,2,0.3333333333333333,12,0.375,8
Skyline,Mirage,0.5,2,0.3333333333333333,9,0.4166666666666667,12
Sleeping Dogs,Ancient,0.5,2,0.25,12,0.6666666666666666,12
Sleeping Dogs,Dust2,0.5,4,0.4166666666666667,24,0.14285714285714285,14
Sleeping Dogs,Mirage,0.5,2,0.75,12,0.25,12
Slovakia,Ancient,0.75,4,0.4666666666666667,15,0.5833333333333334,24
Slovakia,Anubis,0.25,4,0.7272727272727273,11,0.2916666666666667,24
Slovakia,Dust2,0.5,4,0.625,16,0.3333333333333333,18
Slovakia,Inferno,0.25,4,0.25,20,0.3888888888888889,18
Slovakia,Mirage,0.75,4,0.4166666666666667,24,0.5,22
Slovakia,Nuke,0.5,2,0.16666666666666666,12,0.25,4
Slovakia fe,Ancient,0.0,2,0.25,4,0.16666666666666666,12
Slovakia fe,Anubis,0.5,2,0.125,8,0.5,12
Slovakia fe,Mirage,0.5,2,0.0,3,0.16666666666666666,12
Slovakia fe,Train,1.0,2,0.16666666666666666,12,0.7272727272727273,11
Slugy's Shekel Squad,Ancient,0.5,2,0.4166666666666667,12,0.8888888888888888,9
Slugy's Shekel Squad,Anubis,0.5,4,0.375,24,0.5789473684210527,19
Slugy's Shekel Squad,Nuke,0.75,4,0.45,20,0.5238095238095238,21
Sojoga,Anubis,1.0,2,0.25,12,0.3333333333333333,6
Sojoga,Dust2,0.5,2,0.625,8,0.6666666666666666,12
Sojoga,Mirage,0.5,4,0.5555555555555556,18,0.5,24
Sojoga,Nuke,0.75,4,0.6666666666666666,24,0.22727272727272727,22
Solid,Ancient,0.48214285714285715,56,0.5610687022900763,262,0.5941558441558441,308
Solid,Anubis,0.6,30,0.50625,160,0.6144578313253012,166
Solid,Dust2,0.5833333333333334,48,0.46502057613168724,243,0.5742971887550201,249
Solid,Inferno,0.5555555555555556,18,0.4935064935064935,77,0.4946236559139785,93
Solid,Mirage,0.5,46,0.5100401606425703,249,0.5814977973568282,227
Solid,Nuke,0.75,8,0.44680851063829785,47,0.4,35
Solid,Train,0.5,12,0.5833333333333334,72,0.4423076923076923,52
Solid,Vertigo,0.3333333333333333,6,0.6666666666666666,30,0.2222222222222222,27
Soul's Heart,Ancient,0.5,2,0.3333333333333333,12,0.0,5
Soul's Heart,Anubis,0.5,2,0.4,5,0.16666666666666666,12
Soul's Heart,Dust2,0.5,2,0.0,4,0.25,12
Soul's Heart,Inferno,0.5,2,0.36363636363636365,11,0.5,12
Soul's Heart,Nuke,0.3333333333333333,6,0.3870967741935484,31,0.375,32
Soul's Heart,Overpass,1.0,2,1.0,4,0.75,12
South Africa fe,Anubis,0.5,2,0.7272727272727273,11,0.4166666666666667,12
South Africa fe,Dust2,0.25,4,0.65,20,0.5416666666666666,24
South Africa fe,Inferno,0.5,2,0.16666666666666666,12,0.4,5
South Africa fe,Mirage,0.5,4,0.42105263157894735,19,0.375,24
South Africa fe,Nuke,0.5,2,0.375,8,0.3333333333333333,12
Southern5,Ancient,0.5,2,0.08333333333333333,12,0.6,5
Southern5,Anubis,0.5,2,0.08333333333333333,12,0.5,4
SovvyKiNG,Ancient,0.5,2,0.25,12,0.6363636363636364,11
SovvyKiNG,Anubis,0.5,2,0.2727272727272727,11,0.8333333333333334,12
SovvyKiNG,Dust2,0.5,2,0.2857142857142857,7,0.3333333333333333,12
SovvyKiNG,Mirage,0.6666666666666666,6,0.4666666666666667,30,0.375,32
SovvyKiNG,Nuke,0.5,2,0.75,12,0.5714285714285714,7
SovvyKiNG,Vertigo,0.0,2,0.16666666666666666,12,0.0,3
Space,Ancient,0.42857142857142855,28,0.5,156,0.44360902255639095,133
Space,Anubis,0.43333333333333335,30,0.3696969696969697,165,0.5766423357664233,137
Space,Dust2,0.5,20,0.5092592592592593,108,0.5398230088495575,113
Space,Mirage,0.5,24,0.4878048780487805,123,0.45,140
Space,Nuke,0.6666666666666666,12,0.4090909090909091,66,0.38461538461538464,52
Space,Vertigo,0.4583333333333333,24,0.43795620437956206,137,0.5371900826446281,121
Spain,Ancient,0.0,4,0.4166666666666667,24,0.3888888888888889,18
Spain,Anubis,0.25,4,0.5416666666666666,24,0.3,20
Spain,Inferno,0.5,2,0.0,5,0.3333333333333333,12
Spain fe,Ancient,0.5,2,0.0,4,0.25,12
Spain fe,Anubis,1.0,2,0.2857142857142857,7,0.3333333333333333,12
Spain fe,Dust2,0.5,2,0.5833333333333334,12,0.5454545454545454,11
Spain fe,Inferno,0.0,2,0.5,10,0.6666666666666666,12
Spain fe,Nuke,0.5,2,0.6666666666666666,12,0.625,8
Spirit,Ancient,0.5892857142857143,56,0.545774647887324,284,0.5223367697594502,291
Spirit,Anubis,0.6190476190476191,42,0.5317460317460317,252,0.5803108808290155,193
Spirit,Dust2,0.5833333333333334,72,0.6099706744868035,341,0.6097560975609756,369
Spirit,Mirage,0.5405405405405406,74,0.598014888337469,403,0.5171503957783641,379
Spirit,Nuke,0.527027027027027,74,0.5683646112600537,373,0.5318627450980392,408
Spirit,Overpass,1.0,4,0.7916666666666666,24,0.7,10
Spirit,Train,0.75,8,0.625,48,0.6666666666666666,24
Spirit,Vertigo,0.3333333333333333,6,0.4166666666666667,36,0.6363636363636364,22
Spirit Academy,Ancient,0.5,94,0.5562015503875969,516,0.5184381778741866,461
Spirit Academy,Anubis,0.43103448275862066,58,0.4472843450479233,313,0.5284280936454849,299
Spirit Academy,Dust2,0.45,80,0.5468354430379747,395,0.5233853006681515,449
Spirit Academy,Inferno,0.5,2,0.4166666666666667,12,0.45454545454545453,11
Spirit Academy,Mirage,0.5,82,0.5415676959619953,421,0.5198237885462555,454
Spirit Academy,Nuke,0.5795454545454546,88,0.5860566448801743,459,0.48326359832635984,478
Spirit Academy,Overpass,0.375,8,0.42857142857142855,28,0.4375,48
Spirit Academy,Train,0.59375,32,0.5303867403314917,181,0.5316455696202531,158
Spirit Academy,Vertigo,0.5416666666666666,24,0.5,118,0.6854838709677419,124
Spirit fe,Ancient,0.3,10,0.5416666666666666,48,0.423728813559322,59
Spirit fe,Anubis,0.5,8,0.2894736842105263,38,0.4418604651162791,43
Spirit fe,Dust2,0.5,4,0.35714285714285715,14,0.375,24
Spirit fe,Inferno,0.6666666666666666,6,0.4166666666666667,36,0.5263157894736842,19
Spirit fe,Mirage,0.6666666666666666,6,0.782608695652174,23,0.5277777777777778,36
Spirit fe,Vertigo,0.0,2,0.7142857142857143,7,0.6666666666666666,12
SportsBetExpert,Ancient,0.16666666666666666,6,0.35714285714285715,28,0.5,34
SportsBetExpert,Dust2,0.5,2,0.6363636363636364,11,0.5,12
SportsBetExpert,Inferno,0.5,4,0.375,24,0.42105263157894735,19
SportsBetExpert,Mirage,1.0,2,0.75,12,0.8,5
SportsBetExpert,Overpass,0.6666666666666666,6,0.6296296296296297,27,0.5277777777777778,36
Spotless,Anubis,0.0,2,0.16666666666666666,12,0.6666666666666666,9
Spotless,Mirage,1.0,2,0.16666666666666666,12,0.4,5
Spotless,Nuke,0.75,4,0.3333333333333333,21,0.4,20
Spray Jutsu,Ancient,0.4,10,0.5,46,0.6333333333333333,60
Spray Jutsu,Anubis,0.75,4,0.5217391304347826,23,0.6111111111111112,18
Spray Jutsu,Dust2,0.5,4,0.5217391304347826,23,0.5416666666666666,24
Spray Jutsu,Inferno,0.0,2,0.5833333333333334,12,0.2727272727272727,11
Spray Jutsu,Mirage,0.6666666666666666,6,0.45454545454545453,33,0.4722222222222222,36
Spray Jutsu,Nuke,0.5,4,0.5,24,0.3,20
Spray and Slay,Ancient,0.6666666666666666,12,0.4576271186440678,59,0.543859649122807,57
Spray and Slay,Anubis,0.5,4,0.2916666666666667,24,0.6,20
Spray and Slay,Dust2,0.5,2,0.16666666666666666,12,0.5,6
Spray and Slay,Inferno,0.25,4,0.47368421052631576,19,0.375,24
Spray and Slay,Mirage,0.75,4,0.4166666666666667,24,0.45,20
Spray and Slay,Nuke,0.75,8,0.46808510638297873,47,0.5,48
Spray and Slay,Train,0.75,4,0.5,20,0.6666666666666666,24
Square Sausages,Ancient,0.5,2,0.45454545454545453,11,0.4166666666666667,12
Square Sausages,Inferno,0.5,4,0.5833333333333334,24,0.375,24
Square Sausages,Mirage,0.25,4,0.5333333333333333,15,0.20833333333333334,24
Square Sausages,Nuke,0.0,2,0.4166666666666667,12,0.14285714285714285,7
Square Sausages,Overpass,0.25,4,0.625,24,0.16666666666666666,18
Square Sausages,Train,1.0,2,0.5,12,0.5833333333333334,12
Stand On Business,Ancient,0.5,2,0.3333333333333333,12,0.0,5
Stand On Business,Dust2,0.0,2,0.0,6,0.4166666666666667,12
Stand On Business,Inferno,0.0,2,0.16666666666666666,12,0.25,4
Stand On Business,Mirage,0.5,2,0.45454545454545453,11,0.4166666666666667,12
Steel Helmet,Ancient,0.5714285714285714,14,0.5256410256410257,78,0.5689655172413793,58
Steel Helmet,Dust2,1.0,2,0.3333333333333333,12,0.375,8
Steel Helmet,Inferno,0.6666666666666666,12,0.4722222222222222,72,0.5510204081632653,49
Steel Helmet,Mirage,0.2222222222222222,18,0.375,72,0.4095238095238095,105
Steel Helmet,Nuke,0.75,4,0.4166666666666667,24,0.3684210526315789,19
StragaSonhoS,Ancient,0.75,4,0.5454545454545454,22,0.5555555555555556,18
StragaSonhoS,Dust2,0.25,8,0.525,40,0.6428571428571429,42
StragaSonhoS,Inferno,0.5,2,0.4166666666666667,12,0.5833333333333334,12
StragaSonhoS,Mirage,0.75,4,0.4090909090909091,22,0.7222222222222222,18
StragaSonhoS,Nuke,1.0,6,0.6857142857142857,35,0.48,25
StragaSonhoS,Overpass,0.5,4,0.6086956521739131,23,0.3333333333333333,24
Straight2Killin,Ancient,0.5,2,0.3333333333333333,12,0.4444444444444444,9
Straight2Killin,Dust2,0.25,4,0.3,20,0.25,16
Straight2Killin,Inferno,0.5,2,0.3333333333333333,12,0.5,10
Straight2Killin,Mirage,0.5,4,0.625,16,0.20833333333333334,24
Straight2Killin,Nuke,0.5,6,0.3,30,0.45161290322580644,31
Stream Team,Nuke,0.0,2,0.5833333333333334,12,0.5,12
Subtick,Anubis,0.5,2,0.3333333333333333,9,0.4166666666666667,12
Subtick,Mirage,0.5,4,0.25,24,0.5,16
Subtick,Train,0.6666666666666666,6,0.30434782608695654,23,0.3888888888888889,36
Super Shy,Anubis,0.5,2,0.16666666666666666,12,0.5714285714285714,7
Super Shy,Dust2,0.5,2,0.16666666666666666,12,0.0,3
Superfkrs,Ancient,0.5,2,0.5833333333333334,12,0.4166666666666667,12
Superfkrs,Anubis,0.5,6,0.53125,32,0.5,36
Superfkrs,Dust2,0.5,4,0.5714285714285714,21,0.3333333333333333,18
Superfkrs,Mirage,0.25,4,0.6190476190476191,21,0.5416666666666666,24
Superior,Inferno,0.0,2,0.16666666666666666,6,0.3333333333333333,12
Superior,Mirage,0.5,4,0.4166666666666667,24,0.6428571428571429,14
Superior,Overpass,0.5,4,0.5833333333333334,12,0.5,24
Supernova Comets,Ancient,0.5,24,0.4396551724137931,116,0.3564356435643564,101
Supernova Comets,Anubis,0.6,20,0.425531914893617,94,0.6574074074074074,108
Supernova Comets,Dust2,0.5357142857142857,28,0.47580645161290325,124,0.5384615384615384,156
Supernova Comets,Inferno,0.625,8,0.4418604651162791,43,0.4864864864864865,37
Supernova Comets,Mirage,0.6363636363636364,22,0.48598130841121495,107,0.48484848484848486,132
Supernova Comets,Nuke,0.3888888888888889,18,0.375,88,0.5471698113207547,106
Supernova Comets,Overpass,1.0,2,0.8333333333333334,12,1.0,3
Svenska Cupen All-Stars,Cache,1.0,2,0.75,12,0.25,12
Sweden,Anubis,0.25,4,0.4583333333333333,24,0.3333333333333333,18
Sweden,Dust2,0.5,2,0.25,12,0.2,5
Sweden,Mirage,0.0,2,0.2857142857142857,7,0.3333333333333333,12
Sweden fe,Ancient,0.3333333333333333,6,0.45161290322580644,31,0.5882352941176471,34
Sweden fe,Anubis,0.5,4,0.38095238095238093,21,0.6666666666666666,24
Sweden fe,Dust2,0.35714285714285715,14,0.4745762711864407,59,0.5119047619047619,84
Sweden fe,Inferno,0.3333333333333333,6,0.4444444444444444,36,0.4782608695652174,23
Sweden fe,Mirage,0.375,8,0.6428571428571429,28,0.5625,48
Sweden fe,Nuke,0.5,2,0.3333333333333333,12,0.6666666666666666,12
Sweden fe,Vertigo,0.0,2,0.16666666666666666,6,0.3333333333333333,12
Swingers,Ancient,0.5961538461538461,52,0.53125,256,0.5488215488215489,297
Swingers,Anubis,0.25,4,0.2608695652173913,23,0.625,24
Swingers,Dust2,0.4375,32,0.4645161290322581,155,0.625,168
Swingers,Inferno,0.75,4,0.625,24,0.6875,16
Swingers,Mirage,0.5,20,0.5607476635514018,107,0.5208333333333334,96
Swingers,Nuke,0.5,42,0.5254237288135594,236,0.4647887323943662,213
Swingers,Train,0.5,22,0.5855855855855856,111,0.5169491525423728,118
T.Beast,Ancient,0.5,4,0.2,15,0.4166666666666667,24
T.Beast,Mirage,0.0,4,0.07142857142857142,14,0.4583333333333333,24
T.Beast,Train,1.0,2,0.25,12,0.8333333333333334,12
TALON,Ancient,0.4166666666666667,12,0.4166666666666667,72,0.5538461538461539,65
TALON,Anubis,0.5714285714285714,14,0.5833333333333334,84,0.5238095238095238,63
TALON,Dust2,0.2857142857142857,14,0.547945205479452,73,0.49206349206349204,63
TALON,Inferno,0.5,10,0.38333333333333336,60,0.54,50
TALON,Mirage,0.375,8,0.4375,48,0.48484848484848486,33
TALON,Nuke,0.25,4,0.5555555555555556,18,0.6666666666666666,24
TALON,Train,0.5,2,0.4166666666666667,12,0.5833333333333334,12
TALON,Vertigo,0.4166666666666667,12,0.4264705882352941,68,0.5441176470588235,68
TBO,Ancient,0.5,2,0.5833333333333334,12,0.6666666666666666,9
TBO,Dust2,0.75,4,0.5,24,0.5833333333333334,12
TBO,Mirage,0.5,4,0.375,24,0.6363636363636364,22
TBO,Nuke,0.6666666666666666,6,0.5882352941176471,17,0.5833333333333334,36
TBO,Overpass,0.5,2,0.3333333333333333,3,0.08333333333333333,12
TCG,Ancient,0.5,2,0.6666666666666666,12,0.5,10
TCG,Dust2,0.0,4,0.3888888888888889,18,0.625,24
TCG,Inferno,0.5,2,0.5833333333333334,12,0.3333333333333333,12
TCG,Mirage,1.0,2,0.25,12,0.42857142857142855,7
TFD,Ancient,0.0,2,0.16666666666666666,12,0.4,5
TFD,Inferno,0.0,2,0.4166666666666667,12,0.25,8
TGM,Dust2,0.5,2,0.0,6,0.4166666666666667,12
TGM,Mirage,1.0,2,0.4166666666666667,12,0.6666666666666666,12
TGM,Nuke,0.5,2,0.25,12,0.3333333333333333,6
THE,Ancient,0.4166666666666667,24,0.44166666666666665,120,0.5488721804511278,133
THE,Anubis,0.5,18,0.3434343434343434,99,0.5913978494623656,93
THE,Dust2,0.4,20,0.48148148148148145,81,0.43119266055045874,109
THE,Inferno,0.5,4,0.18181818181818182,22,0.7647058823529411,17
THE,Mirage,0.5555555555555556,18,0.47191011235955055,89,0.5242718446601942,103
THE,Train,0.25,4,0.5,24,0.2631578947368421,19
THE,Vertigo,0.5,2,0.2222222222222222,9,0.9166666666666666,12
TNC,Ancient,0.5,2,0.6666666666666666,12,0.5555555555555556,9
TNC,Dust2,0.0,2,0.16666666666666666,12,0.0,3
TNC,Train,0.5,2,0.6,10,0.5833333333333334,12
TNL,Ancient,0.5208333333333334,96,0.5445134575569358,483,0.5963636363636363,550
TNL,Anubis,0.5147058823529411,68,0.45588235294117646,340,0.5831062670299727,367
TNL,Dust2,0.5769230769230769,104,0.529296875,512,0.5701754385964912,570
TNL,Inferno,0.375,8,0.4090909090909091,44,0.40476190476190477,42
TNL,Mirage,0.4782608695652174,92,0.5524625267665952,467,0.51875,480
TNL,Nuke,0.5,110,0.5017301038062284,578,0.49909255898366606,551
TNL,Overpass,0.3,10,0.4444444444444444,45,0.37735849056603776,53
TNL,Train,0.4375,48,0.5528455284552846,246,0.5081967213114754,244
TNL,Vertigo,0.5,4,0.3,20,0.6666666666666666,21
TPuDCATb TPu,Ancient,0.5625,48,0.48627450980392156,255,0.5230769230769231,260
TPuDCATb TPu,Anubis,0.5,4,0.6363636363636364,22,0.3333333333333333,24
TPuDCATb TPu,Dust2,0.375,24,0.47368421052631576,95,0.4652777777777778,144
TPuDCATb TPu,Inferno,0.5,12,0.6716417910447762,67,0.49056603773584906,53
TPuDCATb TPu,Mirage,0.7083333333333334,24,0.6527777777777778,144,0.54,100
TPuDCATb TPu,Nuke,0.5,66,0.5196078431372549,306,0.5131578947368421,380
TPuDCATb TPu,Train,0.5416666666666666,24,0.6454545454545455,110,0.5454545454545454,132
TRAXXXMANIA,Anubis,0.5,2,0.25,12,0.2,5
TRAXXXMANIA,Nuke,0.5,2,0.25,12,0.3333333333333333,6
TSG,Ancient,0.25,4,0.5416666666666666,24,0.4583333333333333,24
TSG,Dust2,0.5,4,0.19047619047619047,21,0.5714285714285714,21
TSG,Inferno,0.0,6,0.2777777777777778,36,0.13333333333333333,15
TSG,Mirage,0.6666666666666666,6,0.3103448275862069,29,0.40625,32
TSG,Nuke,0.5,10,0.5952380952380952,42,0.4444444444444444,54
TSG,Overpass,0.0,2,0.0,3,0.16666666666666666,12
TSG,Train,0.6666666666666666,6,0.6285714285714286,35,0.5714285714285714,28
TSM,Ancient,0.45,20,0.3695652173913043,92,0.525,120
TSM,Dust2,0.6,20,0.43333333333333335,120,0.5754716981132075,106
TSM,Inferno,0.6071428571428571,28,0.5114503816793893,131,0.5246913580246914,162
TSM,Mirage,0.35,20,0.5980392156862745,102,0.4326923076923077,104
TSM,Nuke,0.3076923076923077,26,0.5,118,0.5136986301369864,146
TSM,Vertigo,0.5,12,0.4117647058823529,68,0.53125,64
TSM Impact,Ancient,0.625,8,0.5238095238095238,42,0.6,35
TSM Impact,Anubis,0.25,12,0.47368421052631576,57,0.5138888888888888,72
TSM Impact,Dust2,0.5,6,0.7272727272727273,22,0.5555555555555556,27
TSM Impact,Inferno,0.5,2,0.25,8,0.4166666666666667,12
TSM Impact,Mirage,0.3,10,0.62,50,0.4666666666666667,60
TSM Impact,Nuke,1.0,2,0.7777777777777778,9,0.5,12
TYLOO,Ancient,0.48148148148148145,54,0.5431309904153354,313,0.5020080321285141,249
TYLOO,Anubis,0.5476190476190477,42,0.485,200,0.6100917431192661,218
TYLOO,Inferno,0.5865384615384616,104,0.503690036900369,542,0.5565529622980251,557
TYLOO,Mirage,0.5294117647058824,68,0.615606936416185,346,0.5474006116207951,327
TYLOO,Nuke,0.6111111111111112,36,0.5263157894736842,190,0.5081967213114754,183
TYLOO,Overpass,0.5714285714285714,14,0.5316455696202531,79,0.4714285714285714,70
TYLOO,Train,0.5714285714285714,28,0.54375,160,0.5102040816326531,147
Take Flyte,Ancient,0.4375,32,0.4,145,0.45664739884393063,173
Take Flyte,Anubis,0.47058823529411764,34,0.44505494505494503,182,0.5783132530120482,166
Take Flyte,Dust2,0.35714285714285715,14,0.5194805194805194,77,0.6060606060606061,66
Take Flyte,Inferno,0.4230769230769231,26,0.4186046511627907,129,0.4444444444444444,135
Take Flyte,Mirage,0.38461538461538464,26,0.5033557046979866,149,0.484375,128
Take Flyte,Nuke,0.4666666666666667,30,0.5153374233128835,163,0.42142857142857143,140
Take Flyte,Overpass,0.7,10,0.5490196078431373,51,0.5087719298245614,57
Take Flyte,Train,0.5,6,0.4444444444444444,36,0.35714285714285715,28
Take Flyte Kings,Ancient,0.5,2,0.5714285714285714,7,0.16666666666666666,12
Take Flyte Kings,Anubis,0.5,2,0.3333333333333333,12,0.6666666666666666,12
Take Flyte Kings,Inferno,0.5,2,0.3333333333333333,12,0.5833333333333334,12
Take me away,Dust2,0.5,2,0.4166666666666667,12,0.6666666666666666,12
Take me away,Train,1.0,2,0.7,10,0.5,12
Team Aunkere,Ancient,0.625,8,0.55,40,0.40425531914893614,47
Team Aunkere,Anubis,0.5,2,0.75,12,0.6666666666666666,6
Team Aunkere,Cache,0.25,4,0.4666666666666667,15,0.25,24
Team Aunkere,Dust2,1.0,4,0.5833333333333334,24,0.5555555555555556,18
Team Aunkere,Inferno,0.25,4,0.375,16,0.3333333333333333,24
Team Aunkere,Mirage,0.375,8,0.3888888888888889,36,0.5625,48
Team Aunkere,Nuke,0.5,6,0.6333333333333333,30,0.4722222222222222,36
Team Aunkere,Train,0.5,4,0.5833333333333334,24,0.4166666666666667,24
Team Australia,Cache,1.0,2,0.6666666666666666,12,0.45454545454545453,11
Team Buster,Ancient,0.5,2,0.5,12,0.3,10
Team Buster,Dust2,0.5,6,0.47619047619047616,21,0.5555555555555556,36
Team Buster,Inferno,0.5,2,0.5833333333333334,12,0.75,8
Team Buster,Mirage,1.0,2,0.25,12,0.9090909090909091,11
Team Buster,Nuke,0.5,4,0.6818181818181818,22,0.4166666666666667,24
Team Buster,Overpass,0.0,2,0.5833333333333334,12,0.4166666666666667,12
Team CS2NEWS,Ancient,0.5,2,0.4166666666666667,12,0.5,12
Team CS2NEWS,Dust2,0.5,2,0.08333333333333333,12,0.8333333333333334,12
Team Evelone192,Anubis,0.5,2,0.16666666666666666,6,0.3333333333333333,12
Team Evelone192,Dust2,0.25,4,0.5833333333333334,24,0.4583333333333333,24
Team Evelone192,Mirage,0.5,4,0.4117647058823529,17,0.5416666666666666,24
Team Evelone192,Nuke,0.5,2,0.3333333333333333,12,0.2857142857142857,7
Team GUACAMOLE,Dust2,0.5,2,0.3,10,0.5,12
Team GUACAMOLE,Mirage,0.75,4,0.5416666666666666,24,0.4166666666666667,24
Team GUACAMOLE,Overpass,0.5,2,0.5,12,0.125,8
Team GUACAMOLE,Train,0.5,2,0.625,8,0.16666666666666666,12
Team Lixxx,Cache,0.5,2,0.4,10,0.75,12
Team Lixxx,Dust2,0.5,2,0.5555555555555556,9,0.6666666666666666,12
Team Lixxx,Mirage,0.5,6,0.42857142857142855,35,0.5555555555555556,36
Team Lixxx,Overpass,0.5,6,0.6153846153846154,26,0.5555555555555556,36
Team Lixxx,Train,0.5,2,0.8333333333333334,12,0.375,8
Team OverDrive,Dust2,1.0,2,0.5833333333333334,12,0.4166666666666667,12
Team OverDrive,Mirage,0.5,2,0.75,12,0.5,8
Team OverDrive,Nuke,0.5,2,0.7142857142857143,7,0.6666666666666666,12
Team RachelR,Ancient,0.5,2,0.7,10,0.5,12
Team RachelR,Dust2,0.0,2,0.16666666666666666,12,0.0,3
Team RachelR,Mirage,0.0,2,0.09090909090909091,11,0.75,12
Team Recrent,Ancient,0.5,2,0.14285714285714285,7,0.4166666666666667,12
Team Recrent,Anubis,0.5,2,0.6666666666666666,12,0.8333333333333334,6
Team Recrent,Dust2,0.75,4,0.4166666666666667,24,0.5416666666666666,24
Team Recrent,Mirage,0.5,2,0.16666666666666666,12,0.6666666666666666,9
Team Recrent,Nuke,0.0,2,0.3333333333333333,12,0.0,5
Team Recrent,Overpass,0.5,4,0.4375,16,0.6666666666666666,24
Team Rostikfacekid,Dust2,0.5,2,0.8333333333333334,12,0.16666666666666666,12
Team Rostikfacekid,Mirage,0.0,2,0.25,8,0.4166666666666667,12
Team Rostikfacekid,Nuke,1.0,2,1.0,5,0.6666666666666666,12
Team Rostikfacekid,Overpass,0.75,4,0.5882352941176471,17,0.6956521739130435,23
Team Shadowkek,Ancient,0.75,4,0.7083333333333334,24,0.4666666666666667,15
Team Shadowkek,Anubis,0.5,2,0.5,12,0.6363636363636364,11
Team Shadowkek,Cache,1.0,2,0.8333333333333334,12,1.0,3
Team Shadowkek,Dust2,0.3333333333333333,6,0.3142857142857143,35,0.7333333333333333,30
Team Shadowkek,Inferno,0.5,2,0.6666666666666666,12,1.0,5
Team Shadowkek,Mirage,0.75,12,0.5454545454545454,66,0.5652173913043478,69
Team Shadowkek,Overpass,0.5,2,0.5833333333333334,12,0.5454545454545454,11
Team Shadowkek,Train,0.5,2,0.4166666666666667,12,0.25,8
Team StRoGo,Dust2,0.5,4,0.6666666666666666,24,0.3333333333333333,24
Team StRoGo,Mirage,1.0,2,0.5833333333333334,12,0.75,8
Team StRoGo,Nuke,0.5,2,0.5833333333333334,12,0.2,10
Team StRoGo,Overpass,0.75,4,0.4583333333333333,24,0.29411764705882354,17
Team UK,Cache,0.0,2,0.5454545454545454,11,0.3333333333333333,12
Team by_owl,Ancient,0.0,4,0.5714285714285714,14,0.2916666666666667,24
Team by_owl,Mirage,0.0,4,0.4583333333333333,24,0.5454545454545454,22
Team by_owl,Train,0.75,4,0.6,20,0.5416666666666666,24
Team des0ut,Dust2,0.0,2,0.16666666666666666,12,0.0,3
Team des0ut,Train,1.0,2,0.75,12,0.25,12
Team hooch,Ancient,0.5,4,0.5,24,0.45454545454545453,22
Team hooch,Cache,0.5,4,0.4583333333333333,24,0.5,22
Team hooch,Dust2,0.5,2,0.16666666666666666,12,0.9166666666666666,12
Team hooch,Mirage,1.0,2,0.6666666666666666,12,0.7142857142857143,7
Team hooch,Overpass,0.5,2,0.25,12,0.42857142857142855,7
Team m3wsu,Ancient,0.5,2,0.5833333333333334,12,0.8571428571428571,7
Team m3wsu,Dust2,0.5,4,0.4666666666666667,15,0.75,24
Team m3wsu,Overpass,0.0,2,0.25,12,0.2,5
Team m3wsu,Train,0.0,2,0.75,12,0.25,12
Team shoke,Ancient,0.5,2,0.5833333333333334,12,1.0,6
Team shoke,Anubis,0.5,2,0.36363636363636365,11,0.5,12
Team shoke,Dust2,1.0,2,0.25,8,0.9166666666666666,12
Team shoke,Mirage,0.25,4,0.375,24,0.26666666666666666,15
Team shoke,Train,0.0,2,0.6666666666666666,12,0.3333333333333333,12
Team skywhywalker,Anubis,0.5,2,0.3333333333333333,6,0.25,12
Team skywhywalker,Dust2,0.3333333333333333,6,0.3888888888888889,36,0.53125,32
Team skywhywalker,Inferno,0.75,4,0.5294117647058824,17,0.4,20
Team skywhywalker,Mirage,0.25,4,0.2916666666666667,24,0.625,24
Team skywhywalker,Nuke,0.5,4,0.5,24,0.3333333333333333,18
Teamwork,Ancient,0.3333333333333333,6,0.5161290322580645,31,0.5454545454545454,33
Teamwork,Anubis,0.5,2,0.0,3,0.16666666666666666,12
Teamwork,Dust2,0.5,2,0.25,12,0.5,8
Teamwork,Mirage,0.8333333333333334,6,0.5277777777777778,36,0.8,25
Teamwork,Nuke,0.5,2,0.5714285714285714,7,0.75,12
Teamwork,Vertigo,0.3333333333333333,6,0.5,20,0.5277777777777778,36
The Animals,Ancient,0.5,2,0.75,12,0.25,12
The Animals,Anubis,0.5,2,0.36363636363636365,11,0.5,12
The Art of War,Ancient,0.38461538461538464,26,0.4740740740740741,135,0.4452054794520548,146
The Art of War,Anubis,0.5,6,0.37142857142857144,35,0.5428571428571428,35
The Art of War,Dust2,0.16666666666666666,12,0.2711864406779661,59,0.42105263157894735,57
The Art of War,Inferno,0.6428571428571429,28,0.5488721804511278,133,0.588957055214724,163
The Art of War,Mirage,0.5909090909090909,22,0.5213675213675214,117,0.45614035087719296,114
The Art of War,Nuke,0.38461538461538464,26,0.46405228758169936,153,0.4392523364485981,107
The Art of War,Train,0.5,2,0.4166666666666667,12,0.0,6
The Art of War,Vertigo,0.5,2,0.16666666666666666,12,0.25,4
The Boys,Ancient,1.0,2,0.36363636363636365,11,0.5,12
The Boys,Anubis,1.0,2,0.2857142857142857,7,0.3333333333333333,12
The Boys,Nuke,0.5,2,0.8888888888888888,9,0.4166666666666667,12
The Glecs,Ancient,0.3333333333333333,12,0.5535714285714286,56,0.4444444444444444,72
The Glecs,Dust2,0.4,10,0.18518518518518517,54,0.3,30
The Glecs,Inferno,0.5,4,0.5416666666666666,24,0.5454545454545454,22
The Glecs,Mirage,0.375,8,0.6521739130434783,23,0.15,40
The Glecs,Train,0.6666666666666666,6,0.4666666666666667,30,0.4166666666666667,36
The Huns,Ancient,0.47560975609756095,82,0.49786324786324787,468,0.5026315789473684,380
The Huns,Anubis,0.5714285714285714,42,0.4462809917355372,242,0.635,200
The Huns,Dust2,0.573170731707317,82,0.545662100456621,438,0.5710594315245479,387
The Huns,Inferno,0.47058823529411764,102,0.4951830443159923,519,0.5286738351254481,558
The Huns,Mirage,0.5,36,0.5329949238578681,197,0.5470588235294118,170
The Huns,Nuke,0.5,76,0.5475,400,0.5,422
The Huns,Overpass,0.6428571428571429,14,0.5555555555555556,81,0.6181818181818182,55
The Last Resort,Ancient,0.0,2,0.3333333333333333,12,0.375,8
The Last Resort,Anubis,0.5,2,0.4166666666666667,12,0.5833333333333334,12
The Last Resort,Dust2,0.5,2,0.5833333333333334,12,0.6666666666666666,9
The Last Resort,Inferno,0.5,4,0.5833333333333334,24,0.375,24
The Last Resort,Nuke,0.5,6,0.5277777777777778,36,0.52,25
The Last Resort,Train,1.0,4,0.875,8,0.7916666666666666,24
The MongolZ,Ancient,0.5306122448979592,98,0.5754527162977867,497,0.5226860254083484,551
The MongolZ,Anubis,0.5555555555555556,54,0.4959016393442623,244,0.5544217687074829,294
The MongolZ,Dust2,0.5967741935483871,62,0.5201149425287356,348,0.5048543689320388,309
The MongolZ,Inferno,0.5294117647058824,68,0.5231607629427792,367,0.5616438356164384,365
The MongolZ,Mirage,0.5740740740740741,108,0.5177570093457944,535,0.5435483870967742,620
The MongolZ,Nuke,0.5384615384615384,52,0.603448275862069,290,0.4566929133858268,254
The MongolZ,Overpass,0.6666666666666666,6,0.5,36,0.5714285714285714,28
The MongolZ 2016,Mirage,0.0,2,0.6666666666666666,9,0.16666666666666666,12
The Prodigies,Ancient,1.0,2,0.375,8,0.3333333333333333,12
The Prodigies,Anubis,0.5,2,0.4166666666666667,12,0.6666666666666666,12
The Prodigies,Dust2,0.5,2,0.5833333333333334,12,0.2,10
The Prodigies,Mirage,0.5,4,0.5714285714285714,21,0.375,24
The Prodigies,Nuke,0.5,4,0.3333333333333333,24,0.6,20
The QUBE,Ancient,0.45,40,0.40707964601769914,226,0.4095744680851064,188
The QUBE,Dust2,0.3333333333333333,12,0.42424242424242425,66,0.3617021276595745,47
The QUBE,Inferno,0.5,18,0.39473684210526316,76,0.46534653465346537,101
The QUBE,Mirage,0.2692307692307692,26,0.39622641509433965,106,0.43243243243243246,148
The QUBE,Nuke,0.3333333333333333,12,0.42857142857142855,49,0.26666666666666666,60
The QUBE,Overpass,0.0,2,0.2857142857142857,7,0.3333333333333333,12
The QUBE,Train,1.0,2,0.4444444444444444,9,0.3333333333333333,12
The QUBE,Vertigo,0.5,2,0.08333333333333333,12,0.7777777777777778,9
The Suspect,Ancient,0.5714285714285714,14,0.4788732394366197,71,0.40476190476190477,84
The Suspect,Anubis,0.6,10,0.5,56,0.4576271186440678,59
The Suspect,Dust2,0.3333333333333333,6,0.4166666666666667,36,0.6190476190476191,21
The Suspect,Inferno,0.5,6,0.3611111111111111,36,0.5882352941176471,34
The Suspect,Mirage,0.7,10,0.58,50,0.49122807017543857,57
The Suspect,Vertigo,1.0,2,0.75,12,0.5,8
TheShtrongolZ,Ancient,0.0,2,0.3,10,0.5,12
TheShtrongolZ,Anubis,0.75,4,0.2916666666666667,24,0.3076923076923077,13
TheShtrongolZ,Nuke,0.5,2,0.6666666666666666,12,0.3333333333333333,12
Theboyz,Ancient,0.5,2,0.5,10,0.6666666666666666,12
Theboyz,Anubis,0.5,4,0.46153846153846156,13,0.5416666666666666,24
Theboyz,Dust2,0.5,2,0.5,12,0.125,8
Theboyz,Mirage,0.75,4,0.5652173913043478,23,0.4166666666666667,24
Tobikoerad,Ancient,0.0,2,0.3333333333333333,12,0.2857142857142857,7
Tobikoerad,Anubis,0.0,2,0.5833333333333334,12,0.6666666666666666,9
Tobikoerad,Inferno,1.0,2,0.6666666666666666,12,0.3333333333333333,12
Tobikoerad,Mirage,0.5,4,0.3684210526315789,19,0.4166666666666667,24
ToxicAndCritic,Anubis,0.5,2,0.4166666666666667,12,0.5833333333333334,12
Tricked,Ancient,0.5625,64,0.49101796407185627,334,0.4782608695652174,345
Tricked,Anubis,0.5,2,0.5,6,0.8333333333333334,12
Tricked,Dust2,0.5625,48,0.4603174603174603,252,0.4574898785425101,247
Tricked,Inferno,0.5303030303030303,66,0.44871794871794873,312,0.5518134715025906,386
Tricked,Mirage,0.42857142857142855,56,0.48534201954397393,307,0.4375,288
Tricked,Nuke,0.5,70,0.5833333333333334,312,0.44611528822055135,399
Tricked,Overpass,0.5,8,0.6585365853658537,41,0.23076923076923078,39
Tricked,Train,0.36363636363636365,22,0.4772727272727273,132,0.38636363636363635,88
Troglodytes,Ancient,1.0,2,0.4166666666666667,12,0.6666666666666666,12
Troglodytes,Dust2,1.0,4,0.6956521739130435,23,0.3333333333333333,24
Troglodytes,Mirage,0.75,4,0.42105263157894735,19,0.25,20
Troglodytes,Nuke,0.5,2,0.5,12,0.4166666666666667,12
Tropa do KinGui,Ancient,0.0,4,0.375,24,0.26666666666666666,15
Tropa do KinGui,Anubis,0.8333333333333334,6,0.5333333333333333,30,0.5,36
Tropa do KinGui,Dust2,0.5,18,0.5232558139534884,86,0.40217391304347827,92
Tropa do KinGui,Inferno,0.4166666666666667,12,0.4583333333333333,72,0.5925925925925926,54
Tropa do KinGui,Mirage,0.625,8,0.4222222222222222,45,0.46153846153846156,39
Tropa do KinGui,Nuke,0.3333333333333333,18,0.4845360824742268,97,0.32608695652173914,92
Tropa do KinGui,Overpass,0.5,4,0.5789473684210527,19,0.2916666666666667,24
Tropa do KinGui,Train,0.5,8,0.6111111111111112,36,0.5,46
Tropa do Taco,Ancient,0.625,16,0.5432098765432098,81,0.5915492957746479,71
Tropa do Taco,Anubis,0.5,2,0.18181818181818182,11,0.6666666666666666,12
Tropa do Taco,Dust2,0.36363636363636365,22,0.5092592592592593,108,0.6065573770491803,122
Tropa do Taco,Inferno,0.6,10,0.5909090909090909,44,0.5925925925925926,54
Tropa do Taco,Mirage,0.5714285714285714,14,0.5949367088607594,79,0.5862068965517241,58
Tropa do Taco,Nuke,0.5,2,0.5833333333333334,12,0.4166666666666667,12
Tropa do Taco,Vertigo,0.5,2,0.6666666666666666,12,0.4166666666666667,12
Tropa do VSM,Ancient,0.375,8,0.4166666666666667,48,0.46153846153846156,39
Tropa do VSM,Anubis,0.0,2,0.5555555555555556,9,0.6666666666666666,12
Tropa do VSM,Dust2,0.5,2,0.5833333333333334,12,0.4166666666666667,12
Tropa do VSM,Mirage,0.625,8,0.45454545454545453,33,0.75,48
Truck Drivers,Ancient,0.625,8,0.5277777777777778,36,0.75,36
Truck Drivers,Anubis,0.6666666666666666,6,0.5,36,0.4722222222222222,36
Truck Drivers,Inferno,0.16666666666666666,6,0.5555555555555556,36,0.3,30
True Rippers,Ancient,0.5,10,0.48936170212765956,47,0.48333333333333334,60
True Rippers,Anubis,0.5833333333333334,12,0.3870967741935484,62,0.6212121212121212,66
True Rippers,Inferno,0.3,10,0.4074074074074074,54,0.603448275862069,58
True Rippers,Mirage,0.75,4,0.7333333333333333,15,0.5416666666666666,24
True Rippers,Nuke,1.0,2,0.8333333333333334,6,0.6666666666666666,12
True Thunder,Ancient,0.5,2,0.25,12,0.42857142857142855,7
True Thunder,Nuke,0.5,2,0.1111111111111111,9,0.5833333333333334,12
Tsunami,Ancient,0.38461538461538464,26,0.45454545454545453,132,0.4642857142857143,140
Tsunami,Anubis,0.375,24,0.45689655172413796,116,0.5409836065573771,122
Tsunami,Dust2,0.4375,16,0.5444444444444444,90,0.4588235294117647,85
Tsunami,Inferno,0.4,10,0.4666666666666667,45,0.4727272727272727,55
Tsunami,Mirage,0.6,20,0.5740740740740741,108,0.43243243243243246,74
Tsunami,Nuke,0.2857142857142857,14,0.44594594594594594,74,0.4032258064516129,62
Tsunami,Train,0.0,2,0.3333333333333333,12,0.5,10
Tunisia,Anubis,0.5,2,0.5,12,1.0,7
Tunisia,Inferno,0.3333333333333333,6,0.4074074074074074,27,0.6551724137931034,29
Tunisia,Mirage,0.0,4,0.18181818181818182,11,0.2916666666666667,24
Tunisia,Nuke,0.0,2,0.0,5,0.3333333333333333,12
Turkey,Dust2,0.5,4,0.4583333333333333,24,0.42857142857142855,21
Turkey,Inferno,1.0,4,0.5333333333333333,15,0.5833333333333334,24
Turkey,Vertigo,0.0,2,0.2,10,0.5833333333333334,12
UNDYING,Ancient,0.5,2,0.4166666666666667,12,0.4,10
UNDYING,Anubis,0.5,2,0.25,12,0.2,5
UNO MILLE,Ancient,0.5909090909090909,22,0.46551724137931033,116,0.41346153846153844,104
UNO MILLE,Anubis,0.6153846153846154,26,0.41843971631205673,141,0.5972222222222222,144
UNO MILLE,Dust2,0.5294117647058824,34,0.5290697674418605,172,0.44329896907216493,194
UNO MILLE,Inferno,0.75,4,0.65,20,0.35,20
UNO MILLE,Mirage,0.4642857142857143,28,0.5492957746478874,142,0.42758620689655175,145
UNO MILLE,Nuke,0.6111111111111112,18,0.49038461538461536,104,0.4675324675324675,77
UNO MILLE,Train,0.3,10,0.5636363636363636,55,0.5283018867924528,53
UNPAID,Ancient,0.375,8,0.4583333333333333,48,0.5714285714285714,35
UNPAID,Anubis,0.375,8,0.3953488372093023,43,0.5853658536585366,41
UNPAID,Mirage,0.5,6,0.6333333333333333,30,0.5277777777777778,36
UNPAID,Vertigo,0.0,2,0.3333333333333333,12,0.0,5
UNiTY,Ancient,0.5172413793103449,116,0.5133214920071048,563,0.4464579901153213,607
UNiTY,Anubis,0.43548387096774194,62,0.4183381088825215,349,0.5398773006134969,326
UNiTY,Dust2,0.3611111111111111,36,0.3247422680412371,194,0.38961038961038963,154
UNiTY,Inferno,0.5238095238095238,42,0.4956896551724138,232,0.43523316062176165,193
UNiTY,Mirage,0.49,100,0.518095238095238,525,0.44652908067542213,533
UNiTY,Nuke,0.46,50,0.43010752688172044,279,0.415929203539823,226
UNiTY,Overpass,0.5,10,0.5882352941176471,51,0.34615384615384615,52
UNiTY,Train,0.5,36,0.48520710059171596,169,0.5081967213114754,183
UNiTY,Vertigo,0.4,10,0.5166666666666667,60,0.21212121212121213,33
UR,Ancient,0.42857142857142855,28,0.49612403100775193,129,0.5460992907801419,141
UR,Anubis,0.4444444444444444,18,0.4050632911392405,79,0.5816326530612245,98
UR,Dust2,0.5,16,0.5915492957746479,71,0.5263157894736842,76
UR,Inferno,0.5384615384615384,26,0.5230769230769231,130,0.4580152671755725,131
UR,Mirage,0.5588235294117647,34,0.5371428571428571,175,0.5508982035928144,167
UR,Nuke,0.5,2,0.25,12,0.5,8
UR,Overpass,0.5,2,0.4,10,0.4166666666666667,12
UR,Train,1.0,2,0.5,12,0.2222222222222222,9
USA,Dust2,0.5,2,0.42857142857142855,7,0.25,12
USA,Inferno,0.5,4,0.25,24,0.5625,16
USA,Mirage,0.5,2,0.1,10,0.6666666666666666,12
USA,Nuke,0.75,4,0.4,20,0.4166666666666667,24
USA fe,Ancient,0.5,2,0.75,12,1.0,4
USA fe,Anubis,0.5833333333333334,12,0.5694444444444444,72,0.6170212765957447,47
USA fe,Dust2,0.5,6,0.4444444444444444,36,0.3870967741935484,31
USA fe,Inferno,1.0,4,0.5416666666666666,24,0.6666666666666666,9
USA fe,Vertigo,1.0,2,0.5833333333333334,12,0.75,8
UUST,Dust2,0.5,2,0.3333333333333333,3,0.08333333333333333,12
UUST,Mirage,0.5,2,0.25,12,0.2,5
UUST,Nuke,1.0,2,1.0,2,0.9166666666666666,12
UnderDogs,Ancient,0.5,10,0.42857142857142855,49,0.49122807017543857,57
UnderDogs,Dust2,0.25,8,0.3541666666666667,48,0.44,25
UnderDogs,Inferno,0.4375,16,0.32142857142857145,84,0.5232558139534884,86
UnderDogs,Mirage,0.5,6,0.6666666666666666,36,0.4230769230769231,26
UnderDogs,Nuke,0.5833333333333334,12,0.5,56,0.4461538461538462,65
UnderDogs,Overpass,0.0,2,0.25,12,0.0,4
Underground,Ancient,0.5454545454545454,22,0.4594594594594595,111,0.456,125
Underground,Anubis,0.35714285714285715,14,0.28378378378378377,74,0.5256410256410257,78
Underground,Dust2,0.6,10,0.3333333333333333,51,0.45098039215686275,51
Underground,Inferno,0.3333333333333333,6,0.35294117647058826,17,0.4722222222222222,36
Underground,Mirage,0.125,8,0.4583333333333333,48,0.43243243243243246,37
Underground,Nuke,0.5384615384615384,26,0.4152542372881356,118,0.4460431654676259,139
Underground,Overpass,0.5,2,0.5,12,1.0,7
Undone,Ancient,0.6666666666666666,12,0.6557377049180327,61,0.6226415094339622,53
Undone,Anubis,0.6,10,0.4634146341463415,41,0.3333333333333333,60
Undone,Dust2,1.0,6,0.4166666666666667,36,0.5555555555555556,36
Undone,Inferno,0.7,10,0.5777777777777777,45,0.5666666666666667,60
Undone,Mirage,0.5,8,0.5,44,0.4883720930232558,43
Undone,Nuke,0.6666666666666666,12,0.5967741935483871,62,0.5,66
Unjustified,Anubis,0.5,2,0.25,12,0.6363636363636364,11
Unjustified,Mirage,0.5,2,0.25,12,0.3333333333333333,6
Unjustified,Vertigo,1.0,2,0.5,12,0.5,12
Unjustified fe,Ancient,0.0,6,0.2,20,0.23333333333333334,30
Unjustified fe,Anubis,0.5,6,0.3076923076923077,26,0.6538461538461539,26
Unjustified fe,Dust2,0.0,4,0.08333333333333333,24,0.3333333333333333,6
Unjustified fe,Inferno,0.0,4,0.3157894736842105,19,0.625,16
Unjustified fe,Mirage,0.0,6,0.13043478260869565,23,0.2692307692307692,26
Unlucky Much?,Ancient,0.5,2,0.14285714285714285,7,0.4166666666666667,12
Unlucky Much?,Anubis,1.0,2,0.3333333333333333,12,0.6666666666666666,12
Unlucky Much?,Inferno,0.0,2,0.6666666666666666,12,0.4166666666666667,12
Unlucky Much?,Mirage,0.5,2,0.25,12,0.5,8
Ursa,Dust2,0.2,10,0.5,40,0.6428571428571429,56
Ursa,Inferno,0.5,2,0.3333333333333333,12,0.4444444444444444,9
Ursa,Mirage,0.6666666666666666,6,0.5555555555555556,36,0.36363636363636365,22
Ursa,Nuke,0.375,8,0.4583333333333333,48,0.5128205128205128,39
Ursa,Overpass,1.0,2,0.8333333333333334,6,0.6666666666666666,12
Ursa,Train,0.25,4,0.4583333333333333,24,0.4090909090909091,22
VELOX,Ancient,0.4,10,0.5689655172413793,58,0.46153846153846156,52
VELOX,Anubis,0.6,10,0.5666666666666667,60,0.38461538461538464,39
VELOX,Dust2,0.5,4,0.16666666666666666,24,0.25,8
VELOX,Inferno,0.75,8,0.3333333333333333,42,0.45454545454545453,44
VELOX,Nuke,0.5833333333333334,12,0.4626865671641791,67,0.5862068965517241,58
VELOX,Train,0.3333333333333333,6,0.56,25,0.2777777777777778,36
VEXA,Dust2,0.25,4,0.4444444444444444,18,0.3333333333333333,24
VEXA,Inferno,0.25,4,0.3333333333333333,18,0.125,16
VEXA,Mirage,0.5,2,0.08333333333333333,12,0.7142857142857143,7
VEXA,Overpass,0.5,2,0.8333333333333334,12,0.42857142857142855,7
VEXA,Train,0.5,4,0.75,20,0.4166666666666667,24
VFE,Ancient,0.5,4,0.42857142857142855,21,0.5,24
VFE,Anubis,0.0,2,0.45454545454545453,11,0.6666666666666666,12
VFE,Dust2,0.5,2,0.7777777777777778,9,0.5,12
VFE,Inferno,0.0,2,0.1,10,0.6666666666666666,12
VFE,Vertigo,0.25,4,0.23076923076923078,13,0.3333333333333333,24
VIX3N,Dust2,0.5,2,0.5833333333333334,12,0.1111111111111111,9
VIX3N,Mirage,0.5,2,0.0,8,0.5833333333333334,12
VIZORA,Dust2,0.5,2,0.3333333333333333,12,0.5833333333333334,12
VNT,Anubis,0.0,2,0.0,7,0.5,12
VP.Prodigy,Ancient,0.5555555555555556,18,0.42592592592592593,108,0.5432098765432098,81
VP.Prodigy,Dust2,0.5454545454545454,22,0.5729166666666666,96,0.45161290322580644,124
VP.Prodigy,Mirage,0.3333333333333333,12,0.4305555555555556,72,0.3673469387755102,49
VP.Prodigy,Nuke,0.625,16,0.632183908045977,87,0.4479166666666667,96
VP.Prodigy,Overpass,0.5,2,0.7142857142857143,7,0.6666666666666666,12
VP.Prodigy,Train,0.5714285714285714,14,0.4722222222222222,72,0.4444444444444444,81
VRSoholics,Dust2,1.0,2,0.5833333333333334,12,0.5454545454545454,11
VRSoholics,Inferno,0.5,2,0.25,8,0.4166666666666667,12
VRSoholics,Mirage,0.0,2,0.75,12,0.25,12
VRSoholics,Overpass,0.0,2,0.4166666666666667,12,0.5,12
VRSoholics,Train,1.0,2,0.6666666666666666,12,0.5,10
Vagrants,Ancient,0.5526315789473685,38,0.5454545454545454,198,0.4827586206896552,203
Vagrants,Anubis,0.5277777777777778,36,0.5023696682464455,211,0.5192307692307693,156
Vagrants,Dust2,0.5,30,0.5526315789473685,152,0.43478260869565216,161
Vagrants,Inferno,0.4090909090909091,22,0.4583333333333333,120,0.6060606060606061,99
Vagrants,Mirage,0.4,10,0.45098039215686275,51,0.27450980392156865,51
Vagrants,Nuke,0.5,10,0.4888888888888889,45,0.43137254901960786,51
Vagrants,Train,0.5,12,0.45454545454545453,66,0.5,52
Vamos fe,Ancient,0.25,4,0.391304347826087,23,0.5909090909090909,22
Vamos fe,Anubis,0.75,4,0.375,16,0.15789473684210525,19
Vamos fe,Dust2,1.0,2,0.75,4,0.8333333333333334,12
Vanir,Ancient,0.5,2,0.5555555555555556,9,0.25,12
Vanir,Anubis,0.5,4,0.20833333333333334,24,0.631578947368421,19
Vanir,Inferno,0.0,4,0.5,24,0.4444444444444444,9
Vantage,Ancient,0.5833333333333334,12,0.39436619718309857,71,0.45901639344262296,61
Vantage,Anubis,0.7,10,0.375,56,0.5434782608695652,46
Vantage,Dust2,0.5,32,0.51875,160,0.5138121546961326,181
Vantage,Inferno,0.3333333333333333,18,0.42,100,0.46236559139784944,93
Vantage,Mirage,0.5,14,0.39655172413793105,58,0.40963855421686746,83
Vantage,Nuke,0.625,32,0.5325443786982249,169,0.4810126582278481,158
Vantage,Overpass,0.5,2,0.9166666666666666,12,0.08333333333333333,12
Vantage,Vertigo,0.5,2,0.3333333333333333,12,0.6666666666666666,12
Vasco,Ancient,0.3333333333333333,6,0.25,36,0.4,20
Vasco,Dust2,0.7142857142857143,14,0.5921052631578947,76,0.41975308641975306,81
Vasco,Inferno,0.75,8,0.6666666666666666,36,0.5128205128205128,39
Vasco,Mirage,0.75,12,0.5079365079365079,63,0.3442622950819672,61
Vasco,Nuke,0.25,4,0.4117647058823529,17,0.375,24
Vasco,Overpass,0.5,6,0.48,25,0.3333333333333333,36
Venom,Ancient,0.4090909090909091,22,0.5412844036697247,109,0.42727272727272725,110
Venom,Anubis,0.5,4,0.4166666666666667,24,0.5833333333333334,12
Venom,Dust2,0.45,20,0.4117647058823529,102,0.4732142857142857,112
Venom,Inferno,0.5,6,0.5357142857142857,28,0.7241379310344828,29
Venom,Mirage,0.375,8,0.4375,48,0.5,42
Venom,Nuke,0.5555555555555556,18,0.5227272727272727,88,0.5,98
Venom,Overpass,0.4,10,0.5,60,0.38095238095238093,42
Venom,Train,0.5,12,0.6491228070175439,57,0.4305555555555556,72
Verdant,Ancient,0.425,40,0.5114155251141552,219,0.410958904109589,219
Verdant,Anubis,0.4642857142857143,28,0.46153846153846156,143,0.5472972972972973,148
Verdant,Dust2,0.5,8,0.4583333333333333,48,0.6129032258064516,31
Verdant,Inferno,0.375,16,0.3626373626373626,91,0.4666666666666667,75
Verdant,Mirage,0.5,2,0.4166666666666667,12,0.4,10
Verdant,Nuke,0.475,40,0.5797872340425532,188,0.48,225
Verdant,Vertigo,0.46153846153846156,26,0.5855263157894737,152,0.4962962962962963,135
Victores Sumus,Ancient,0.4230769230769231,26,0.5208333333333334,144,0.46099290780141844,141
Victores Sumus,Anubis,0.2916666666666667,24,0.36363636363636365,99,0.43356643356643354,143
Victores Sumus,Dust2,0.5,22,0.3170731707317073,123,0.5344827586206896,116
Victores Sumus,Inferno,0.4444444444444444,18,0.3448275862068966,87,0.48314606741573035,89
Victores Sumus,Nuke,0.625,16,0.5189873417721519,79,0.4891304347826087,92
Victores Sumus,Overpass,0.5,2,0.3333333333333333,9,0.4166666666666667,12
Victores Sumus,Train,0.3,10,0.4666666666666667,45,0.23404255319148937,47
Vikings KR,Anubis,0.8333333333333334,6,0.6206896551724138,29,0.7,30
Vikings KR,Dust2,0.5,8,0.4411764705882353,34,0.4782608695652174,46
Vikings KR,Inferno,0.5,6,0.5,36,0.7407407407407407,27
Vikings KR,Mirage,0.25,4,0.6666666666666666,6,0.4166666666666667,24
Vikings KR,Nuke,0.75,4,0.4583333333333333,24,0.4666666666666667,15
Viperio,Ancient,0.5277777777777778,36,0.5512820512820513,156,0.5706806282722513,191
Viperio,Anubis,0.4642857142857143,28,0.4551282051282051,156,0.5,158
Viperio,Dust2,0.5454545454545454,22,0.3577981651376147,109,0.46153846153846156,117
Viperio,Inferno,0.5666666666666667,30,0.45625,160,0.47096774193548385,155
Viperio,Mirage,0.45,20,0.39473684210526316,114,0.3181818181818182,88
Viperio,Nuke,0.2916666666666667,24,0.4,115,0.373015873015873,126
Viperio,Train,0.5,12,0.5862068965517241,58,0.5909090909090909,66
Viperio,Vertigo,0.3888888888888889,18,0.5797101449275363,69,0.2755102040816326,98
Virtual Cottage,Ancient,0.6666666666666666,6,0.5,36,0.5806451612903226,31
Virtual Cottage,Anubis,1.0,2,0.5,12,0.7777777777777778,9
Virtual Cottage,Dust2,0.3333333333333333,6,0.27586206896551724,29,0.47058823529411764,34
Virtual Cottage,Inferno,0.5,2,0.5,12,0.6363636363636364,11
Virtual Cottage,Mirage,0.0,2,0.25,12,0.0,4
Virtual Cottage,Nuke,1.0,2,0.5833333333333334,12,0.1111111111111111,9
Virtual Cottage,Train,0.5,2,0.5,12,0.3,10
Virtuoso Squad,Ancient,1.0,2,0.8333333333333334,6,0.6666666666666666,12
Virtuoso Squad,Dust2,0.5,2,0.16666666666666666,12,0.75,12
Virtuoso Squad,Nuke,1.0,2,0.75,12,0.8,5
Virtus.pro,Ancient,0.5,76,0.47575057736720555,433,0.44556962025316454,395
Virtus.pro,Anubis,0.46153846153846156,26,0.45588235294117646,136,0.5354330708661418,127
Virtus.pro,Dust2,0.4594594594594595,74,0.46112600536193027,373,0.5380952380952381,420
Virtus.pro,Inferno,0.36666666666666664,60,0.5151515151515151,330,0.4963768115942029,276
Virtus.pro,Mirage,0.4857142857142857,70,0.4716417910447761,335,0.4529262086513995,393
Virtus.pro,Overpass,0.5625,16,0.6891891891891891,74,0.3595505617977528,89
Virtus.pro,Train,0.36666666666666664,30,0.6011904761904762,168,0.3202614379084967,153
Virtus.pro,Vertigo,0.5,14,0.55,80,0.4520547945205479,73
VitaPLUR,Anubis,0.25,4,0.5,24,0.5416666666666666,24
VitaPLUR,Dust2,0.5,2,0.7272727272727273,11,0.16666666666666666,12
VitaPLUR,Inferno,0.5,2,0.4166666666666667,12,0.4,10
VitaPLUR,Nuke,0.0,2,0.25,12,0.0,4
VitaPLUR,Train,0.6666666666666666,6,0.5769230769230769,26,0.6111111111111112,36
Vitality,Anubis,0.6428571428571429,28,0.4338235294117647,136,0.6037735849056604,159
Vitality,Dust2,0.532258064516129,62,0.5898305084745763,295,0.5994152046783626,342
Vitality,Inferno,0.6052631578947368,76,0.5910290237467019,379,0.6015625,384
Vitality,Mirage,0.4852941176470588,68,0.6025,400,0.4380664652567976,331
Vitality,Nuke,0.5833333333333334,60,0.6488294314381271,299,0.4840764331210191,314
Vitality,Overpass,0.625,8,0.5121951219512195,41,0.46153846153846156,39
Vitality,Train,0.5666666666666667,30,0.643312101910828,157,0.47058823529411764,153
Vitality,Vertigo,0.5,2,0.3333333333333333,12,1.0,9
Volt,Ancient,0.5909090909090909,44,0.47767857142857145,224,0.518348623853211,218
Volt,Anubis,0.3888888888888889,18,0.3925233644859813,107,0.4868421052631579,76
Volt,Dust2,0.75,4,0.2916666666666667,24,0.47058823529411764,17
Volt,Inferno,0.32142857142857145,28,0.5576923076923077,156,0.4503311258278146,151
Volt,Mirage,0.4166666666666667,36,0.5238095238095238,189,0.3651685393258427,178
Volt,Nuke,0.5,4,0.5,24,0.5294117647058824,17
Volt,Overpass,0.75,4,0.5217391304347826,23,0.6470588235294118,17
Volt,Train,0.34615384615384615,26,0.4935064935064935,154,0.3813559322033898,118
W7M,Ancient,0.16666666666666666,6,0.35714285714285715,28,0.5294117647058824,34
W7M,Anubis,0.625,8,0.42424242424242425,33,0.3333333333333333,48
W7M,Dust2,0.5,16,0.4305555555555556,72,0.55,80
W7M,Inferno,0.5,6,0.4444444444444444,27,0.5,34
W7M,Mirage,0.5,2,0.5,12,0.3,10
W7M,Nuke,0.14285714285714285,14,0.4153846153846154,65,0.4788732394366197,71
W7M,Train,0.6666666666666666,12,0.5967741935483871,62,0.5357142857142857,56
WATERMELON,Ancient,0.0,4,0.47368421052631576,19,0.47619047619047616,21
WATERMELON,Dust2,0.0,2,0.3333333333333333,12,0.5,10
WDNMD,Dust2,0.5,4,0.5714285714285714,21,0.42857142857142855,21
WDNMD,Inferno,0.5,2,0.4166666666666667,12,0.5,12
WDNMD,Mirage,0.5,6,0.2916666666666667,24,0.6111111111111112,36
WDNMD,Nuke,0.5,4,0.5625,16,0.5833333333333334,24
WICKED,Anubis,0.0,2,0.4166666666666667,12,0.3333333333333333,9
WICKED,Vertigo,0.5,2,0.25,12,0.6363636363636364,11
WOPA,Ancient,0.49242424242424243,132,0.4855072463768116,690,0.5028901734104047,692
WOPA,Anubis,0.4423076923076923,52,0.43018867924528303,265,0.5151515151515151,297
WOPA,Dust2,0.25,8,0.375,48,0.36363636363636365,33
WOPA,Inferno,0.4482758620689655,58,0.4745222929936306,314,0.5033112582781457,302
WOPA,Mirage,0.4875,80,0.5460992907801419,423,0.4733009708737864,412
WOPA,Nuke,0.46153846153846156,104,0.4887640449438202,534,0.4712041884816754,573
WOPA,Overpass,0.4444444444444444,18,0.5490196078431373,102,0.3132530120481928,83
WOPA,Train,0.4318181818181818,44,0.5471698113207547,212,0.4403292181069959,243
WOPA,Vertigo,0.75,12,0.546875,64,0.4925373134328358,67
WW,Ancient,0.5,22,0.37168141592920356,113,0.5533980582524272,103
WW,Anubis,0.36363636363636365,22,0.3655913978494624,93,0.5042016806722689,119
WW,Dust2,0.42857142857142855,14,0.4782608695652174,69,0.5833333333333334,84
WW,Inferno,0.6666666666666666,6,0.32142857142857145,28,0.4838709677419355,31
WW,Mirage,0.5625,16,0.4430379746835443,79,0.5227272727272727,88
WW,Nuke,0.5,6,0.6451612903225806,31,0.22580645161290322,31
WahWah,Anubis,0.0,2,0.0,7,0.5,12
WahWah,Dust2,0.5,4,0.1875,16,0.4583333333333333,24
WahWah,Inferno,0.5,2,0.5,12,0.6363636363636364,11
WahWah,Nuke,0.75,4,0.782608695652174,23,0.2916666666666667,24
Wanted Goons,Ancient,0.375,8,0.5,48,0.15151515151515152,33
Wanted Goons,Anubis,0.3,10,0.30612244897959184,49,0.5510204081632653,49
Wanted Goons,Dust2,0.4444444444444444,18,0.47126436781609193,87,0.5053763440860215,93
Wanted Goons,Inferno,0.5,8,0.2708333333333333,48,0.6129032258064516,31
Wanted Goons,Mirage,0.5,24,0.5597014925373134,134,0.46825396825396826,126
Wanted Goons,Nuke,0.5454545454545454,22,0.5039370078740157,127,0.4811320754716981,106
Wanted Goons,Overpass,0.5,6,0.53125,32,0.4722222222222222,36
Wanted Goons,Train,0.2,10,0.5333333333333333,60,0.45652173913043476,46
Wanted Goons,Vertigo,0.0,2,0.6666666666666666,12,0.4166666666666667,12
Wave,Ancient,0.375,8,0.4666666666666667,45,0.3,40
Wave,Anubis,0.5,2,0.5,10,0.6666666666666666,12
Wave,Dust2,0.5,10,0.5714285714285714,42,0.5084745762711864,59
Wave,Inferno,1.0,2,0.8333333333333334,6,0.6666666666666666,12
Wave,Train,0.5,2,0.4166666666666667,12,0.4,10
WeLoveUSmooya,Ancient,0.5,2,0.16666666666666666,12,0.0,3
WeLoveUSmooya,Dust2,0.5,2,0.4166666666666667,12,0.6666666666666666,12
WeLoveUSmooya,Mirage,0.5,2,0.125,8,0.5,12
What’s for dinner,Ancient,1.0,2,0.3333333333333333,12,0.5454545454545454,11
What’s for dinner,Anubis,0.5,4,0.30434782608695654,23,0.47368421052631576,19
What’s for dinner,Dust2,0.5,2,0.4,5,0.16666666666666666,12
WiLD,Ancient,0.5,4,0.5,18,0.625,24
WiLD,Anubis,0.5,4,0.375,24,0.6666666666666666,24
WiLD,Dust2,0.5,2,0.4,10,0.4166666666666667,12
WiLD,Mirage,0.5,2,0.16666666666666666,12,0.4,5
WildLotus,Ancient,0.5833333333333334,36,0.4900990099009901,202,0.43010752688172044,186
WildLotus,Anubis,0.6764705882352942,34,0.42857142857142855,203,0.558282208588957,163
WildLotus,Dust2,0.5,26,0.4015151515151515,132,0.5179856115107914,139
WildLotus,Inferno,0.5384615384615384,26,0.6115702479338843,121,0.5416666666666666,144
WildLotus,Mirage,0.42857142857142855,14,0.4864864864864865,74,0.5277777777777778,72
WildLotus,Nuke,0.55,20,0.5263157894736842,114,0.46788990825688076,109
WildLotus,Overpass,0.5,2,0.6666666666666666,12,0.7142857142857143,7
WildLotus,Train,0.6875,16,0.5232558139534884,86,0.5434782608695652,92
Wildcard,Ancient,0.453125,64,0.514367816091954,348,0.45741324921135645,317
Wildcard,Anubis,0.5416666666666666,24,0.5221238938053098,113,0.512396694214876,121
Wildcard,Dust2,0.48148148148148145,54,0.48771929824561405,285,0.5261194029850746,268
Wildcard,Inferno,0.5294117647058824,68,0.4983388704318937,301,0.6059782608695652,368
Wildcard,Mirage,0.25,8,0.5208333333333334,48,0.38095238095238093,42
Wildcard,Nuke,0.603448275862069,58,0.6216216216216216,296,0.45483870967741935,310
Wildcard,Overpass,0.5714285714285714,28,0.5671641791044776,134,0.5170068027210885,147
Wildcard,Train,0.3333333333333333,18,0.6129032258064516,93,0.4827586206896552,87
Wildcard,Vertigo,0.65,20,0.65,100,0.5849056603773585,106
Wildcard Academy,Ancient,0.55,40,0.5050505050505051,198,0.5446428571428571,224
Wildcard Academy,Anubis,0.5,18,0.4772727272727273,88,0.59375,96
Wildcard Academy,Dust2,0.5833333333333334,24,0.427536231884058,138,0.6160714285714286,112
Wildcard Academy,Inferno,0.4090909090909091,22,0.47107438016528924,121,0.4,120
Wildcard Academy,Mirage,0.5,36,0.5,188,0.3954802259887006,177
Wildcard Academy,Nuke,0.5,26,0.5673758865248227,141,0.43661971830985913,142
Wildcard Academy,Overpass,0.0,2,0.25,12,0.0,4
Wings Up,Ancient,0.5,4,0.25,24,0.5789473684210527,19
Wings Up,Dust2,0.5,6,0.5555555555555556,27,0.7666666666666667,30
Wings Up,Inferno,0.25,4,0.4166666666666667,24,0.5625,16
Wings Up,Mirage,1.0,2,0.5,12,0.36363636363636365,11
Wings Up,Nuke,0.0,2,0.4166666666666667,12,0.25,8
Woe From Wit,Anubis,0.5,2,0.25,12,0.6666666666666666,12
Worms,Ancient,0.5,6,0.23333333333333334,30,0.38461538461538464,26
Worms,Anubis,0.16666666666666666,6,0.23076923076923078,26,0.40625,32
Worms,Dust2,0.0,2,0.0,4,0.25,12
Worms,Inferno,0.0,2,0.2,5,0.25,12
Worms,Mirage,0.3333333333333333,6,0.21428571428571427,14,0.2222222222222222,36
Worms,Nuke,0.5,2,0.4166666666666667,12,0.45454545454545453,11
Wu-Tang,Ancient,0.25,4,0.4583333333333333,24,0.5909090909090909,22
Wu-Tang,Anubis,0.25,8,0.5,48,0.3902439024390244,41
Wu-Tang,Inferno,0.625,8,0.4,45,0.5416666666666666,48
Wu-Tang,Mirage,0.3333333333333333,6,0.3333333333333333,36,0.48148148148148145,27
X7,Dust2,1.0,2,0.25,12,0.42857142857142855,7
X7,Mirage,0.0,4,0.5789473684210527,19,0.18181818181818182,22
X7,Nuke,0.0,2,0.0,4,0.25,12
XDM,Anubis,0.5,2,0.625,8,0.6666666666666666,12
XDM,Dust2,0.5,2,0.08333333333333333,12,0.6,5
XDM,Inferno,0.5,2,0.4166666666666667,12,0.4,10
XDM,Mirage,0.25,4,0.25,12,0.2916666666666667,24
XI,Ancient,0.4166666666666667,24,0.5648854961832062,131,0.4230769230769231,130
XI,Anubis,0.35714285714285715,14,0.36486486486486486,74,0.4126984126984127,63
XI,Dust2,0.5,2,0.4,5,0.16666666666666666,12
XI,Inferno,0.25,12,0.38461538461538464,65,0.5370370370370371,54
XI,Mirage,0.3333333333333333,6,0.42857142857142855,35,0.4375,32
XI,Nuke,0.39285714285714285,28,0.4563758389261745,149,0.425531914893617,141
XI,Overpass,1.0,2,0.3333333333333333,12,0.375,8
XI,Train,0.5,6,0.3870967741935484,31,0.625,32
XNL,Anubis,0.25,4,0.75,24,0.3181818181818182,22
XNL,Dust2,0.25,4,0.25,24,0.6842105263157895,19
XNL,Mirage,0.5,4,0.30434782608695654,23,0.5833333333333334,24
XNL,Nuke,0.5,4,0.38095238095238093,21,0.6,20
XNL,Vertigo,0.5,2,0.08333333333333333,12,0.6,5
XO,Ancient,0.5,2,0.5833333333333334,12,0.1111111111111111,9
XO,Anubis,0.5,6,0.5,32,0.5862068965517241,29
XO,Dust2,0.4,10,0.5869565217391305,46,0.6363636363636364,44
XO,Inferno,0.8333333333333334,6,0.6571428571428571,35,0.5925925925925926,27
XO,Nuke,1.0,2,0.6666666666666666,12,0.3333333333333333,12
XP Academy,Anubis,0.5,2,0.3333333333333333,12,0.375,8
XP Academy,Inferno,0.5,2,0.0,6,0.4166666666666667,12
XP Academy,Mirage,1.0,2,0.5,10,0.3333333333333333,12
XP Academy,Train,0.0,2,0.5833333333333334,12,0.4166666666666667,12
XPERION NXT,Ancient,0.5,6,0.3,10,0.3888888888888889,36
XPERION NXT,Anubis,0.3333333333333333,6,0.18181818181818182,22,0.5172413793103449,29
XPERION NXT,Mirage,0.0,2,0.16666666666666666,12,0.0,3
XPERION NXT,Nuke,0.5,2,0.875,8,0.5,12
XPERION NXT,Train,0.5,2,0.5833333333333334,12,0.2,10
Xtreme5,Dust2,0.5,2,0.16666666666666666,12,0.7,10
Xtreme5,Inferno,0.0,2,0.16666666666666666,12,0.0,3
Y5,Ancient,0.3888888888888889,18,0.4936708860759494,79,0.4807692307692308,104
Y5,Dust2,0.375,16,0.5268817204301075,93,0.46987951807228917,83
Y5,Mirage,0.4375,16,0.5058823529411764,85,0.38666666666666666,75
Y5,Nuke,0.5,2,0.4166666666666667,12,0.8888888888888888,9
Y5,Overpass,0.5,4,0.4166666666666667,24,0.55,20
Y5,Train,1.0,2,0.5833333333333334,12,0.8571428571428571,7
Yaarmag House,Dust2,0.0,2,0.08333333333333333,12,0.0,2
Yaarmag House,Mirage,0.0,2,0.0,5,0.3333333333333333,12
Yawara,Ancient,0.525,40,0.5644444444444444,225,0.44919786096256686,187
Yawara,Anubis,0.3125,16,0.32142857142857145,84,0.5952380952380952,84
Yawara,Dust2,0.45652173913043476,46,0.4674329501915709,261,0.44871794871794873,234
Yawara,Inferno,0.3181818181818182,22,0.3893805309734513,113,0.5254237288135594,118
Yawara,Mirage,0.40625,32,0.46368715083798884,179,0.40298507462686567,134
Yawara,Nuke,0.4166666666666667,24,0.48951048951048953,143,0.3137254901960784,102
Yawara,Overpass,0.5833333333333334,12,0.6666666666666666,60,0.4426229508196721,61
Yawara,Train,0.5625,16,0.527027027027027,74,0.3764705882352941,85
Young Ninjas,Ancient,0.5,50,0.48717948717948717,273,0.46511627906976744,258
Young Ninjas,Anubis,0.5,24,0.4108527131782946,129,0.631578947368421,133
Young Ninjas,Dust2,0.6176470588235294,34,0.5,160,0.6055555555555555,180
Young Ninjas,Inferno,0.0,2,0.25,12,0.5,8
Young Ninjas,Mirage,0.4444444444444444,36,0.510752688172043,186,0.5,202
Young Ninjas,Nuke,0.375,24,0.4513888888888889,144,0.375,112
Young Ninjas,Train,0.5,12,0.5737704918032787,61,0.42105263157894735,57
Young Ninjas,Vertigo,0.6111111111111112,18,0.6103896103896104,77,0.52,100
YoungTalents,Dust2,0.0,2,0.0,3,0.16666666666666666,12
YoungTalents,Nuke,0.5,2,0.16666666666666666,12,0.0,3
ZEROvariant,Ancient,0.5,2,0.6,5,0.08333333333333333,12
ZEROvariant,Anubis,0.5,2,0.08333333333333333,12,0.5,4
ZEROvariant,Dust2,0.0,4,0.4166666666666667,24,0.07692307692307693,13
Zennox,Inferno,0.6666666666666666,6,0.4166666666666667,24,0.5,36
Zennox,Mirage,0.3333333333333333,6,0.40625,32,0.4857142857142857,35
Zennox,Nuke,1.0,2,0.16666666666666666,12,0.4,5
Zennox,Train,0.5,2,0.6666666666666666,12,0.4166666666666667,12
Zerance,Ancient,0.25,8,0.391304347826087,46,0.38461538461538464,39
Zerance,Anubis,0.7,10,0.4909090909090909,55,0.5166666666666667,60
Zerance,Dust2,0.7,10,0.38596491228070173,57,0.5918367346938775,49
Zerance,Inferno,0.5,10,0.5217391304347826,46,0.6333333333333333,60
Zerance,Mirage,1.0,4,0.5833333333333334,24,0.631578947368421,19
Zero Tenacity,Anubis,0.5483870967741935,124,0.44182825484764543,722,0.5697478991596638,595
Zero Tenacity,Dust2,0.47368421052631576,76,0.48687350835322196,419,0.4820936639118457,363
Zero Tenacity,Inferno,0.47692307692307695,130,0.4652777777777778,720,0.5394321766561514,634
Zero Tenacity,Mirage,0.5,122,0.5206847360912982,701,0.46507666098807493,587
Zero Tenacity,Nuke,0.5597014925373134,134,0.5834609494640123,653,0.4843962008141113,737
Zero Tenacity,Overpass,0.6666666666666666,6,0.5555555555555556,36,0.5625,32
Zero Tenacity,Train,0.5625,48,0.585820895522388,268,0.5063829787234042,235
Zero Tenacity,Vertigo,0.5,22,0.4696969696969697,132,0.44036697247706424,109
Zomblers,Ancient,0.5,10,0.38235294117647056,34,0.5833333333333334,60
Zomblers,Dust2,0.25,8,0.6041666666666666,48,0.48,25
Zomblers,Inferno,0.625,8,0.45161290322580644,31,0.5897435897435898,39
Zomblers,Mirage,0.6428571428571429,14,0.5352112676056338,71,0.5396825396825397,63
Zomblers,Nuke,0.3333333333333333,12,0.4225352112676056,71,0.4318181818181818,44
Zomblers,Overpass,0.5,4,0.34782608695652173,23,0.7142857142857143,21
Zomblers,Train,0.5,4,0.4166666666666667,12,0.375,24
absolute cinema,Inferno,0.0,2,0.4166666666666667,12,0.14285714285714285,7
absolute cinema,Mirage,1.0,2,0.5,10,0.3333333333333333,12
adalYamigos,Ancient,0.5,2,0.8333333333333334,12,0.25,12
adalYamigos,Anubis,0.375,8,0.42857142857142855,42,0.5121951219512195,41
adalYamigos,Dust2,0.21428571428571427,14,0.5,82,0.4647887323943662,71
adalYamigos,Inferno,0.6,10,0.4909090909090909,55,0.5636363636363636,55
adalYamigos,Mirage,0.3333333333333333,18,0.49514563106796117,103,0.4567901234567901,81
adalYamigos,Nuke,0.5625,16,0.5060240963855421,83,0.4594594594594595,74
adalYamigos,Train,0.75,4,0.5263157894736842,19,0.375,24
aimclub,Anubis,0.5,4,0.5,24,0.875,16
aimclub,Dust2,0.375,8,0.5833333333333334,48,0.4666666666666667,30
aimclub,Inferno,0.5,2,0.4166666666666667,12,0.5833333333333334,12
also,Dust2,0.0,4,0.0,6,0.16666666666666666,24
also,Mirage,0.0,2,0.16666666666666666,12,0.0,3
also,Nuke,0.5,2,0.3333333333333333,12,0.375,8
antigrind,Ancient,0.5,2,0.1,10,0.6666666666666666,12
antigrind,Overpass,0.0,2,0.4166666666666667,12,0.0,6
anything else,Ancient,0.6428571428571429,14,0.4915254237288136,59,0.4634146341463415,82
anything else,Anubis,0.5,4,0.3684210526315789,19,0.4166666666666667,24
anything else,Dust2,0.5,8,0.3684210526315789,38,0.5581395348837209,43
anything else,Inferno,0.5,2,0.6666666666666666,12,0.5,10
anything else,Mirage,0.55,20,0.5168539325842697,89,0.5299145299145299,117
anything else,Nuke,0.5,12,0.4444444444444444,63,0.5208333333333334,48
anything else,Overpass,0.5,2,0.25,12,0.5,8
anything else,Train,0.5714285714285714,14,0.7105263157894737,76,0.42105263157894735,57
begrip,Ancient,0.0,2,0.3333333333333333,12,0.16666666666666666,6
begrip,Dust2,0.5,2,0.25,12,0.8333333333333334,12
begrip,Nuke,0.0,2,0.2,5,0.25,12
benched,Ancient,0.6,10,0.5102040816326531,49,0.6170212765957447,47
benched,Anubis,0.35714285714285715,14,0.4457831325301205,83,0.5441176470588235,68
benched,Dust2,0.375,16,0.5294117647058824,85,0.4,80
benched,Mirage,0.5,4,0.625,24,0.5882352941176471,17
benched,Nuke,0.5,8,0.30303030303030304,33,0.5121951219512195,41
benched,Train,0.6666666666666666,6,0.48484848484848486,33,0.4230769230769231,26
bezos bois,Ancient,0.25,4,0.5714285714285714,14,0.20833333333333334,24
bezos bois,Anubis,0.5,2,0.5,12,0.0,7
bezos bois,Mirage,0.0,2,0.4166666666666667,12,0.3333333333333333,9
bezos bois,Nuke,0.0,2,0.16666666666666666,12,0.4,5
bombardino crocodilo,Nuke,0.0,2,0.0,4,0.25,12
confidence,Mirage,0.5,2,0.75,12,0.3333333333333333,12
confidence,Nuke,0.5,2,0.25,12,0.6,10
cspojat,Ancient,0.5,2,0.36363636363636365,11,0.5,12
cspojat,Anubis,0.0,2,0.08333333333333333,12,0.0,2
cspojat,Dust2,0.5,2,0.6666666666666666,12,0.5555555555555556,9
cspojat,Mirage,0.0,2,0.16666666666666666,12,0.8333333333333334,12
cspojat,Nuke,0.5,2,0.5,12,0.0,7
dag love fatties,Ancient,0.5,2,0.6666666666666666,12,0.3333333333333333,12
dag love fatties,Anubis,0.5,2,1.0,7,0.5,12
dag love fatties,Inferno,0.0,2,0.3333333333333333,12,0.0,5
dag love fatties,Mirage,1.0,2,0.6666666666666666,9,0.5833333333333334,12
dag love fatties,Nuke,0.5,2,0.2857142857142857,7,0.3333333333333333,12
devils.one,Ancient,0.3333333333333333,6,0.47058823529411764,34,0.4,25
devils.one,Anubis,0.0,2,0.75,12,0.36363636363636365,11
devils.one,Inferno,0.0,2,0.3333333333333333,12,0.375,8
devils.one,Mirage,0.5,4,0.5833333333333334,24,0.6,20
devils.one,Nuke,0.0,4,0.0,10,0.3333333333333333,24
devils.one,Vertigo,0.5,2,0.4166666666666667,12,0.5833333333333334,12
dotStats,Dust2,0.5,2,0.0,4,0.25,12
dotStats,Inferno,1.0,2,0.5833333333333334,12,0.6,10
dotStats,Train,0.5,2,0.4166666666666667,12,0.5833333333333334,12
dream catchers fe,Ancient,0.6,10,0.58,50,0.41509433962264153,53
dream catchers fe,Anubis,0.3333333333333333,6,0.5517241379310345,29,0.6388888888888888,36
dream catchers fe,Dust2,0.875,8,0.7435897435897436,39,0.5789473684210527,38
dream catchers fe,Inferno,0.8333333333333334,6,0.3888888888888889,36,0.5,30
dream catchers fe,Mirage,0.5,8,0.4594594594594595,37,0.5416666666666666,48
dream catchers fe,Nuke,0.5,2,0.5,12,0.5833333333333334,12
dream[S]cape,Ancient,1.0,2,0.2,10,0.5833333333333334,12
dream[S]cape,Dust2,1.0,2,0.5555555555555556,9,0.6666666666666666,12
dream[S]cape,Inferno,0.5,2,0.4,5,0.16666666666666666,12
dream[S]cape,Mirage,0.5,2,0.36363636363636365,11,0.5,12
drosselfamily,Ancient,0.5,2,0.16666666666666666,12,0.4,5
drosselfamily,Mirage,0.0,2,0.45454545454545453,11,0.4166666666666667,12
elysium,Dust2,0.0,2,0.2857142857142857,7,0.3333333333333333,12
elysium,Overpass,0.5,2,0.3333333333333333,12,0.0,5
eternal premium,Anubis,0.0,2,0.2222222222222222,9,0.5,12
ex-Astralis Talent,Ancient,0.4375,16,0.5714285714285714,84,0.43956043956043955,91
ex-Astralis Talent,Anubis,0.5,16,0.3026315789473684,76,0.4946236559139785,93
ex-Astralis Talent,Inferno,0.0,2,0.75,12,0.5,8
ex-Astralis Talent,Mirage,0.4375,16,0.475,80,0.4523809523809524,84
ex-Astralis Talent,Nuke,0.45454545454545453,22,0.5405405405405406,111,0.5227272727272727,132
ex-Astralis Talent,Train,0.6428571428571429,14,0.5757575757575758,66,0.618421052631579,76
ex-Chicken Coop,Ancient,0.25,8,0.375,48,0.42857142857142855,21
ex-Chicken Coop,Dust2,1.0,2,0.3333333333333333,9,0.4166666666666667,12
ex-Chicken Coop,Inferno,0.25,4,0.5,24,0.17647058823529413,17
ex-Chicken Coop,Mirage,0.5,2,0.625,8,0.6666666666666666,12
ex-Chicken Coop,Nuke,0.7,10,0.5434782608695652,46,0.6333333333333333,60
ex-Chicken Coop,Overpass,0.25,8,0.46153846153846156,39,0.5652173913043478,46
ex-Enterprise,Ancient,0.5,14,0.4657534246575342,73,0.53125,64
ex-Enterprise,Anubis,0.5,4,0.2777777777777778,18,0.7916666666666666,24
ex-Enterprise,Dust2,0.0,2,0.25,12,0.0,4
ex-Enterprise,Inferno,0.6666666666666666,6,0.5384615384615384,26,0.5277777777777778,36
ex-Enterprise,Mirage,0.6666666666666666,6,0.4444444444444444,36,0.5483870967741935,31
ex-Enterprise,Nuke,0.625,8,0.6086956521739131,46,0.35714285714285715,42
ex-Enterprise,Vertigo,0.75,4,0.5,24,0.5384615384615384,13
ex-Eternal Fire,Dust2,0.5,2,0.36363636363636365,11,0.5,12
ex-Eternal Fire,Nuke,1.0,2,0.4166666666666667,12,0.4,10
ex-Eternal Fire,Overpass,0.5,2,0.5,12,0.7,10
ex-GR,Ancient,0.5,2,0.25,8,0.4166666666666667,12
ex-GR,Anubis,1.0,2,0.3333333333333333,9,0.4166666666666667,12
ex-HEROIC Academy,Ancient,0.25,4,0.5555555555555556,18,0.5454545454545454,22
ex-HEROIC Academy,Dust2,0.75,4,0.7083333333333334,24,0.5714285714285714,14
ex-HEROIC Academy,Inferno,1.0,2,0.75,12,0.5714285714285714,7
ex-HEROIC Academy,Mirage,0.6666666666666666,6,0.4444444444444444,36,0.3125,16
ex-HEROIC Academy,Nuke,0.8333333333333334,6,0.6333333333333333,30,0.4722222222222222,36
ex-HEROIC Academy,Overpass,0.0,2,0.2222222222222222,9,0.5,12
ex-HEROIC Academy,Train,0.75,4,0.7222222222222222,18,0.5416666666666666,24
ex-Heimo,Ancient,1.0,2,0.5833333333333334,12,0.4166666666666667,12
ex-Heimo,Anubis,0.5,2,0.42857142857142855,7,0.8333333333333334,12
ex-Heimo,Dust2,0.5,2,0.3333333333333333,12,0.5,10
ex-Heimo,Inferno,0.5,2,0.6666666666666666,12,0.25,12
ex-Heimo,Mirage,0.5,2,0.3333333333333333,12,0.8181818181818182,11
ex-Heimo,Nuke,0.625,8,0.38461538461538464,39,0.5208333333333334,48
ex-Inner Circle,Ancient,0.5,4,0.5,24,0.3,20
ex-Inner Circle,Dust2,0.75,4,0.8333333333333334,24,0.5454545454545454,11
ex-Inner Circle,Mirage,0.5,4,0.4166666666666667,24,0.5652173913043478,23
ex-Inner Circle,Nuke,0.6,10,0.6363636363636364,55,0.56,50
ex-Inner Circle,Train,0.5,6,0.6111111111111112,36,0.5,14
ex-LEON,Ancient,1.0,2,0.8,10,0.4166666666666667,12
ex-LEON,Anubis,0.5,2,0.125,8,0.5,12
ex-LEON,Dust2,0.5,2,0.3333333333333333,12,0.2857142857142857,7
ex-NAVI Junior,Ancient,0.625,8,0.4166666666666667,24,0.625,48
ex-NAVI Junior,Dust2,0.5,2,0.8571428571428571,7,0.5833333333333334,12
ex-NAVI Junior,Inferno,0.8333333333333334,6,0.5,36,0.4857142857142857,35
ex-NAVI Junior,Mirage,1.0,4,0.9375,16,0.4583333333333333,24
ex-NAVI Junior,Nuke,0.5,2,0.5,12,0.5,12
ex-NAVI Junior,Train,0.5,2,0.9166666666666666,12,0.2222222222222222,9
ex-Permitta,Ancient,0.5,4,0.4583333333333333,24,0.8823529411764706,17
ex-Permitta,Anubis,0.4,10,0.4339622641509434,53,0.4791666666666667,48
ex-Permitta,Dust2,0.5,2,0.25,12,0.42857142857142855,7
ex-Permitta,Inferno,1.0,2,0.6666666666666666,12,1.0,5
ex-Permitta,Mirage,0.5714285714285714,14,0.5517241379310345,58,0.6216216216216216,74
ex-Permitta,Nuke,0.5,6,0.5277777777777778,36,0.45454545454545453,33
ex-Permitta,Train,0.5,2,0.25,12,0.0,4
ex-SABRE,Ancient,0.3333333333333333,18,0.38461538461538464,78,0.40594059405940597,101
ex-SABRE,Anubis,0.3333333333333333,12,0.4126984126984127,63,0.36507936507936506,63
ex-SABRE,Dust2,0.6666666666666666,6,0.6111111111111112,36,0.46153846153846156,26
ex-SABRE,Inferno,0.3333333333333333,6,0.35294117647058826,34,0.2916666666666667,24
ex-SABRE,Mirage,0.4444444444444444,18,0.4479166666666667,96,0.4,80
ex-SABRE,Overpass,0.5,2,0.5833333333333334,12,0.6,10
ex-SABRE,Train,0.3333333333333333,6,0.4444444444444444,36,0.6,20
ex-SPORT,Ancient,1.0,2,0.5,12,1.0,7
ex-SPORT,Anubis,0.5,2,0.4166666666666667,12,0.3333333333333333,9
ex-SPORT,Dust2,0.5,2,0.5,4,0.08333333333333333,12
ex-SPORT,Inferno,0.75,4,0.45,20,0.5,22
ex-SPORT,Mirage,0.0,2,0.0,4,0.25,12
ex-TALON,Anubis,0.6666666666666666,6,0.5357142857142857,28,0.5833333333333334,36
ex-TALON,Dust2,0.5833333333333334,24,0.5948275862068966,116,0.4855072463768116,138
ex-TALON,Inferno,0.5,16,0.4945054945054945,91,0.5232558139534884,86
ex-TALON,Mirage,0.6111111111111112,18,0.4659090909090909,88,0.5,82
ex-TALON,Nuke,0.5357142857142857,28,0.4774193548387097,155,0.5167785234899329,149
ex-TALON,Train,0.5,8,0.7317073170731707,41,0.5757575757575758,33
ex-UHKA,Ancient,1.0,2,0.5833333333333334,12,1.0,6
ex-UHKA,Anubis,0.25,4,0.4166666666666667,24,0.5833333333333334,24
ex-UHKA,Dust2,0.5,4,0.3333333333333333,24,0.2857142857142857,14
ex-UHKA,Inferno,0.25,4,0.5,24,0.5,24
ex-UHKA,Mirage,0.5,4,0.5416666666666666,24,0.3888888888888889,18
ex-UHKA,Train,0.5,2,0.5,8,0.25,12
ex-Vikings,Ancient,1.0,2,0.4166666666666667,12,0.5,12
ex-Vikings,Dust2,0.5,2,0.25,12,0.6666666666666666,12
ex-W7M,Ancient,0.45,20,0.5086206896551724,116,0.46153846153846156,78
ex-W7M,Anubis,0.8333333333333334,6,0.5483870967741935,31,0.3888888888888889,36
ex-W7M,Dust2,0.4090909090909091,22,0.41025641025641024,117,0.5175438596491229,114
ex-W7M,Inferno,0.5,16,0.49382716049382713,81,0.5425531914893617,94
ex-W7M,Nuke,0.4411764705882353,34,0.47474747474747475,198,0.47435897435897434,156
ex-W7M,Overpass,0.6363636363636364,22,0.6179775280898876,89,0.49242424242424243,132
ex-W7M,Train,0.5555555555555556,18,0.5753424657534246,73,0.5,100
famX,Dust2,0.5,6,0.625,16,0.8055555555555556,36
famX,Inferno,0.0,2,0.7,10,0.5,12
famX,Mirage,0.8333333333333334,6,0.6,35,0.42857142857142855,28
famX,Nuke,0.0,2,0.4166666666666667,12,0.14285714285714285,7
fightclub,Ancient,0.5,4,0.3684210526315789,19,0.4166666666666667,24
fightclub,Dust2,0.5,2,0.5454545454545454,11,0.3333333333333333,12
fightclub,Inferno,1.0,2,0.3333333333333333,12,0.75,12
fightclub,Mirage,0.3333333333333333,6,0.5,32,0.5806451612903226,31
fightclub,Vertigo,0.0,2,0.7272727272727273,11,0.4166666666666667,12
fish123,Ancient,0.4473684210526316,38,0.5416666666666666,192,0.514018691588785,214
fish123,Anubis,0.7,10,0.48148148148148145,54,0.7037037037037037,54
fish123,Dust2,0.5714285714285714,14,0.6375,80,0.45901639344262296,61
fish123,Inferno,0.75,8,0.5,48,0.7692307692307693,26
fish123,Mirage,0.4375,16,0.5882352941176471,85,0.3953488372093023,86
fish123,Nuke,0.75,32,0.6629213483146067,178,0.5070422535211268,142
fish123,Overpass,0.75,8,0.6444444444444445,45,0.3783783783783784,37
fish123,Train,0.5,2,0.4166666666666667,12,0.7272727272727273,11
fnatic,Ancient,0.42142857142857143,140,0.4830393487109905,737,0.4957865168539326,712
fnatic,Anubis,0.3181818181818182,44,0.4675925925925926,216,0.5241935483870968,248
fnatic,Dust2,0.5166666666666667,60,0.5321100917431193,327,0.511400651465798,307
fnatic,Inferno,0.45348837209302323,86,0.47392290249433106,441,0.5526881720430108,465
fnatic,Mirage,0.4112903225806452,124,0.518348623853211,654,0.4798136645962733,644
fnatic,Nuke,0.375,40,0.45089285714285715,224,0.485,200
fnatic,Overpass,0.55,20,0.5263157894736842,114,0.5,106
fnatic,Train,0.5784313725490197,102,0.578,500,0.48695652173913045,575
fnatic,Vertigo,0.4166666666666667,12,0.4807692307692308,52,0.44285714285714284,70
girl kissers,Ancient,1.0,4,0.4583333333333333,24,0.6818181818181818,22
girl kissers,Anubis,0.25,4,0.16666666666666666,24,0.4,10
girl kissers,Dust2,0.0,2,0.25,12,0.0,4
girl kissers,Mirage,0.25,4,0.26666666666666666,15,0.21052631578947367,19
girl kissers,Nuke,0.5,2,0.125,8,0.5,12
girl kissers,Train,0.5,2,0.6666666666666666,3,0.9166666666666666,12
harizma,Anubis,0.35714285714285715,14,0.36363636363636365,66,0.3142857142857143,70
harizma,Dust2,0.6,10,0.43859649122807015,57,0.4166666666666667,48
harizma,Inferno,0.25,12,0.2777777777777778,72,0.44680851063829785,47
harizma,Mirage,0.7142857142857143,14,0.5135135135135135,74,0.4430379746835443,79
harizma,Train,0.25,4,0.55,20,0.35294117647058826,17
hindsight,Ancient,0.6666666666666666,6,0.5,36,0.5588235294117647,34
hindsight,Inferno,0.3333333333333333,6,0.3055555555555556,36,0.6785714285714286,28
hindsight,Mirage,0.6666666666666666,6,0.6470588235294118,34,0.3888888888888889,36
hindsight,Nuke,0.3333333333333333,6,0.36363636363636365,33,0.6857142857142857,35
hypewrld,Ancient,0.6,10,0.6166666666666667,60,0.575,40
hypewrld,Anubis,0.875,8,0.5833333333333334,48,0.5142857142857142,35
hypewrld,Dust2,0.3,10,0.6607142857142857,56,0.45098039215686275,51
hypewrld,Inferno,0.2,10,0.48333333333333334,60,0.45714285714285713,35
hypewrld,Mirage,0.5555555555555556,18,0.524390243902439,82,0.5806451612903226,93
hypewrld,Nuke,0.16666666666666666,6,0.3333333333333333,36,0.5357142857142857,28
inSanitY,Ancient,0.375,8,0.425531914893617,47,0.42857142857142855,35
inSanitY,Anubis,0.6666666666666666,6,0.6388888888888888,36,0.34615384615384615,26
inSanitY,Dust2,0.7,10,0.5510204081632653,49,0.625,48
inSanitY,Inferno,0.55,20,0.5584415584415584,77,0.5,120
inSanitY,Mirage,0.25,16,0.2328767123287671,73,0.35135135135135137,74
inSanitY,Nuke,0.5,10,0.543859649122807,57,0.425531914893617,47
inSanitY fe,Ancient,0.5625,16,0.6172839506172839,81,0.41379310344827586,87
inSanitY fe,Anubis,0.16666666666666666,6,0.44,25,0.3611111111111111,36
inSanitY fe,Dust2,0.375,8,0.4642857142857143,28,0.5416666666666666,48
inSanitY fe,Mirage,0.25,4,0.25,24,0.5625,16
inSanitY fe,Nuke,0.5,6,0.2777777777777778,36,0.5,24
informmix,Ancient,0.5,2,0.08333333333333333,12,0.7777777777777778,9
informmix,Dust2,0.5,4,0.1875,16,0.4583333333333333,24
informmix,Inferno,0.5,2,0.3333333333333333,9,0.4166666666666667,12
informmix,Mirage,0.5,6,0.6923076923076923,26,0.5833333333333334,36
informmix,Nuke,0.5,2,0.25,12,0.42857142857142855,7
inputprayers,Anubis,0.5,4,0.4166666666666667,24,0.35294117647058826,17
inputprayers,Dust2,0.0,2,0.5,12,0.5,12
inputprayers,Inferno,0.5,2,0.2222222222222222,9,0.9166666666666666,12
inputprayers,Mirage,0.5,4,0.4,15,0.2916666666666667,24
inputprayers,Train,0.5,4,0.5,24,0.4090909090909091,22
jahsdnmasjdm,Ancient,0.5,2,0.4166666666666667,12,0.45454545454545453,11
jahsdnmasjdm,Inferno,0.5,2,0.4166666666666667,12,0.6666666666666666,12
jahsdnmasjdm,Mirage,1.0,4,0.42105263157894735,19,0.75,24
jahsdnmasjdm,Vertigo,0.0,2,0.6666666666666666,12,0.4166666666666667,12
justWgirls,Dust2,0.5,2,0.8888888888888888,9,0.4166666666666667,12
justWgirls,Mirage,0.5,2,0.4166666666666667,12,1.0,8
kONO,Ancient,0.515625,128,0.45248868778280543,663,0.5574712643678161,696
kONO,Anubis,0.525,40,0.39436619718309857,213,0.5814977973568282,227
kONO,Dust2,0.4666666666666667,90,0.4669421487603306,484,0.5030927835051546,485
kONO,Inferno,0.6052631578947368,76,0.5655737704918032,366,0.5656565656565656,396
kONO,Mirage,0.5128205128205128,78,0.5127020785219399,433,0.49385749385749383,407
kONO,Nuke,0.6190476190476191,42,0.5576036866359447,217,0.5677083333333334,192
kONO,Overpass,0.375,16,0.4722222222222222,72,0.40229885057471265,87
kONO,Train,0.46875,32,0.5471698113207547,159,0.3772455089820359,167
kONO,Vertigo,0.5833333333333334,24,0.4609375,128,0.5826771653543307,127
kz5,Inferno,0.5,2,0.3333333333333333,3,0.08333333333333333,12
kz5,Mirage,0.0,2,0.0,2,0.08333333333333333,12
kz5,Nuke,0.5,2,0.25,12,0.42857142857142855,7
lajtbitexe,Anubis,0.5,6,0.3611111111111111,36,0.7142857142857143,35
lajtbitexe,Inferno,0.16666666666666666,6,0.52,25,0.4166666666666667,36
lajtbitexe,Mirage,0.25,4,0.25,24,0.2,10
lajtbitexe,Nuke,0.75,4,0.5416666666666666,24,0.3157894736842105,19
lajtbitexe,Vertigo,0.75,4,0.4782608695652174,23,0.5833333333333334,24
los kogutos,Ancient,0.4375,16,0.3902439024390244,82,0.4634146341463415,82
los kogutos,Anubis,0.125,8,0.2894736842105263,38,0.45652173913043476,46
los kogutos,Dust2,0.75,4,0.3333333333333333,24,0.23076923076923078,13
los kogutos,Mirage,0.2857142857142857,14,0.5416666666666666,72,0.475,80
los kogutos,Nuke,0.625,16,0.5340909090909091,88,0.5,92
los kogutos,Overpass,0.5,2,0.3333333333333333,12,0.0,5
los kogutos,Vertigo,0.5,2,0.5,12,0.36363636363636365,11
m0nSt3rS,Mirage,0.5,2,0.5,10,0.6666666666666666,12
m0nSt3rS,Nuke,1.0,2,0.5,12,0.6363636363636364,11
m1x,Ancient,0.6,40,0.5,222,0.5070422535211268,213
m1x,Anubis,0.5,4,0.25,24,0.1111111111111111,9
m1x,Dust2,0.5454545454545454,22,0.5338983050847458,118,0.5166666666666667,120
m1x,Inferno,1.0,6,0.4444444444444444,36,0.4375,32
m1x,Mirage,0.5333333333333333,30,0.5153846153846153,130,0.5028571428571429,175
m1x,Overpass,0.5,4,0.625,24,0.23809523809523808,21
m1x,Train,0.375,24,0.3958333333333333,144,0.42990654205607476,107
mXm,Ancient,0.5,2,0.6666666666666666,12,0.3333333333333333,12
mXm,Dust2,0.0,2,0.0,5,0.3333333333333333,12
mXm,Inferno,0.0,2,0.375,8,0.3333333333333333,12
mXm,Mirage,0.5,2,0.6666666666666666,9,0.5833333333333334,12
mYinsanity,Ancient,1.0,2,0.16666666666666666,12,0.6666666666666666,9
mYinsanity,Anubis,0.5,2,0.16666666666666666,12,0.75,12
mYinsanity,Dust2,0.25,4,0.43478260869565216,23,0.5,24
mYinsanity,Inferno,0.0,2,0.3333333333333333,12,0.16666666666666666,6
megoshort,Ancient,0.5555555555555556,18,0.5108695652173914,92,0.3942307692307692,104
megoshort,Dust2,0.25,4,0.2916666666666667,24,0.1,10
megoshort,Inferno,0.5,6,0.4722222222222222,36,0.4642857142857143,28
megoshort,Mirage,0.6,10,0.46511627906976744,43,0.42857142857142855,56
megoshort,Nuke,0.5,8,0.22916666666666666,48,0.3181818181818182,22
megoshort,Train,0.5,4,0.5,24,0.38095238095238093,21
megoshort,Vertigo,1.0,2,0.8333333333333334,12,0.16666666666666666,12
mindshock,Ancient,0.5,2,0.2,10,0.5833333333333334,12
mindshock,Anubis,0.25,4,0.47058823529411764,17,0.5833333333333334,24
mindshock,Inferno,0.5,4,0.42857142857142855,21,0.36363636363636365,22
mindshock,Nuke,0.5,2,0.6666666666666666,12,0.3333333333333333,12
modeame,Ancient,0.35714285714285715,14,0.4827586206896552,58,0.5333333333333333,75
modeame,Anubis,1.0,2,0.6666666666666666,9,0.5833333333333334,12
modeame,Dust2,0.5,6,0.2,30,0.59375,32
modeame,Inferno,0.25,4,0.25,24,0.38461538461538464,13
modeame,Mirage,0.5,14,0.463768115942029,69,0.352112676056338,71
modeame,Nuke,0.25,4,0.2916666666666667,24,0.3076923076923077,13
modeame,Train,0.5,2,0.0,4,0.25,12
moneyF,Ancient,0.75,8,0.4146341463414634,41,0.6190476190476191,42
moneyF,Anubis,0.5,4,0.375,24,0.47619047619047616,21
moneyF,Dust2,0.75,4,0.625,24,0.5238095238095238,21
moneyF,Inferno,0.5,2,0.08333333333333333,12,0.7142857142857143,7
moneyF,Mirage,1.0,2,0.6666666666666666,12,0.45454545454545453,11
moneytrees,Ancient,0.5,6,0.42424242424242425,33,0.4411764705882353,34
moneytrees,Anubis,0.5,2,0.3333333333333333,12,0.6666666666666666,12
mskLANERS,Ancient,1.0,2,1.0,4,0.75,12
mskLANERS,Dust2,0.5,2,0.4166666666666667,12,0.25,8
mskLANERS,Mirage,0.5,2,0.4,5,0.16666666666666666,12
nomercy fe,Ancient,0.25,8,0.22580645161290322,31,0.4166666666666667,48
nomercy fe,Anubis,0.75,4,0.5,16,0.5833333333333334,24
nomercy fe,Dust2,0.5,4,0.4,10,0.5833333333333334,24
nomercy fe,Inferno,0.5,2,0.3333333333333333,12,0.375,8
nomercy fe,Mirage,0.5,8,0.5294117647058824,34,0.3333333333333333,42
nomercy fe,Nuke,0.25,4,0.5833333333333334,24,0.30434782608695654,23
okfjong,Anubis,0.0,2,0.25,12,0.3333333333333333,6
okfjong,Mirage,0.5,2,0.4166666666666667,12,0.0,6
paiN,Ancient,0.5,12,0.5694444444444444,72,0.3584905660377358,53
paiN,Anubis,0.4230769230769231,26,0.3939393939393939,132,0.5373134328358209,134
paiN,Dust2,0.5303030303030303,66,0.5126760563380282,355,0.5040871934604905,367
paiN,Inferno,0.6060606060606061,66,0.4543010752688172,372,0.4864864864864865,333
paiN,Mirage,0.5142857142857142,70,0.5378151260504201,357,0.5,364
paiN,Nuke,0.5,64,0.5673076923076923,312,0.4700854700854701,351
paiN,Overpass,0.0,2,0.3333333333333333,12,0.4444444444444444,9
paiN,Train,0.5,8,0.26666666666666666,45,0.42424242424242425,33
paiN,Vertigo,0.5,22,0.5365853658536586,123,0.5462184873949579,119
paiN Academy,Ancient,0.4166666666666667,12,0.3114754098360656,61,0.5245901639344263,61
paiN Academy,Anubis,0.3333333333333333,6,0.3888888888888889,36,0.6875,32
paiN Academy,Dust2,0.5,8,0.5625,48,0.41304347826086957,46
paiN Academy,Inferno,0.4,10,0.46153846153846156,52,0.4444444444444444,54
paiN Academy,Mirage,0.08333333333333333,12,0.484375,64,0.3939393939393939,66
paiN Academy,Nuke,0.16666666666666666,6,0.3611111111111111,36,0.6,25
paiN Academy,Train,0.5,4,0.17647058823529413,17,0.625,24
panelinha,Nuke,0.0,2,0.5833333333333334,12,0.2727272727272727,11
panelinha,Vertigo,0.5,2,0.7777777777777778,9,0.5,12
personaa,Ancient,0.0,2,0.14285714285714285,7,0.4166666666666667,12
personaa,Mirage,0.5,2,0.4166666666666667,12,0.4,10
privateshow,Ancient,1.0,2,0.5,12,0.2222222222222222,9
privateshow,Inferno,1.0,2,0.25,12,0.6363636363636364,11
privateshow,Mirage,0.5,2,0.16666666666666666,12,0.9166666666666666,12
red demon,Ancient,0.75,4,0.5416666666666666,24,0.5833333333333334,12
red demon,Anubis,0.5,2,0.3333333333333333,12,0.5833333333333334,12
red demon,Dust2,0.5,2,0.5714285714285714,7,0.16666666666666666,12
red demon,Inferno,0.5,4,0.7333333333333333,15,0.26666666666666666,15
red demon,Mirage,0.5,2,0.45454545454545453,11,0.6666666666666666,12
regain,Ancient,0.6666666666666666,24,0.4166666666666667,120,0.5304347826086957,115
regain,Anubis,0.42857142857142855,14,0.3373493975903614,83,0.6031746031746031,63
regain,Dust2,0.5,4,0.7058823529411765,17,0.35714285714285715,14
regain,Inferno,0.42857142857142855,14,0.4791666666666667,48,0.6785714285714286,84
regain,Mirage,0.4166666666666667,24,0.47183098591549294,142,0.5192307692307693,104
regain,Overpass,0.0,2,0.3333333333333333,12,0.0,5
regain,Train,0.0,2,0.0,4,0.25,12
regnum4games,Ancient,0.75,4,0.631578947368421,19,0.5833333333333334,24
regnum4games,Dust2,0.75,4,0.6666666666666666,24,0.5882352941176471,17
regnum4games,Inferno,1.0,2,0.4166666666666667,12,0.5833333333333334,12
regnum4games,Nuke,0.5,2,0.5,12,0.7777777777777778,9
seoul,Ancient,0.75,4,0.5,22,0.47619047619047616,21
seoul,Anubis,0.3333333333333333,6,0.375,32,0.6,30
seoul,Dust2,0.125,8,0.43243243243243246,37,0.4375,48
seoul,Nuke,0.16666666666666666,6,0.35714285714285715,28,0.36363636363636365,33
seoul,Train,0.5,2,0.5,12,0.2222222222222222,9
shinigami,Ancient,0.5,2,0.4166666666666667,12,0.8,10
shinigami,Dust2,0.5,4,0.7083333333333334,24,0.42105263157894735,19
shinigami,Inferno,0.16666666666666666,6,0.3333333333333333,27,0.19230769230769232,26
shinigami,Mirage,0.5,4,0.3157894736842105,19,0.5,24
shinigami,Nuke,0.5,4,0.35294117647058826,17,0.375,24
shinigami,Overpass,0.75,4,0.5333333333333333,15,0.5833333333333334,24
showmakerz,Ancient,0.5,2,0.3333333333333333,12,0.2857142857142857,7
showmakerz,Anubis,0.5,2,0.4166666666666667,12,0.5833333333333334,12
showmakerz,Inferno,1.0,2,0.25,12,0.42857142857142855,7
showmakerz,Mirage,0.5,2,0.4,10,0.4166666666666667,12
spargo,Dust2,0.0,2,0.5833333333333334,12,0.3333333333333333,12
spargo,Inferno,1.0,2,0.5,12,0.7777777777777778,9
spargo,Mirage,0.75,4,0.4166666666666667,24,0.5652173913043478,23
spargo,Nuke,0.5,4,0.5263157894736842,19,0.2916666666666667,24
st4rboys,Ancient,0.35714285714285715,14,0.30952380952380953,84,0.5,60
st4rboys,Anubis,0.625,8,0.5116279069767442,43,0.2926829268292683,41
st4rboys,Dust2,0.25,4,0.20833333333333334,24,0.6470588235294118,17
st4rboys,Inferno,0.0,2,0.3333333333333333,12,0.8181818181818182,11
st4rboys,Mirage,0.75,8,0.46153846153846156,39,0.4583333333333333,48
st4rboys,Nuke,0.0,2,0.5833333333333334,12,0.5,12
st4rboys,Train,0.5,2,0.4166666666666667,12,0.0,6
straykids,Inferno,0.0,2,0.2222222222222222,9,0.5,12
straykids,Nuke,0.0,2,0.25,12,0.0,4
suxeN,Anubis,0.5,2,0.16666666666666666,12,0.75,12
suxeN,Mirage,0.5,2,0.5,6,0.16666666666666666,12
thekillaz fe,Ancient,0.3684210526315789,38,0.41304347826086957,184,0.5024390243902439,205
thekillaz fe,Anubis,0.5625,16,0.5138888888888888,72,0.5232558139534884,86
thekillaz fe,Dust2,0.4166666666666667,12,0.423728813559322,59,0.6567164179104478,67
thekillaz fe,Inferno,0.4166666666666667,12,0.3898305084745763,59,0.41935483870967744,62
thekillaz fe,Mirage,0.3125,16,0.3103448275862069,87,0.3684210526315789,57
thekillaz fe,Nuke,0.5833333333333334,12,0.46153846153846156,52,0.47540983606557374,61
timbermen,Ancient,0.375,24,0.5630252100840336,119,0.5169491525423728,118
timbermen,Anubis,0.6,10,0.41509433962264153,53,0.5490196078431373,51
timbermen,Dust2,0.625,8,0.55,40,0.2894736842105263,38
timbermen,Mirage,0.38235294117647056,34,0.5602836879432624,141,0.41,200
timbermen,Nuke,0.5,12,0.5633802816901409,71,0.4888888888888889,45
timbermen,Vertigo,0.5,2,0.0,6,0.4166666666666667,12
undeRRRated,Ancient,1.0,2,0.42857142857142855,7,0.25,12
undeRRRated,Anubis,0.3333333333333333,6,0.3611111111111111,36,0.5517241379310345,29
undeRRRated,Dust2,0.6666666666666666,6,0.5483870967741935,31,0.45454545454545453,33
undeRRRated,Inferno,0.25,4,0.7083333333333334,24,0.42857142857142855,21
undeRRRated,Nuke,0.3333333333333333,6,0.39285714285714285,28,0.3888888888888889,36
undefined,Ancient,0.6666666666666666,6,0.5428571428571428,35,0.5652173913043478,23
undefined,Anubis,0.5,2,0.6666666666666666,12,0.625,8
undefined,Dust2,0.5,10,0.4634146341463415,41,0.5423728813559322,59
undefined,Inferno,0.7,10,0.4878048780487805,41,0.6862745098039216,51
undefined,Mirage,0.6666666666666666,12,0.5606060606060606,66,0.46153846153846156,65
undefined,Nuke,0.75,4,0.5416666666666666,24,0.5714285714285714,21
way2go,Ancient,0.5,4,0.5555555555555556,18,0.25,24
way2go,Dust2,0.7,10,0.5,58,0.43636363636363634,55
way2go,Inferno,0.75,4,0.8235294117647058,17,0.5,24
way2go,Mirage,0.5,12,0.6071428571428571,56,0.5970149253731343,67
way2go,Nuke,0.5,8,0.43478260869565216,46,0.5869565217391305,46
way2go,Overpass,0.5,2,0.5,12,0.6363636363636364,11
way2go,Train,0.0,2,0.4166666666666667,12,0.14285714285714285,7
wwaves,Ancient,0.5,4,0.5,22,0.55,20
wwaves,Dust2,0.3,10,0.5490196078431373,51,0.5,58
wwaves,Inferno,0.5,2,0.4166666666666667,12,0.5,12
wwaves,Mirage,0.5,2,0.4166666666666667,12,0.4,10
wwaves,Nuke,0.25,4,0.4166666666666667,24,0.46153846153846156,13
wwaves,Overpass,1.0,2,0.4166666666666667,12,0.5,12
wwaves,Train,0.5,2,0.08333333333333333,12,0.3333333333333333,3
xdasdf,Ancient,0.5,2,0.5,12,0.5,12
xdasdf,Nuke,0.5,2,0.75,8,0.08333333333333333,12
yngods,Mirage,0.5,2,0.5833333333333334,12,0.3333333333333333,12
yngods,Nuke,0.5,2,0.14285714285714285,7,0.4166666666666667,12
yngods,Overpass,0.5,2,0.6666666666666666,12,0.8333333333333334,6
É MÁFIA,Dust2,0.0,2,0.0,7,0.5,12
É MÁFIA,Overpass,0.0,2,0.25,12,0.42857142857142855,7
Þór,Anubis,1.0,2,0.5,10,0.3333333333333333,12
Þór,Dust2,1.0,2,0.75,12,0.25,12
Þór,Nuke,0.5,2,0.75,12,0.4444444444444444,9
